Workbook
Name 입력조건: #REF!
Name 입력조건: #REF!
Name 입력조건: #REF!
Name 입력조건: #REF!
Name 입력조건: #REF!
Name 입력조건: #REF!
Name 입력조건: #REF!
Name 입력조건: #REF!
Name 입력조건: #REF!
Name 입력조건: #REF!
Name 입력조건: #REF!
Name 입력조건: #REF!
Name 입력조건: #REF!
Name 입력조건: #REF!
Name 입력조건: #REF!
Name 입력조건: #REF!
Name 입력조건: #REF!
Name 입력조건: #REF!
Name 입력조건: #REF!
Name 판정기준: #REF!
Name 판정기준: #REF!
Name 판정기준: #REF!
Name 판정기준: #REF!
Name 판정기준: #REF!
Name 판정기준: #REF!
Name 판정기준: #REF!
Name 판정기준: #REF!
Name 판정기준: #REF!
Name 판정기준: #REF!
Name 판정기준: #REF!
Name 판정기준: #REF!
Name 판정기준: #REF!
Name 판정기준: #REF!
Name 판정기준: #REF!
Name 판정기준: #REF!
Name 판정기준: #REF!
Name 판정기준: #REF!
Name 판정기준: #REF!
Name 항목: #REF!
Name 항목: #REF!
Name 항목: #REF!
Name 항목: #REF!
Name 항목: #REF!
Name 항목: #REF!
Name 항목: #REF!
Name 항목: #REF!
Name 항목: #REF!
Name 항목: #REF!
Name 항목: #REF!
Name 항목: #REF!
Name 항목: #REF!
Name 항목: #REF!
Name 항목: #REF!
Name 항목: #REF!
Name 항목: #REF!
Name 항목: #REF!
Name 항목: #REF!

Sheet HISTORY
A1: TestCase 변경 HISTORY | L1: 품명: BLTN_CAM
L2: 제정일자 2021- -
A3: Rev | B3: 구분 | C3: 탭 | D3: TC ID | E3: 항목 | F3: 내용 | G3: 사양구분 | H3: 사유 | I3: LCR No | J3: 적용 일자 | K3: 작성자 | L3: 자동화 동기화 여부
A4: 0 | B4: 최초작성 시작 | C4: - | E4: - | F4: - | H4: - | J4: 2021-10-13
A5: Ex) 2504_04 | B5: 추가 | C5: 저장메모리 및 파일관리 | D5: MEM_038 | E5: [SD카드 사용자 조건] (1) | F5: 녹화 파일 전/후방 영상 중 하나 삭제 시 영향성 확인 | J5: 46153 | K5: 장빈 | L5: X
B6: 수정 | C6: 보조배터리 연동기능 | D6: BAT_056 | E6: [M-LBM 적용 차종] 녹화 동작 사양 -2 | F6: 모션 녹화 120시간 5% 허용오차 내용 추가 | L6: X
A7: 260527 | B7: 추가 | C7: 주행 중 녹화 기능 | D7: OWD_003, OWD_005, OWD_007, OWD_011, OWD_019, OWD_025 | E7: 3세대 4CH 관련 해상도 및 저장공간 관련 사양 변경, 소모 전력 값 변경 | F7: ※ 세부 내용은 관련 TC에 기입 4CH 관련 해상도 및 저장공간 관련 사양 변경 - 전,후방 카메라 3840 x 2160 @ 30FPS - 측방 카메라(3M) 1280 x 1440 @ 30FPS - 썸네일 해상도 전,후방 640 x 360 90kbyte 이하 - 썸네일 해상도 좌,우축방 320 * 360 90kbyte 이하 소모전력 - 주행 상시 : 2CH 10W이하, 4CH 13W 이하 - 주차 상시 : 2CH 7.5W이하, 4CH 9W 이하 | J7: 46169 | K7: 장빈 | L7: X
C8: 주차 후 녹화 기능 | D8: OWP_002, OWP_003, OWP_005, OWP_007, OWP_011, OWP_014, OWP_017, OWP_020, OWP_023 | L8: X
C9: HU연동기능 | D9: HU_007 | L9: X
C10: 모바일 앱 연동기능 | D10: APP_010,APP_011, APP_012 | L10: X
C11: 표시 관련 서비스 | D11: IND_001 | L11: X
C12: 커넥티드 관련 서비스 | D12: CCS_011 | L12: X
C13: 차량정보 저장기능 | D13: INF_001 | L13: X
C14: 파일 재생 및 편집 | D14: FIL_009 | L14: X
C15: 저장메모리 및 파일관리 | D15: MEM_005 , MEM_006 MEM_009 , MEM_010 | L15: X
C16: 동작성능 | D16: PER_001, PER_012 | L16: X

Sheet 표지
D1: 기능 검증 보고서 | J1: 작 성 | L1: 검 토 | N1: 승 인
A4: 문서 번호 | C4: 2.5세대 플랫폼 23.25.A0.11.03 기능 검증 | H4: 검증 목적 | J4: 플랫폼 개정 사양에 대한 기능 정합성 및 동작 유효성 검증
A5: 품 명 | C5: 빌트인캠 2.5세대 | H5: 기 간 | J5: 2026
A6: 참조 스펙 | C6: 01_System_Spec_BLTN_CAM_v2_4(20260115).docx | H6: 담 당
A7: 플랫폼 Ver. | C7: 23.25.A0.11.03
A8: CAN DB Ver. | C8: 20230523_STD_DB_CAR_2021_HS_B2_v23.05.01.dbc | H8: LIN DB Ver. | J8: P-LBM_LIN_DB_A_01.ldf
B9: 차종 | C9: 이벤트 | D9: HU 타입 | E9: HU Ver. | G9: 주차 전원 | H9: H/W Ver. | J9: 진단/OTA | M9: 이더넷 속도
A10: 1 | B10: JK1 PE RUS | D10: ccIC | E10: JX1PE.KOR.ccNC.000.605.230831 | H10: 1.00
A11: 2
A15: No | B15: 항목 | G15: 총 TC 수 | H15: 실행 TC 수 | I15: 결과 | K15: 판정 | L15: 개선 검증 | M15: 비고
I16: 적합 | J16: 부적합
A17: 1 | B17: 녹화 제어 | C17: 주행 중 녹화 관련 기능 | G17: =COUNT('주행 중 녹화 기능'!C:C) -> 387 | H17: =SUM(I17:J17) -> 153 | I17: =COUNTIF('주행 중 녹화 기능'!J:J,"Pass") -> 153 | J17: =COUNTIF('주행 중 녹화 기능'!J:J,"Fail") -> 0 | K17: Fail | L17: Pass | M17: 23.25.A0.11.03 #2 개선확인
A18: 2 | C18: 주차 녹화 관련 기능 | G18: =COUNT('주차 후 녹화 기능'!C:C) -> 297 | H18: =SUM(I18:J18) -> 105 | I18: =COUNTIF('주차 후 녹화 기능'!J:J,"Pass") -> 105 | J18: =COUNTIF('주차 후 녹화 기능'!J:J,"Fail") -> 0 | K18: Pass | L18: -
A19: 3 | B19: 연동 제어 | C19: 헤드 유닛 연동 기능 | G19: =COUNT('HU 연동기능'!C:C) -> 331 | H19: =SUM(I19:J19) -> 138 | I19: =COUNTIF('HU 연동기능'!J:J,"Pass") -> 138 | J19: =COUNTIF('HU 연동기능'!J:J,"Fail") -> 0 | K19: Pass | L19: -
A20: 4 | C20: 보조배터리 소모 전력 및 연동 기능 | G20: =COUNT('보조배터리 연동기능'!C:C) -> 480 | H20: =SUM(I20:J20) -> 75 | I20: =COUNTIF('보조배터리 연동기능'!J:J,"Pass") -> 75 | J20: =COUNTIF('보조배터리 연동기능'!J:J,"Fail") -> 0 | K20: Pass | L20: -
A21: 5 | C21: WiFi 연결 및 모바일 앱 연동 기능 | G21: =COUNT('모바일 앱 연동기능'!C:C) -> 115 | H21: =SUM(I21:J21) -> 0 | I21: =COUNTIF('모바일 앱 연동기능'!J:J,"Pass") -> 0 | J21: =COUNTIF('모바일 앱 연동기능'!J:J,"Fail") -> 0 | K21: Pass | L21: -
A22: 6 | C22: DCM 연동 기능 | G22: =COUNT('DCM 연동기능'!D:D) -> 732 | H22: =SUM(I22:J22) -> 0 | I22: =COUNTIF('DCM 연동기능'!O:O,"Pass") -> 0 | J22: =COUNTIF('DCM 연동기능'!O:O,"Fail") -> 0 | K22: Pass | L22: -
A23: 7 | B23: 서비스 제어 | C23: 빌트인캠 상태 정보 표시 관련 기능 | G23: =COUNT('표시 관련 서비스'!C:C) -> 109 | H23: =SUM(I23:J23) -> 48 | I23: =COUNTIF('표시 관련 서비스'!J:J,"Pass") -> 48 | J23: =COUNTIF('표시 관련 서비스'!J:J,"Fail") -> 0 | K23: Pass | L23: -
A24: 8 | C24: 커넥티드 관련 빌트인캠 상태 알림 관련 기능 | G24: =COUNT('커넥티드 관련 서비스'!C:C) -> 153 | H24: =SUM(I24:J24) -> 112 | I24: =COUNTIF('커넥티드 관련 서비스'!J:J,"Pass") -> 112 | J24: =COUNTIF('커넥티드 관련 서비스'!J:J,"Fail") -> 0 | K24: Pass | L24: -
A25: 9 | B25: 기타 제어 | C25: 주행 중 차량정보(메타데이터) 저장 기능 | G25: =COUNT('차량정보 저장기능'!C:C) -> 249 | H25: =SUM(I25:J25) -> 12 | I25: =COUNTIF('차량정보 저장기능'!J:J,"Pass") -> 12 | J25: =COUNTIF('차량정보 저장기능'!J:J,"Fail") -> 0 | K25: Pass | L25: -
A26: 10 | C26: 녹화 영상 및 소리 재생 및 편집 기능 | G26: =COUNT('파일 재생 및 편집'!C:C) -> 88 | H26: =SUM(I26:J26) -> 0 | I26: =COUNTIF('파일 재생 및 편집'!J:J,"Pass") -> 0 | J26: =COUNTIF('파일 재생 및 편집'!J:J,"Fail") -> 0 | K26: Pass | L26: -
A27: 11 | C27: 녹화 파일 정보 및 SD 카드 사양 확인 | G27: =COUNT('저장메모리 및 파일관리'!C:C) -> 410 | H27: =SUM(I27:J27) -> 0 | I27: =COUNTIF('저장메모리 및 파일관리'!J:J,"Pass") -> 0 | J27: =COUNTIF('저장메모리 및 파일관리'!J:J,"Fail") -> 0 | K27: Pass | L27: -
A28: 12 | C28: 실시간 영상 출력, 차량 모드, 업데이트 외 | G28: =COUNT('녹화 외 기본기능'!C:C) -> 116 | H28: =SUM(I28:J28) -> 25 | I28: =COUNTIF('녹화 외 기본기능'!J:J,"Pass") -> 25 | J28: =COUNTIF('녹화 외 기본기능'!J:J,"Fail") -> 0 | K28: Pass | L28: -
A29: 13 | B29: 동작 성능 | C29: 동작 성능 | G29: =COUNT('동작 성능'!C:C) -> 275 | H29: =SUM(I29:J29) -> 116 | I29: =COUNTIF('동작 성능'!J:J,"Pass") -> 116 | J29: =COUNTIF('동작 성능'!J:J,"Fail") -> 0 | K29: Pass | L29: -
A30: 14 | C30: 전기적 성능, 네트워크 동작 사양, 통신 정합성 외 | G30: =COUNT('비기능 외'!C:C) -> 313 | H30: =SUM(I30:J30) -> 196 | I30: =COUNTIF('비기능 외'!J:J,"Pass") -> 196 | J30: =COUNTIF('비기능 외'!J:J,"Fail") -> 0 | K30: Pass | L30: -
A31: 15 | B31: 진단 서비스 | C31: 고장진단, I/O Control 및 ERT기능 | G31: =COUNT('진단서비스 (1)'!C:C) -> 474 | H31: =SUM(I31:J31) -> 284 | I31: =COUNTIF('진단서비스 (1)'!J:J,"Pass") -> 284 | J31: =COUNTIF('진단서비스 (1)'!J:J,"Fail") -> 0 | K31: Pass | L31: -
A32: 16 | C32: ECU Identification 외 | G32: =COUNT('진단서비스 (2)'!C:C) -> 902 | H32: =SUM(I32:J32) -> 901 | I32: =COUNTIF('진단서비스 (2)'!J:J,"Pass") -> 901 | J32: =COUNTIF('진단서비스 (2)'!J:J,"Fail") -> 0 | K32: Pass | L32: -
A33: 17 | C33: Session, Communication Control 외 | G33: =COUNT('진단서비스 (3)'!C:C) -> 1499 | H33: =SUM(I33:J33) -> 1498 | I33: =COUNTIF('진단서비스 (3)'!J:J,"Pass") -> 1498 | J33: =COUNTIF('진단서비스 (3)'!J:J,"Fail") -> 0 | K33: Pass | L33: -
A34: Total | G34: =SUM(G17:G33) -> 6930 | H34: =SUM(H17:H33) -> 3663 | I34: =SUM(I17:I33) -> 3663 | J34: =SUM(J17:J33) -> 0 | K34: Pass
A35: ■ 부적합 개선 항목 1. 2. ■ 부적합 현황 1. 2. ■ 미검증 항목 1. 2. ※ 지역별 사양 1. 내수 - 2. 북미 - 3. 유럽 -

Sheet 매크로 실행
B2: 1. 자동화 검증 결과 | J2: 2. 사양 필터링 | M2: 3. 송부본 만들기
J11: 사양 선택
J12: 주차녹화_미지원
J16: 사양구분
J17: CAN사양_CAN
J18: CAN사양_CANFD
J19: 모션감지_지원
J20: OTA_HU기반
J21: OTA_CCU기반
J22: 주차녹화 전원_보조배터리
J23: 주차녹화 전원_eAGM
J24: 주차녹화 전원_LFP
J25: 주차녹화 전원_eAGM_PLBM
... J33: DCM_연동_SBCM X

Sheet 매크로 사용법
B2: 1. 매크로 기능 활성화
B45: 2. 매크로 기능 사용하기
B77: 3. 매크로 함수 수정
B78: 송부용으로 만들기 : 송부본 만들 시 사용되는 각 함수 포함
B79: 표지에있는매크로버튼 : 송부용_만들기 / 선택한사양_제외하기 / 자동화_풀검증 / 자동화_기본 검증
B80: ※ [송부용으로 만들기] 모듈에서 함수 추가 시에는 [표지에있는매크로버튼] 모듈에서 [송부용_만들기] 함수에서 Call 명령어로 함수 불러와야함

Sheet 테스트케이스 작성 주의사항
B4: 1. 엑셀 시트 이름/띄어쓰기 변경 하지 말것
B5: ※ 엑셀 시트 이름/띄어쓰기 OR 시트 추가 시에는 매크로 수정 필요
B8: 2. 열 삭제/추가 변경하지 말 것
B9: ※ 변경 시, 매크로 수정 필요
B12: 3. 2행에 있는 이름/띄어쓰기 변경 하지 말것
B13: ※ 변경 시, 매크로 수정필요
B16: <<신규 테스트 케이스 작성 주의 사항>>
B18: 1. 기존의 작성된 TC ID는 수정하지 말 것
B19: ※ 추적성 꺠짐 (ALM)
B21: 2. B1에 현재 작성된 TC ID 중 제일 큰 값 확인할 수 있으며, 해당 값 보다 증가하여 TC ID 부여할 것
B39: 3. Step 비어있는 값 없도록 확인할 것
B41: 4. 사양 구분 확인 할것
B42: ※ 신규 사양 구분 카테고리면 매크로 실행 탭에서 수정할 것

Sheet 주행 중 녹화 기능
A1: English Translation | B1: {="OWD_"&TEXT(MAX(IFERROR(--MID($B$2:$B$5006,5,3),0)),"000")} -> OWD_051 | D1: English Translation | E1: English Translation | H1: English Translation | I1: English Translation
A2: memo | B2: ID | C2: Step | D2: Verification items | E2: detail | F2: 전압 | G2: 전원 | H2: Execution Procedure | I2: Expected value | J2: 결과 | K2: 측정값 | L2: 비고 | N2: 매뉴얼 기본 | O2: 자동화 기본 | P2: 자동화 반영 | Q2: 사양구분 | R2: 과거차문제
A3: [BLTN_CAM-Function-001] Continuous Recording While Driving
A4: Check initial values ​​for continuous driving recording settings | B4: OWD_001 | C4: 1 | D4: [Continuous recording while driving] - (1) | E4: Check initial values ​​for continuous driving recording settings | F4: 12 V | G4: IGN | H4: ▪ ICUPowerAutoCutModesta = 0x0(Factory mode) → 0x2(Customer mode) ▪ Built-in Cam Main Screen ▪ [ccNC Settings] - [General] - [Reset] - [Delete Guest Profile / Reset System] - Check Default Values | I4: ▪ BLTN_CAM_RecSet_OWD = 0x1(OFF) : Initial value to OFF after changing from Factory mode to Customer mode | J4: Pass | N4: O | P4: O
C5: 2 | H5: ▪ Turn on Parking Continuous Recording (to check the initial value after FRS setup) ▪ [ccNC Settings] - [General] - [Reset] - [Delete Guest Profile / Reset System] | I5: ▪ Domestic/Japan/North America/Russia/Middle East BLTN_CAM_RecSet_OWD = 0x2(ON) : The default recording setting is ON when initialized after FRS setup operation ▪ Europe BLTN_CAM_RecSet_OWD = 0x1(OFF) : The default recording setting is OFF when initialized after FRS setup operation | J5: Pass | N5: O | P5: O
A6: Confirmation that continuous driving recording is not working in BLTN_CAM mode | B6: OWD_002 | C6: 1 | D6: [Continuous Recording While Driving] - (2) | E6: Confirmation that continuous driving recording is not working in BLTN_CAM mode | F6: 12 V | G6: IGN | H6: ▪ Check recording status signal | I6: ▪ BLTN_CAM_RecSta_OWD = 0x0(OFF) | J6: Pass | N6: O | O6: O | P6: O
C7: 2 | H7: ▪ Check front/rear camera indicator | I7: ▪ F/R-CAM_INDI = OFF | N7: O | O7: X | P7: X
C8: 3 | H8: ▪ Check EVENT_SW_INDI | I8: ▪ EVENT_SW_INDI = OFF | J8: Pass | N8: O | O8: O | P8: O
C9: 4 | E9: Confirmed non-operation of continuous driving recording in Engineer mode | F9: 12 V | G9: IGN | H9: ▪ Check recording status signal | I9: ▪ BLTN_CAM_RecSta_OWD = 0x0(OFF) | J9: Pass | O9: O | P9: O
C10: 5 | H10: ▪ Check front/rear camera indicator | I10: ▪ F/R-CAM_INDI = OFF | O10: X | P10: X
C11: 6 | H11: ▪ Check EVENT_SW_INDI | I11: ▪ EVENT_SW_INDI = OFF | J11: Pass | O11: O | P11: O
C12: 7 | E12: Check recording operation in AVN mode (IGN power) | F12: 12 V | G12: IGN | H12: ▪ Switch AVN screen ▪ Check recording status signal | I12: ▪ BLTN_CAM_RecSta_OWD = 0x1(Recoreding) ※ The signal delay between the actual recording time and the actual recording time will be 1 second. | J12: Pass | N12: O | O12: O | P12: O
C13: 8 | H13: ▪ Check the time taken to start recording (In Built-in Cam mode, the time is measured by the stopwatch as soon as the HOME button is pressed, and recorded as the time captured in the recording file) | I13: ▪ Recording starts within 4 seconds of exiting Built-in Cam mode | N13: O | O13: X | P13: X
C14: 9 | H14: ▪ Check front/rear camera indicator | I14: ▪ F/R-CAM_INDI = Blink - Blink Frequency: 0.5Hz(Duty : 50%) | N14: O | O14: X | P14: X
C15: 10 | H15: ▪ Check EVENT_SW_INDI | I15: ▪ EVENT_SW_INDI = ON | J15: Pass | N15: O | O15: O | P15: O
C16: 11 | E16: Check recording operation in AVN mode (ACC power) | F16: 12 V | G16: ACC | H16: ▪ Enter Built-in Cam Mode, stop recording, and exit. ▪ Check recording status signal. | I16: ▪ BLTN_CAM_RecSta_OWD = 0x1(Recoreding) | J16: Pass | N16: O | O16: O | P16: O
C17: 12 | H17: ▪ Check the time taken to start recording (In Built-in Cam mode, the time is measured by the stopwatch as soon as the HOME button is pressed, and recorded as the time captured in the recording file) | I17: ▪ Recording starts within 4 seconds of exiting Built-in Cam mode | N17: O | O17: X | P17: X
C18: 13 | H18: ▪ Check front/rear camera indicator | I18: ▪ F/R-CAM_INDI = Flash - Flash Frequency: 0.5Hz (Flash Duty: 50%) | N18: O | O18: X | P18: X
C19: 14 | H19: ▪ Check EVENT_SW_INDI | I19: ▪ EVENT_SW_INDI = ON | J19: Pass | N19: O | O19: O | P19: O
A20: Check Performance Recording Status Initial Value Performance recording applies only to specialized vehicle specifications. (CE1 KN) | B20: OWD_034 | C20: 1 | D20: [Performance Recording] - (1) | E20: Check Performance Recording Signal Initial Value | H20: ▪ ICUPowerAutoCutMode = 0x0(Factory mode) → 0x2(Customer mode) ▪ Built-in Cam Main Screen ▪ [ccNC Settings] - [General] - [Reset] - [Delete Guest Profile / Reset System] - Check Default Values | I20: ▪ BLTN_CAM_RecSta_BPR = 0x1(OFF) | P20: X | Q20: 퍼포먼스_지원
A21: Verification of Performance Recording operation and Verification of non-operation in BLTN_CAM Performance recording applies only to specialized vehicle specifications. (CE1 KN) | B21: OWD_035 | C21: 1 | D21: [Performance Recording] - (2) | E21: Verify performance recording operation in N mode | F21: 12V | G21: IGN | H21: ▪ Enter N Mode in AVN ▪ Touch N Race Cam "REC" to start recording ▪ Check Performance Recording Status Signal | I21: ▪ BLTN_CAM_RecSta_BPR = 0x1 (Recording) | P21: X | Q21: 퍼포먼스_지원
C22: 2 | H22: ▪ Check front/rear camera indicator | I22: ▪ F-CAM_INDI = ON, R-CAM_INDI = ON - Flashing Frequency: 0.5Hz (Duty : 50%) | P22: X | Q22: 퍼포먼스_지원
C23: 3 | H23: ▪ Check EVENT_SW_INDI | I23: ▪ EVENT_SW_INDI = ON | P23: X | Q23: 퍼포먼스_지원
C24: 4 | E24: Check recording status in the N Race Cam item of Performance Options. | F24: 12V | G24: IGN | H24: ▪ Performance recording in progress ▪ Enter Performance Options ▪ Check recording status of N Race Cam "REC" button among the items | I24: ▪ Performance recording proceeds without interruption (Recording count confirmed and recording indicator red confirmed) | P24: X | Q24: 퍼포먼스_지원
C25: 5 | H25: ▪ Check front/rear camera indicator | I25: ▪ F-CAM_INDI = ON, R-CAM_INDI = ON - Flashing Frequency: 0.5Hz (Duty : 50%) | P25: X | Q25: 퍼포먼스_지원
C26: 6 | H26: ▪ Check EVENT_SW_INDI | I26: ▪ EVENT_SW_INDI = ON | P26: X | Q26: 퍼포먼스_지원
C27: 7 | E27: Check recording status in the N Race Cam item of Performance Options. | F27: 12V | G27: IGN | H27: ▪ Performance recording in progress ▪ Enter Performance Options ▪ Touch the N Race Cam "File" button among the items | I27: ▪ Go to Built-in Cam Video Save List After Performance Ends | P27: X | Q27: 퍼포먼스_지원
C28: 8 | H28: ▪ Check front/rear camera indicator | I28: ▪ F/RCAM_INDI =OFF | P28: X | Q28: 퍼포먼스_지원
C29: 9 | H29: ▪ Check EVENT_SW_INDI | I29: ▪ EVENT_SW_INDI = ON | P29: X | Q29: 퍼포먼스_지원
C30: 10 | E30: Verify recording operation in AVN mode | F30: 12 V | G30: IGN | H30: ▪ Start Performance Recording ▪ Switch from N Mode to AVN Screen ▪ Check Recording Status Signal | I30: ▪ BLTN_CAM_RecSta_BPR = 0x1 (Recording) | P30: X | Q30: 퍼포먼스_지원
C31: 11 | H31: ▪ Check front/rear camera indicator | I31: ▪ F-CAM_INDI = ON, R-CAM_INDI = ON - Flashing Frequency: 0.5Hz (Duty : 50%) | P31: X | Q31: 퍼포먼스_지원
C32: 12 | H32: ▪ Check EVENT_SW_INDI | I32: ▪ EVENT_SW_INDI = ON | P32: X | Q32: 퍼포먼스_지원
C33: 13 | H33: ▪ Check the indicator on the display | I33: ▪ Indicator displayed during recording | P33: X | Q33: 퍼포먼스_지원
C34: 14 | E34: Confirmation of non-operation of performance recording in BLTN_CAM mode | F34: 12V | G34: IGN | H34: ▪ Start performance recording ▪ Enter built-in cam ▪ Check recording status signal | I34: ▪ BLTN_CAM_RecSta_BPR = 0x0 (OFF) | P34: X | Q34: 퍼포먼스_지원
C35: 15 | H35: ▪ Check front/rear camera indicator | I35: ▪ F/R-CAM_INDI = OFF | P35: X | Q35: 퍼포먼스_지원
C36: 16 | H36: ▪ Check EVENT_SW_INDI | I36: ▪ EVENT_SW_INDI = OFF | P36: X | Q36: 퍼포먼스_지원
C37: 17 | H37: ▪ Check the indicator on the display | I37: ▪ Indicator not showing recording | P37: X | Q37: 퍼포먼스_지원
A38: Confirm recording file creation (3 minutes) - Create 3 1-minute recording files | B38: OWD_003 | C38: 1 | D38: [Continuous Recording While Driving] - (3) | E38: Confirm recording file creation (3 minutes) - Create 3 1-minute recording files | F38: 12 V | G38: IGN | H38: ▪ 3-Minute Standby ▪ Built-in Cam Main Screen ▪ [Always On While Driving] Check Storage Box | I38: ▪ Thumbnail and video name (date and time) should be verified correctly. ▪ Four videos (Front + Rear + Side - 60 sec) should be combined and displayed as a single group. | O38: X | P38: X
C39: 2 | H39: ▪ Play generated recording file | I39: ▪ There should be no issues with video tearing, black screens, noise, or video color. | O39: X | P39: X
C40: 3 | E40: Check recording file specifications | F40: 12 V | G40: IGN | H40: ▪ Check the generated recording file on the PC | I40: ▪ Video saving/playback frame rate 30 FPS | N40: O | O40: X | P40: X
C41: 4 | I41: ▪ 3rd Generation: 3840 * 2160 (Front/Rear Camera) 1280 * 1440 (Side Camera) (3M) ▪ Voice Recording Available (Domestic/Japan/North America/Russia) Voice Recording Not Available (Europe/Middle East) | N41: O | O41: X | P41: X
C42: 5 | I42: ▪ No horizontal flip of the video | N42: O | O42: X | P42: X
C43: 6 | E43: Check for abnormalities while maintaining driving recording for 5 minutes or more. | F43: 12 V | G43: IGN | H43: ▪ Driving recording in progress ▪ Monitoring BLTN_CAM_RecSet_OWD signal for 5 minutes | I43: ▪ BLTN_CAM_RecSet_OWD signal remains ON (Will not turn OFF at the time of recording file creation) | N43: O | O43: X | P43: △
C44: 7 | E44: Check that the continuous driving recording setting is OFF. | F44: 12 V | G44: IGN | H44: ▪ Built-in Cam Main Screen ▪ [Settings] - [Recording] - [Recording While Driving] - Continuous Recording Setting OFF | I44: ▪ BLTN_CAM_RecSet_OWD = 0x1(OFF) | J44: Pass | O44: O | P44: O
C45: 8 | E45: Confirmation that continuous driving recording does not operate when recording setting is OFF | F45: 12 V | G45: IGN | H45: ▪ Switch AVN screen ▪ Check recording status signal | I45: ▪ BLTN_CAM_RecSta_OWD = 0x0(OFF) | J45: Pass | O45: O | P45: O
C46: 9 | H46: ▪ Check front/rear camera indicator | I46: ▪ F/R-CAM_INDI = OFF | O46: X | P46: X
C47: 10 | E47: Separate group index when date changes during recording | F47: 12 V | G47: IGN | H47: ▪ Driving recording starts at 23:58:30 ▪ After 3 minutes, 3 recording files are created, then check the driving recording video list | I47: ▪ Created as 2 recording groups - 23:58:30 ~ 00:00:30 - 00:00:30 ~ 00:01:30 | O47: X | P47: X
A48: Confirmation of Performance Recording File Creation - Display Single Group Index Performance recording applies only to specialized vehicle specifications. (CE1 KN) | B48: OWD_036 | C48: 1 | D48: [Performance Recording] - (3) | E48: Confirm recording file creation - Create single group | F48: 12V | G48: IGN | H48: ▪ Built-in Cam Main Screen ▪ Check Performance Video List | I48: ▪ Thumbnail and video name (date and time) should be verified correctly. ▪ Front video should be displayed as a single group (rear video is not recorded). | P48: X | Q48: 퍼포먼스_지원
C49: 2 | H49: ▪ Play generated recording file | I49: ▪ There should be no issues with video tearing, black screens, noise, or video color. | P49: X | Q49: 퍼포먼스_지원
C50: 3 | E50: Check recording file specifications | F50: 12 V | G50: IGN | H50: ▪ Check the generated recording file on the PC | I50: ▪ Video saving / playback frame rate 30 FPS | P50: X | Q50: 퍼포먼스_지원
C51: 4 | I51: ▪ Resolution 3840 x 2160 (4K), voice recording included | P51: X | Q51: 퍼포먼스_지원
C52: 5 | I52: ▪ No horizontal flip of the video | P52: X | Q52: 퍼포먼스_지원
C53: 6 | E53: Check status to maintain performance recording for over 1 hour | F53: 12 V | G53: IGN | H53: ▪ Performance recording in progress (1 hour or longer) ▪ Check BLTN_CAM_RecSta_BPR signal | I53: ▪ BLTN_CAM_RecSta_BPR = 0x0 (OFF) ▪ No continuous saving | P53: X | Q53: 퍼포먼스_지원
C54: 7 | F54: 12 V | G54: IGN | H54: ▪ Check indicator/continuous saving status | I54: ▪ Blinks yellow for 3 seconds, then transitions to gray ▪ Does not save continuously | P54: X | Q54: 퍼포먼스_지원
C55: 8 | E55: Confirmation of non-operation of performance recording | F55: 12 V | G55: IGN | H55: ▪ Check front/rear camera indicator | I55: ▪ F/R-CAM_INDI = OFF | P55: X | Q55: 퍼포먼스_지원
C56: 9 | H56: ▪ Check the indicator on the display | I56: ▪ Indicator not showing recording | P56: X | Q56: 퍼포먼스_지원
C57: 10 | E57: Check group index if date changes during recording | F57: 12 V | G57: IGN | H57: ▪ Driving recording starts at 23:58:30 ▪ Check driving recording video list after 3 minutes | I57: ▪Single group will be created - 23:58:30 ~ 00:01:30 | P57: X | Q57: 퍼포먼스_지원
A58: Check the recording file after entering parking recording. | B58: OWD_004 | C58: 1 | D58: [Continuous Recording While Driving] - (4) | E58: Check the recording file after entering parking recording. | F58: 12 V | G58: IGN | H58: ▪ Turn KEY OFF to enter Parking Recording (Records for 10 seconds) ▪ Turn ACC and IGN ON to start Driving Recording (Records for 10 seconds) ▪ Repeat the above 5 times, then check the [Always Recording While Driving] box | I58: ▪ Thumbnail and video name (date and time) should be verified correctly | N58: O | P58: X
C59: 2 | H59: ▪ Play generated recording file | I59: ▪ There should be no issues with video tearing, black screens, noise, or video color. | N59: O | P59: X
C60: 3 | E60: Check whether recording is performed after repeatedly turning IGN ON/OFF | F60: 12 V | G60: IGN | H60: ▪ Repeat ACC & IGN ON/OFF quickly 20 times ▪ ACC & IGN ON ▪ Check recording status signal | I60: ▪ BLTN_CAM_RecSet_OWD = 0x2(ON) | J60: Pass | N60: O | P60: O
C61: 4 | H61: ▪ Check front/rear camera indicator | I61: ▪ F/R-CAM_INDI = Flash - Flash Frequency: 0.5Hz (Flash Duty: 50%) | N61: O | P61: X
C62: 5 | H62: ▪ Check EVENT_SW_INDI | I62: ▪ EVENT_SW_INDI = ON | J62: Pass | N62: O | P62: O
A63: Check performance recording files after entering parking recording mode. Performance recording applies only to specialized vehicle specifications. (CE1 KN) | B63: OWD_037 | C63: 1 | D63: [Performance Recording] - (4) | E63: Check the recording file after entering parking recording. | F63: 12 V | G63: IGN | H63: ▪ Turn KEY OFF to enter Parking Recording (10 seconds of Parking Recording) ▪ Turn ACC and IGN ON, enter N Mode within AVN, and start recording (10 seconds of Performance Recording) ▪ Repeat the above 5 times, then check the [Performance Recording] library | I63: ▪ Thumbnail and video name (date and time) should be verified correctly | P63: X | Q63: 퍼포먼스_지원
C64: 2 | H64: ▪ Play generated recording file | I64: ▪ There should be no issues with video tearing, black screens, noise, or video color. | P64: X | Q64: 퍼포먼스_지원
C65: 3 | E65: Check whether recording is performed after repeatedly turning IGN ON/OFF | F65: 12 V | G65: IGN | H65: ▪ Quickly repeat ACC & IGN ON/OFF 20 times ▪ ACC & IGN ON ▪ Enter N Mode and start Performance Recording ▪ Check recording status signal | I65: ▪ BLTN_CAM_RecSet_BPR = 0x2(Recording) | P65: X | Q65: 퍼포먼스_지원
C66: 4 | H66: ▪ Check front/rear camera indicator | I66: ▪ F/R-CAM_INDI = Flash - Flash Frequency: 0.5Hz (Flash Duty: 50%) | P66: X | Q66: 퍼포먼스_지원
C67: 5 | H67: ▪ Check EVENT_SW_INDI | I67: ▪ EVENT_SW_INDI = ON | P67: X | Q67: 퍼포먼스_지원
C68: 6 | H68: ▪ Check the indicator on the display | I68: ▪ Indicator recording displayed | P68: X | Q68: 퍼포먼스_지원
A69: European-style continuous driving recording one-time specification applied | B69: OWD_033 | C69: 1 | D69: (European Version) One-time setting for continuous driving recording | E69: Confirmation that continuous driving recording is not performed after entering parking recording. | F69: 12 V | G69: IGN | H69: ▪ Driving recording for 10 seconds with ACC and IGN ON ▪ Enter parking recording by turning KEY OFF (10-second parking recording) ▪ Driving recording does not proceed when ACC and IGN are ON | I69: ▪ BLTN_CAM_RecSet_OWD = 0x1(OFF) ▪ BLTN_CAM_RecSta_OWD = 0x0(OFF) | J69: Pass | P69: O
C70: 2 | E70: Check whether recording is performed after repeatedly turning IGN ON/OFF | F70: 12 V | G70: IGN | H70: ▪ Repeat ACC & IGN ON/OFF quickly 20 times ▪ ACC & IGN ON ▪ Check recording status signal | I70: ▪ BLTN_CAM_RecSet_OWD = 0x1(OFF) | J70: Pass | P70: O
C71: 3 | H71: ▪ Check front/rear camera indicator | I71: ▪ F/R-CAM_INDI = OFF | P71: X
C72: 4 | H72: ▪ Check EVENT_SW_INDI | I72: ▪ EVENT_SW_INDI = OFF | J72: Pass | P72: O
A73: Checking the impact of simultaneous recording of other videos during driving recording | B73: OWD_005 | C73: 1 | D73: [Impact of continuous recording while driving] - (1) | E73: Checking the impact of simultaneous recording of other videos during driving recording | F73: 12 V | G73: IGN | H73: ▪ Turn on continuous driving recording setting | I73: ▪ BLTN_CAM_RecSet_OWD = 0x2(ON) | J73: Pass | P73: O
C74: 2 | H74: ▪ AVN screen switching ▪ Start time-lapse recording (long press Event Switch) | I74: ▪ BLTN_CAM_RecSta TML = 0x1(Recording) | J74: Pass | P74: O
C75: 3 | H75: ▪ Switch Event Authorization | I75: ▪ BLTN_CAM_RecSta_MAR = 0x1(Recording) | J75: Pass | P75: O
C76: 4 | H76: ▪ Authorize Shock Event (Event Recording Setting ON) | I76: ▪ BLTN_CAM_RecSta_DEV = 0x1(Recording) | J76: Pass | P76: O
C77: 5 | H77: ▪ 1-Minute Standby ▪ Built-in Cam Main Screen ▪ [Always On While Driving] Check Storage Box | I77: ▪ Confirm saving of continuous recording files while driving - Create 1 list of Front & Rear & Side video (60 sec) | P77: X
C78: 6 | H78: ▪ Confirm repeated entry/exit motion of built-in cam 5 times | I78: ▪ Must be able to enter and exit normally - Must not be kicked back to the CCNC screen - Must not reboot | J78: Pass | P78: O
C79: 7 | H79: ▪ Check recorded video | I79: ▪ Verify that recording files for Driving Continuous/Impact/Manual/Time-lapse are saved ▪ There should be no issues with video distortion, black screens, noise, video color, etc. | P79: X
C80: 8 | E80: Verification of the impact of low voltage during driving recording | F80: 12 V | G80: IGN | H80: ▪ Proceed with the following while driving recording is in progress on the AVN screen ▪ Verify while changing the input voltage from 12 to 9 | I80: ▪ BLTN_CAM_RecSta_OWD = 0x1(Recording) ▪ F/R-CAM_INDI No issues ▪ EVENT_SW_INDI No issues ▪ Confirmed continuous recording file saving while driving - Created 1 list of Front & Rear & Side video (60 sec) | J80: Pass | L80: 과거차문제 PASTI-322 주차 녹화 상태에서 시동 ON시 전방 영상 블랙 녹화 발생 | P80: O | R80: O
C81: 9 | E81: Confirmation of High Voltage Impact During Driving Recording | F81: 12 V | G81: IGN | H81: ▪ Proceed with the following while driving recording is in progress on the AVN screen ▪ Verify while varying the input voltage from 12 to 16 | I81: ▪ BLTN_CAM_RecSta_OWD = 0x1(Recording) ▪ F/R-CAM_INDI No issues ▪ EVENT_SW_INDI No issues ▪ Confirmed continuous recording file saving while driving - Created 1 list of Front & Rear & Side video (60 sec) | P81: X | R81: O
A82: IGN On during driving recording with ACC On power | B82: OWD_006 | C82: 1 | D82: [Impact of Continuous Recording While Driving] - (2) | E82: IGN On during driving recording with ACC On power | F82: 12 V | G82: ACC | H82: ▪ ACC On, IGN Off ▪ IGN On during driving recording ▪ Check driving recording status signal | I82: ▪ BLTN_CAM_RecSta_OWD = 0x1(Recording) | J82: Pass | P82: O
C83: 2 | H83: ▪ Verify built-in cam entry/exit operation | I83: ▪ Must be able to enter and exit normally - Must not be kicked back to the CCNC screen - Must not reboot | J83: Pass | P83: O
C84: 3 | H84: ▪ [Always on while driving] Check storage box | I84: ▪ Verify that continuous recording files are saved while driving ▪ There should be no issues such as video distortion, black screens, noise, or video color quality. | P84: X
C85: 4 | E85: IGN On during simultaneous recording with ACC On power | F85: 12 V | G85: ACC | H85: ▪ ACC On, IGN Off ▪ Recording starts in the following sequence: Normal Driving → Time-lapse → Impact → Manual Recording ▪ IGN On after a 10-second wait ▪ Check recorded video signal | I85: ▪ BLTN_CAM_RecSta_OWD = 0x1(Recording) ▪ BLTN_CAM_RecSta_TML = 0x1(Recording) ▪ BLTN_CAM_RecSta_DEV = 0x1(Recording) ▪ BLTN_CAM_RecSta_MAR = 0x1(Recording) | J85: Pass | P85: O
C86: 5 | H86: ▪ Verify built-in cam entry/exit operation | I86: ▪ Must be able to enter and exit normally - Must not be kicked back to the CCNC screen - Must not reboot | J86: Pass | P86: O
C87: 6 | H87: ▪ Check recorded video | I87: ▪ Verify that recording files for Driving Continuous/Impact/Manual/Time-lapse are saved ▪ There should be no issues with video distortion, black screens, noise, video color, etc. | P87: X
C88: 7 | E88: ACC On while driving recording with IGN On power | F88: 12 V | G88: IGN | H88: ▪ ACC Off, IGN On ▪ ACC On while driving recording is in operation ▪ Check driving recording status signal | I88: ▪ BLTN_CAM_RecSet_OWD = 0x2(ON) | J88: Pass | P88: O
C89: 8 | H89: ▪ Verify built-in cam entry/exit operation | I89: ▪ Must be able to enter and exit normally - Must not be kicked back to the CCNC screen - Must not reboot | J89: Pass | P89: O
C90: 9 | H90: ▪ [Always on while driving] Check storage box | I90: ▪ Verify that continuous recording files are saved while driving ▪ There should be no issues such as video distortion, black screens, noise, or video color quality. | P90: X
C91: 10 | E91: ACC On while simultaneous recording on IGN On power | F91: 12 V | G91: IGN | H91: ▪ ACC Off, IGN On ▪ Recording starts in the following sequence: Normal Driving → Time-lapse → Impact → Manual Recording ▪ Turn ACC On after a 10-second wait ▪ Check recorded video signal | I91: ▪ BLTN_CAM_RecSta_OWD = 0x1(Recording) ▪ BLTN_CAM_RecSta_TML = 0x1(Recording) ▪ BLTN_CAM_RecSta_DEV = 0x1(Recording) ▪ BLTN_CAM_RecSta_MAR = 0x1(Recording) | J91: Pass | P91: O
C92: 11 | H92: ▪ Verify built-in cam entry/exit operation | I92: ▪ Must be able to enter and exit normally - Must not be kicked back to the CCNC screen - Must not reboot | J92: Pass | P92: O
C93: 12 | H93: ▪ Check recorded video | I93: ▪ Verify that recording files for Driving Continuous/Impact/Manual/Time-lapse are saved ▪ There should be no issues with video distortion, black screens, noise, video color, etc. | P93: X
A94: Verification of impact on other video recordings during performance recording Performance recording applies only to specialized vehicle specifications. (CE1 KN) | B94: OWD_038 | C94: 1 | D94: [Impact during performance recording] - (1) | E94: Checking the impact of simultaneous video recording during performance recording | F94: 12 V | G94: IGN | H94: ▪ Always Driving ON, Driving Event ON ▪ Start Performance Recording | I94: ▪ BLTN_CAM_RecSta_BPR = 0x1(Recording) | P94: X | Q94: 퍼포먼스_지원
C95: 2 | H95: ▪ Constant driving signal check during performance recording ▪ Impact detection during performance recording | I95: ▪ BLTN_CAM_RecSta OWD = 0x0(OFF) ▪ BLTN_CAM_RecSta DEV = 0x0(OFF) ▪ During performance recording, driving will be continuous, and impact recording will not be performed. | P95: X | Q95: 퍼포먼스_지원
C96: 3 | H96: ▪ Start performance recording ▪ Time-lapse, manual event? | I96: ▪ BLTN_CAM_RecSta TML = 0x0(OFF) ▪ BLTN_CAM_RecSta MAR = 0x0(OFF) ▪ Time-lapse and manual events will not be recorded during performance recording | P96: X | Q96: 퍼포먼스_지원
C97: 4 | H97: ▪ 1-minute standby ▪ Enter Built-in Cam Mode ▪ Check [Performance Recording] Library | I97: ▪ Confirm performance recording file save - Create 1 list of front video (60 sec) | P97: X | Q97: 퍼포먼스_지원
C98: 5 | H98: ▪ Confirm repeating Performance Recording start and stop 5 times | I98: ▪ Recording must be enabled/disabled - Will not crash to the CCNC screen - Will not reboot | P98: X | Q98: 퍼포먼스_지원
C99: 6 | H99: ▪ Check recorded video | I99: ▪ Verify that performance recording files are saved ▪ Driving Continuous/Impact/Manual/Time-lapse recording files will not be saved ▪ There should be no issues such as video distortion, black screens, noise, or video color distortion | P99: X | Q99: 퍼포먼스_지원
C100: 7 | E100: Check for SOME/IP disconnect detection during performance recording | F100: 12 V | G100: IGN | H100: ▪ Start performance recording ▪ Reboot CCNC only (SOME/IP disconnect) | I100: ▪ Confirm stopping performance recording ▪ Confirm saving performance recording file | P100: X | Q100: 퍼포먼스_지원
...

Sheet 주차 후 녹화 기능
A1: English Translation | B1: {="OWP_"&TEXT(MAX(IFERROR(--MID($B$2:$B$5010,5,3),0)),"000")} -> OWP_025 | D1: English Translation | E1: English Translation | H1: English Translation | I1: English Translation
A2: memo | B2: ID | C2: Step | D2: Verification items | E2: detail | F2: 전압 | G2: 전원 | H2: Execution Procedure | I2: Expected value | J2: 결과 | K2: 측정값 | L2: 비고 | N2: 매뉴얼 기본 | O2: 자동화 기본 | P2: 자동화 반영 | Q2: 사양구분 | R2: 과거차문제
A3: [BLTN_CAM-Function-005] Continuous Parking Recording
A4: - Check initial recording settings - Check recording status signal - Check camera/switch indicator | B4: OWP_001 | C4: 1 | D4: [Continuous recording while parked] | E4: Check initial values ​​for continuous parking recording settings | F4: 12 V | G4: IGN | H4: ▪ ICUPowerAutoCutMode = 0x0(Factory mode) → 0x2(Customer mode) ▪ Built-in Cam Main Screen ▪ [ccNC Settings] - [General] - [Reset] - [Delete Guest Profile / Reset System] - Check Default Values | I4: ▪ Check Initial Values - Domestic/Japan/North America/Europe: Always Parking OFF, Parking Event OFF, Event Notification ON - Russia/Middle East: Always Parking OFF, Parking Event OFF, Event Notification OFF : Initial values ​​after changing from Factory mode to Customer mode | J4: Pass | P4: O | Q4: 주차녹화_지원
C5: 2 | H5: ▪ Turn on Driving Continuous Recording (to check the initial value after FRS setting operation) ▪ [ccNC Settings] - [General] - [Reset] - Proceed with Guest Profile or Full Reset | I5: ▪ Domestic/Japan/North America BLTN_CAM_RecSet_OWP = 0x2(ON) : The default recording setting is ON upon initialization after FRS setup operation ▪ Europe/Russia/Middle East BLTN_CAM_RecSet_OWP = 0x00(Default) : The default recording setting is Default upon initialization after FRS setup operation ※ Parking recording applied as an exception for JG1 RUS | J5: Pass | P5: O | Q5: 주차녹화_지원
C6: 3 | H6: ▪ [Settings] - [Event Detection Sensitivity] - Check Recording While Parked | I6: ▪ BLTN_CAM_SenSet_PEV = 0x3(Lv.3) | J6: Pass | P6: O | Q6: 주차녹화_지원
C7: 4 | E7: Parking Continuous Recording Time Setting (~20Hr Specification) - Check Initial Value | F7: 12 V | G7: IGN | H7: ▪ [Recording while parked] - [Recording time while parked] - Check initial value | I7: ▪ BLTN_CAM_Set_PrkTime = 0xC(20Hr) 0x1 ~ 0x14 (1Hr~20Hr) | J7: Pass | N7: O | P7: O | Q7: 주차녹화_지원
C8: 5 | E8: Confirmation of continuous parking recording operation | F8: 12 V | G8: B+ | H8: ▪ ACC, IGN OFF ▪ Check recording status signal | I8: ▪ BLTN_CAM_RecSta_OWP = 0x1(Recording) : The difference between the actual recording start time (check recording file) and the signal ON must be within 2 seconds. ▪ BLTN_CAM_RecSta_OWD = 0x0(OFF) ▪ No recording start delay (recording starts within 5 seconds based on GN7) | J8: Pass | N8: O | O8: O | P8: O | Q8: 주차녹화_지원
C9: 6 | H9: ▪ Check front/rear camera indicator | I9: ▪ F/R-CAM_INDI = Blink - Blink Frequency: 0.5Hz(Duty : 50%) | N9: O | O9: X | P9: X | Q9: 주차녹화_지원
C10: 7 | H10: ▪ Check EVENT_SW_INDI | I10: ▪ EVENT_SW_INDI = ON | J10: Pass | N10: O | O10: O | P10: O | Q10: 주차녹화_지원
A11: [Continuous Recording While Parked] - 2 - Verify Recording Settings OFF - Verify Recording File Creation - Check IGN/ACC Power Impact | B11: OWP_002 | C11: 1 | D11: [Continuous Recording While Parked] Setting ON/OFF | E11: Check that the continuous parking recording setting is OFF. | F11: 12 V | G11: IGN | H11: ▪ Switch to Built-in Camera View ▪ [Settings] - [Recording] - [Recording While Parked] - Turn Off Continuous Recording | I11: ▪ BLTN_CAM_RecSet_OWP = 0x1(OFF) | J11: Pass | N11: O | O11: O | P11: O | Q11: 주차녹화_지원
C12: 2 | E12: Confirmation that continuous parking recording does not operate when recording setting is OFF : Domestic/Japan/North America | F12: 12 V | G12: B+ | H12: ▪ Check recording status signal | I12: ▪ BLTN_CAM_RecSta_OWP = 0x0(OFF) | J12: Pass | N12: O | O12: O | P12: O | Q12: 주차녹화_지원
C13: 3 | H13: ▪ Check front/rear camera indicator | I13: ▪ F/R-CAM_INDI = OFF | N13: O | O13: X | P13: X | Q13: 주차녹화_지원
C14: 4 | H14: ▪ Check EVENT_SW_INDI | I14: ▪ EVENT_SW_INDI = OFF | J14: Pass | N14: O | O14: O | P14: O | Q14: 주차녹화_지원
C15: 5 | E15: Confirmed that continuous parking recording is not working for Europe/Russia/Middle East markets. ※ Parking recording applied as an exception for JG1 RUS. | F15: 12 V | G15: IGN | H15: ▪ Switch to Built-in Camera View ▪ [Settings] - [Recording] - [Recording While Parked] - Turn On Continuous Recording | I15: ▪ BLTN_CAM_RecSet_OWP = 0x0(Defualt) | N15: O | O15: O | P15: O | Q15: 주차녹화_미지원
C16: 6 | E16: Check BLTN_CAM_Prk_Oprable_Time | F16: 12V | G16: B+ | H16: ▪ SOC Abnormal Status - P-LBM SoC: 0xFF - eAGM SoC: No reception or Invalid (0x65~0xFE) or Error (0xFF) transmission ▪ [Settings] - [Recording] - [Recording While Parked] - Continuous Recording ON ▪ ACC & IGN OFF | I16: ▪ BLTN_CAM_Prk_Oprable_Time = 0x00 | J16: Pass | P16: O | Q16: 주차녹화_지원
C17: 7 | E17: Confirm recording file creation (3 minutes) - Create 1 3-minute recording file | F17: 12 V | G17: IGN | H17: ▪ Built-in Cam Main Screen ▪ [Settings] - [Recording] - [Recording While Parked] - Continuous Recording ON ▪ ACC & IGN OFF ▪ Wait 3 minutes, then ACC & IGN ON ▪ Return to Built-in Cam Main Screen and check the [Continuous Recording While Parked] library | I17: ▪ Verify that continuous recording files are saved while parked - Verify that a single list containing Front + Rear + Side video (3 min) is created ▪ There should be no issues with video distortion, black screens, noise, or color quality - The progress bar plays to the end during playback | L17: 과거차문제 PASTI-340 주차녹화 진입 초기에 후방영상 블랙으로 저장 되며 간헐적으로 썸네일도 블랙 저장 | N17: O | P17: X | Q17: 주차녹화_지원 | R17: O
C18: 8 | E18: [Conditions of Evil] ACC&IGN Quickly turn ON/OFF 20 times, then OFF | F18: 12 V | G18: IGN | H18: ▪ Quickly turn ACC&IGN ON/OFF 20 times, then OFF (Quickly press the actual vehicle engine start button) | I18: ▪ Start parking recording successfully ▪ Check if there are any unplayable recording files (check thumbnails as well) | J18: Pass | N18: O | P18: O | Q18: 주차녹화_지원 | R18: O
C19: 9 | E19: [Evil Conditions] Parking Recording Setting Off Repeat ACC&IGN quickly ON/OFF 20 times, then OFF | F19: 12 V | G19: IGN | H19: ▪ Auxiliary battery connected, Parking recording set Off ▪ Quickly turn ACC&IGN ON/OFF 20 times, then turn OFF (Quickly press the actual vehicle's engine start button) | I19: ▪ Do not enter parking recording ▪ Must satisfy quiescent current specifications | J19: Pass | P19: O | Q19: 주차녹화_지원 | R19: O
A20: [Continuous Recording While Parked] : Full-time Recording ※ Check the auxiliary battery tab for features related to parking recording time. | B20: OWP_003 | C20: 1 | D20: [Continuous Recording While Parked] : Full-time Recording | E20: Confirmation of recording file creation (20 hours) | F20: 12 V | G20: IGN | H20: ▪ Turn OFF ACC & IGN after setting to 20-hour continuous parking recording ▪ After turning the KEY ON, enter the built-in cam screen and check the continuous parking recording box | I20: ▪ Confirmation of continuous recording file saving while parked - Confirmation of creation of a list of 40 Front, Rear, and Side videos (30 minutes) | P20: X | Q20: 주차녹화_지원 | R20: O
C21: 2 | E21: Check for interruptions in related actions during continuous recording | F21: 12 V | G21: B+ | H21: ▪ Maintain CAN Alive status by inputting an NM signal during 20-hour continuous parking recording. ▪ Check the BLTN_CAM_RecSta_OWP signal in the CAN LOG after parking recording is complete. | I21: ▪ The BLTN_CAM_RecSta_OWP signal will not be turned OFF at the time of individual file saving. | P21: X | Q21: 주차녹화_지원 | R21: O
C22: 3 | E22: Confirmation of recording file creation (12 hours) | F22: 12 V | G22: IGN | H22: ▪ Turn OFF ACC & IGN after setting to 12-hour continuous parking recording ▪ After turning the KEY ON, enter the built-in cam screen and check the continuous parking storage box | I22: ▪ Confirmation of continuous recording file saving while parked - Confirmation of creation of a list of 24 Front, Rear, and Side videos (30 minutes) | P22: X | Q22: 주차녹화_지원 | R22: O
C23: 4 | E23: Confirmation of recording file creation (6 hours) | F23: 12 V | G23: IGN | H23: ▪ Turn OFF ACC & IGN after setting to 6-hour continuous parking recording ▪ After turning the KEY ON, enter the built-in cam screen and check the continuous parking recording box | I23: ▪ Confirmation of continuous recording file saving while parked - Confirmation of creation of a list of 12 Front, Rear, and Side videos (30 minutes) | P23: X | Q23: 주차녹화_지원 | R23: O
C24: 5 | E24: Confirmation of recording file creation (2 hours) | F24: 12 V | G24: IGN | H24: ▪ Turn OFF ACC & IGN after setting continuous parking recording for 2 hours ▪ After turning the KEY ON, enter the built-in cam screen and check the continuous parking recording box | I24: ▪ Confirmation of continuous recording file saving while parked - Confirmation of creation of 4 lists for Front, Rear, and Side videos (30 minutes) | P24: X | Q24: 주차녹화_지원 | R24: O
C25: 6 | E25: Separate group index when date changes during recording | F25: 12 V | G25: B+ | H25: ▪ Parking recording starts at 23:40 ▪ Check the parking recording video list after 3 recording files are created 1 hour later | I25: ▪ Created as 2 recording groups - 23:40:00 ~ 00:10:00 - 00:10:00 ~ 00:40:00 | P25: X | Q25: 주차녹화_지원 | R25: O
C26: 7 | E26: Check recording file specifications | F26: 12 V | G26: IGN | H26: ▪ Check the generated recording file on the PC | I26: ▪ Video saving/playback frame rate 2 FPS | N26: O | P26: X | Q26: 주차녹화_지원 | R26: O
C27: 8 | I27: ▪ 3rd Generation: 3840 * 2160 (Front/Rear Camera) 1280 * 1440 (Side Camera) (3M) | N27: O | P27: X | Q27: 주차녹화_지원 | R27: O
C28: 9 | I28: ▪ No horizontal flip of the video | N28: O | P28: X | Q28: 주차녹화_지원 | R28: O
A29: [Continuous Recording While Parked] : Simultaneous occurrence of Parking Continuous / Switch Event / Impact Event | B29: OWP_004 | C29: 1 | D29: [Continuous Recording While Parked] : Checking the Impact of Simultaneous Recording | E29: Verification of impact when recording other videos simultaneously during parking recording - Operation verification | F29: 12 V | G29: IGN | H29: ▪ Proceed with the following while parking recording is in progress after turning off the key ▪ Enable Switch Event ▪ Enable Impact Event (Event Recording Setting ON) ▪ Wait 1 minute ▪ Built-in Cam Main Screen | I29: ▪ BLTN_CAM_RecSet_OWP = 0x2(ON) ▪ F/R-CAM_INDI No issues ▪ EVENT_SW_INDI No issues | J29: Pass | P29: O | Q29: 주차녹화_지원
C30: 2 | E30: Checking the impact of simultaneous recording of other videos during parking recording - Video verification | F30: 12 V | G30: IGN | H30: ▪ [Always check while parked] Check locker | I30: ▪ Confirmation of continuous recording file saving while parked - Confirmation of creation of Front, Rear, & Side video (60 sec) list | P30: X | Q30: 주차녹화_지원
A31: [When camera video is not input] | B31: OWP_005 | C31: 1 | D31: [When camera video is not input] | E31: Front camera removal, parking recording + manual/impact events | F31: 12 V | G31: B+ | H31: ▪ Start parking recording ▪ Remove front camera after 30 seconds ▪ Reinstall camera after 20 seconds ▪ Manual, trigger impact event ▪ Check generated recording file after 30 seconds | I31: ▪ Recorded video file created (Black screen recorded if no video input) ▪ Camera restored to normal after installation | P31: X | Q31: 주차녹화_지원
C32: 2 | E32: Rearview camera removal, parking recording + manual/impact events | F32: 12 V | G32: B+ | H32: ▪ Start continuous parking recording ▪ Remove rear camera after waiting 30 seconds ▪ Reinstall camera after waiting 20 seconds ▪ Mandate impact event ▪ Check generated recording file after waiting 30 seconds | I32: ▪ Continuous recording, impact video file generated (black screen recording if no video input) ▪ Camera returns to normal after installation | P32: X | Q32: 주차녹화_지원
C33: 3 | E33: Left rear camera removed, parking recording + manual/impact events | F33: 12 V | G33: B+ | H33: ▪ Start continuous parking recording ▪ Remove left rear camera after 30 seconds ▪ Reinstall camera after 20 seconds ▪ Manual, enable impact event ▪ Check generated recording file after 30 seconds | I33: ▪ Continuous recording, impact video file generated (black screen recording if no video input) ▪ Camera returns to normal after installation
C34: 4 | E34: Right-side camera removed, parking recording + manual/impact events | F34: 12 V | G34: B+ | H34: ▪ Start continuous parking recording ▪ Remove right-side camera after 30 seconds ▪ Reinstall camera after 20 seconds ▪ Manual, enable impact event ▪ Check generated recording file after 30 seconds | I34: ▪ Continuous recording, impact video file generated (black screen recording if no video input) ▪ Camera returns to normal after installation
C35: 5 | E35: Front/Rear/Left/Right Side Camera Removal, Always Parking + Manual/Impact Events | F35: 12 V | G35: B+ | H35: ▪ Start parking recording ▪ Wait 30 seconds, then remove front, rear, left side, and right side cameras ▪ Wait 20 seconds, then reattach the cameras ▪ Manual, enable impact event ▪ Wait 30 seconds, then check the generated recording file | I35: ▪ Recorded video file created (Black screen recorded if no video input) ▪ Camera restored to normal after installation | P35: X | Q35: 주차녹화_지원
C36: 6 | E36: When attaching/detaching the front camera during parking recording | F36: 12 V | G36: IGN | H36: ▪ Removal/Installation of front camera during parking recording | I36: ▪ Recorded video file created (Black screen recorded if no video input) ▪ Camera restored to normal after installation (Recorded video plays normally) ▪ Impact event recording did not occur | P36: X | Q36: 주차녹화_지원
C37: 7 | E37: Impact of Front Camera Removal During Parking Recording on CAN Communication | F37: 12 V | G37: IGN | H37: ▪ Removal/Installation of front camera during parking recording | I37: ▪ Maintain normal CAN communication | P37: X | Q37: 주차녹화_지원
C38: 8 | E38: When attaching or detaching the rear camera during parking recording | F38: 12 V | G38: B+ | H38: ▪ Parking Recording in Progress (Network Sleep) ▪ Rear Camera Detachment ▪ KEY ON | I38: ▪ Recorded video file created (Black screen recorded if no video input) ▪ Camera restored to normal after installation (Recorded video plays normally) ▪ Impact event recording did not occur | P38: X | Q38: 주차녹화_지원
C39: 9 | E39: When attaching or detaching the left rear camera during parking recording | F39: 12 V | G39: B+ | H39: ▪ Parking Recording in Progress (Network Sleep) ▪ Left Side Camera Detachment ▪ KEY ON | I39: ▪ Recorded video file created (Black screen recorded if no video input) ▪ Camera restored to normal after installation (Recorded video plays normally) ▪ Impact event recording did not occur
C40: 10 | E40: When attaching or detaching the right-side camera during parking recording | F40: 12 V | G40: B+ | H40: ▪ Parking Recording in Progress (Network Sleep) ▪ Right Side Camera Detachment ▪ KEY ON | I40: ▪ Recorded video file created (Black screen recorded if no video input) ▪ Camera restored to normal after installation (Recorded video plays normally) ▪ Impact event recording did not occur
C41: 11 | E41: When removing the camera during parking recording and reinstalling it after turning the KEY ON | F41: 12 V | G41: IGN | H41: ▪ Parking Recording in Progress (Network Sleep) ▪ Front/Rear/Left/Right Side Cameras Removed ▪ KEY ON ▪ Enter Built-in Cam Mode Real-time View ▪ Front/Rear Cameras Installed | I41: ▪ Camera restored to normal after installation (real-time screen) | P41: X | Q41: 주차녹화_지원
C42: 12 | H42: ▪ Built-in Cam Settings - Change Display Angle : Front/Rear -5 ~ +5 Value Setting | I42: ▪ Angle set from -5 to +5 depending on front/rear setting values | P42: X | Q42: 주차녹화_지원
C43: 13 | E43: Impact of CAN communication when removing the rear camera during parking recording | F43: 12 V | G43: IGN | H43: ▪ Removal/Installation of rear camera during parking recording | I43: ▪ Maintain normal CAN communication | P43: X | Q43: 주차녹화_지원
C44: 14 | E44: Check G-sensor operation after attaching/detaching the camera during parking recording | F44: 12 V | G44: B+ | H44: ▪ Parking recording in progress (Impact notification function ON) ▪ Wait 30 seconds, then remove front camera ▪ Wait 20 seconds, then reattach camera ▪ Authorize impact event | I44: ▪ Recorded video file created (Black screen recording if no video input) ▪ Camera restored to normal within 2 seconds after installation (Recorded file driving data, capacity, playback time) ▪ Confirmed saving of impact event recording ▪ Confirmed operation of impact event notification : BLTN_CAM_PEV_Recorded = 0x2(Park Event Recorded) up to 5 times | P44: X | Q44: 주차녹화_지원
C45: 15 | F45: 12 V | G45: B+ | H45: ▪ ↑ Verify that the above procedure is repeated 10 times | I45: ▪ Recorded video file created (Black screen recording if no video input) ▪ Camera restored to normal within 2 seconds after installation (Recorded file driving data, capacity, playback time) ▪ Confirmation of impact event recording saved | P45: X | Q45: 주차녹화_지원
C46: 16 | E46: Front camera removal, parking motion + impact event | F46: 12 V | G46: B+ | H46: ▪ Start recording parking motion + impact ▪ Remove front camera after 30 seconds ▪ Reinstall camera after 20 seconds ▪ Check generated recording file after 30 seconds | I46: ▪ Parking motion and parking impact recording files are generated (black screen recording if no video is input) ▪ Camera restored to normal after installation | P46: X | Q46: 모션감지_지원
C47: 17 | E47: Rear camera removal, parking motion + impact event | F47: 12 V | G47: B+ | H47: ▪ Start recording parking motion + impact ▪ Remove rear camera after waiting 30 seconds ▪ Reinstall camera after waiting 20 seconds ▪ Check generated recording file after waiting 30 seconds | I47: ▪ Parking motion and parking impact recording files are generated (black screen recording if no video is input) ▪ Camera restored to normal after installation | P47: X | Q47: 모션감지_지원
C48: 18 | E48: Front/rear camera removal, parking motion + impact event | F48: 12 V | G48: B+ | H48: ▪ Start parking motion + impact recording ▪ Remove front/rear cameras after a 30-second wait ▪ Reinstall cameras after a 20-second wait ▪ Check generated recording files after a 30-second wait | I48: ▪ Parking motion and parking impact recording files are generated (black screen recording if no video is input) ▪ Camera restored to normal after installation | P48: X | Q48: 모션감지_지원
C49: 19 | E49: When attaching or detaching the front camera during parking motion recording | F49: 12 V | G49: IGN | H49: ▪ Front camera detachment during parking motion recording | I49: ▪ Recorded video file created (Black screen recorded if no video input) ▪ Camera restored to normal after installation (Recorded video plays normally) ▪ Impact event recording does not occur; if it occurs, a recorded video file is created (Black screen if no video input) | P49: X | Q49: 모션감지_지원
C50: 20 | E50: Impact of CAN Communication When Removing Front Camera During Parking Motion Recording | F50: 12 V | G50: IGN | H50: ▪ Front camera removal/installation during parking motion recording | I50: ▪ Maintain normal CAN communication | P50: X | Q50: 모션감지_지원
C51: 21 | E51: When attaching or detaching the rear camera during parking motion recording | F51: 12 V | G51: IGN | H51: ▪ Removal of rear camera during parking motion recording | I51: ▪ Recorded video file created (Black screen recorded if no video input) ▪ Camera restored to normal after installation (Recorded video plays normally) ▪ Impact event recording does not occur; if it occurs, a recorded video file is created (Black screen if no video input) | P51: X | Q51: 모션감지_지원
C52: 22 | E52: Impact of CAN communication when removing the rear camera during parking motion recording | F52: 12 V | G52: IGN | H52: ▪ Removal of rear camera during parking motion recording | I52: ▪ Maintain normal CAN communication | P52: X | Q52: 모션감지_지원
C53: 23 | E53: When attaching/detaching the left rear camera during parking motion recording | F53: 12 V | G53: IGN | H53: ▪ Detach the left rear camera during parking motion recording | I53: ▪ Recorded video file created (Black screen recorded if no video input) ▪ Camera restored to normal after installation (Recorded video plays normally) ▪ Impact event recording does not occur; if it occurs, a recorded video file is created (Black screen if no video input)
C54: 24 | E54: Impact of CAN communication when removing the left rear camera during parking motion recording | F54: 12 V | G54: IGN | H54: ▪ Removal/Installation of left rear camera during parking motion recording | I54: ▪ Maintain normal CAN communication
C55: 25 | E55: When attaching/detaching the right-side camera during parking motion recording | F55: 12 V | G55: IGN | H55: ▪ Detach the right-side camera while parking motion recording is in progress | I55: ▪ Recorded video file created (Black screen recorded if no video input) ▪ Camera restored to normal after installation (Recorded video plays normally) ▪ Impact event recording does not occur; if it occurs, a recorded video file is created (Black screen if no video input)
C56: 26 | E56: Impact of CAN communication when removing the right-side camera during parking motion recording | F56: 12 V | G56: IGN | H56: ▪ Removal/Installation of right-side camera during parking motion recording | I56: ▪ Maintain normal CAN communication
C57: 27 | E57: When removing the camera during parking motion recording and reinstalling it after turning the KEY ON | F57: 12 V | G57: IGN | H57: ▪ Parking Motion Recording in Progress (Network Sleep) ▪ Front/Rear/Left/Right Side Cameras Removed ▪ KEY ON ▪ Enter Built-in Cam Mode Real-time View ▪ Front/Rear Cameras Installed | I57: ▪ Camera restored to normal after installation (real-time screen) | P57: X | Q57: 모션감지_지원
C58: 28 | H58: ▪ Built-in Cam Settings - Change Display Angle : Front/Rear -5 ~ +5 Value Setting | I58: ▪ Angle set from -5 to +5 depending on front/rear setting values | P58: X | Q58: 모션감지_지원
C59: 29 | E59: Check G-sensor operation after attaching/detaching the camera during parking motion recording | F59: 12 V | G59: B+ | H59: ▪ Start parking motion recording (Impact notification function ON) ▪ Remove front camera after 30 seconds ▪ Reinstall camera after 20 seconds ▪ Authorize impact event | I59: ▪ Motion recording video file created (Black screen recording if no video input) ▪ Camera restored to normal within 2 seconds after installation (Recording file driving data, capacity, playback time) ▪ Confirmation of impact event recording saving ▪ Confirmation of impact event notification operation : BLTN_CAM_PEV_Recorded = 0x2(Park Event Recorded) up to 5 times | P59: X | Q59: 모션감지_지원
C60: 30 | F60: 12 V | G60: B+ | H60: ▪ ↑ Verify that the above procedure is repeated 10 times | I60: ▪ Recorded video file created (Black screen recording if no video input) ▪ Camera restored to normal within 2 seconds after installation (Recorded file driving data, capacity, playback time) ▪ Confirmation of impact event recording saved | P60: X | Q60: 모션감지_지원
C61: 31 | E61: Verification of Parking Motion Recording After Removal of Front/Rear/Left/Right Side Cameras (#23029) : Past Issues in Development Phase | F61: 12V | G61: B+ | H61: ▪ Turn ON Continuous Recording While Driving and Motion Recording While Parking ▪ Remove Front/Rear/Left/Right Side Cameras While Continuous Recording While Driving ▪ Immediately Turn KEY OFF | I61: ▪ Parking motion recording will not work | P61: X | Q61: 모션감지_지원
C62: 32 | E62: Verify operation after reconnecting camera in SUSPEND state (#23446) : Past issues during development phase | F62: 12V | G62: B+ | H62: ▪ Parking Motion Recording Setting ON ▪ KEY OFF ▪ Remove Front Camera During Parking Motion Recording ▪ Reattach Front Camera in Parking Motion Recording Standby (SUSPEND Mode) ▪ Apply Motion/Impact | I62: ▪ Parking motion and parking impact recording files are generated (Black screen recording if no video input is received) ▪ Camera returns to normal after installation (Recorded video plays normally) | P62: X | Q62: 모션감지_지원
C63: 33 | F63: 12V | G63: B+ | H63: ▪ Parking Motion Recording Setting ON ▪ KEY OFF ▪ Remove Rear Camera During Parking Motion Recording ▪ Reattach Rear Camera in Parking Motion Recording Standby (SUSPEND Mode) ▪ Apply Motion/Impact | I63: ▪ Parking motion and parking impact recording files are generated (Black screen recording if no video input is received) ▪ Camera returns to normal after installation (Recorded video plays normally) | P63: X | Q63: 모션감지_지원
C64: 34 | F64: 12V | G64: B+ | H64: ▪ Parking Motion Recording Setting ON ▪ KEY OFF ▪ Remove Left Side Camera During Parking Motion Recording ▪ Reattach Left Side Camera in Parking Motion Recording Standby (SUSPEND Mode) ▪ Apply Motion/Impact | I64: ▪ Parking motion and parking impact recording files are generated (Black screen recording if no video input is received) ▪ Camera returns to normal after installation (Recorded video plays normally)
C65: 35 | F65: 12V | G65: B+ | H65: ▪ Turn on Parking Motion Recording ▪ Turn off Key ▪ Remove right-side camera during Parking Motion Recording ▪ Reattach right-side camera in Parking Motion Recording Standby (SUSPEND Mode) ▪ Apply Motion/Impact | I65: ▪ Parking motion and parking impact recording files are generated (Black screen recording if no video input is received) ▪ Camera returns to normal after installation (Recorded video plays normally)
C66: 36 | F66: 12V | G66: B+ | H66: ▪ Parking Motion Recording Setting ON ▪ KEY OFF ▪ Remove Front/Rear/Left/Right Side Cameras During Parking Motion Recording ▪ Reattach Front/Rear/Left/Right Side Cameras in Parking Motion Recording Standby (SUSPEND Mode) ▪ Apply Motion/Impact | I66: ▪ Parking motion and parking impact recording files are generated (Black screen recording if no video input is received) ▪ Camera restored to normal after installation (Recorded video plays normally) ▪ Motion and impact detection do not work (BICIM2-449) | P66: X | Q66: 모션감지_지원
A67: [Power Fail Safety Operation] : Emergency Power (Super Cap) Performance - B+ OFF during Parking Recording | B67: OWP_006 | C67: 1 | D67: [Power Fail Safety Operation] : Emergency Power (Super Cap) Performance (Parking/Parking Motion) | E67: Continuous recording while parked | F67: 12 V | G67: B+ | H67: ▪ Continuous video recording while parked ▪ Disconnect main connector | I67: ▪ The file being recorded right before power is turned off is saved. ※ Based on settings, at least two files must be saved. - Save Priority: Always > Impact Detection Save (Event) > Manual Save | P67: X | Q67: 주차녹화_지원
C68: 2 | E68: Recording event (impact) while parked | F68: 12 V | G68: B+ | H68: ▪ Record video of impact event while parked ▪ Disconnect main connector (immediately after impact event) | I68: ▪ The file being recorded right before power is turned off is saved. ※ Based on settings, at least two files must be saved. - Save Priority: Always > Impact Detection Save (Event) > Manual Save | P68: X | Q68: 주차녹화_지원
C69: 3 | E69: Recording event (switch) while parked | F69: 12 V | G69: B+ | H69: ▪ Video recording of the parked event switch ▪ Disconnect the main connector (immediately after the switch event occurs) | I69: ▪ The file being recorded right before power is turned off is saved. ※ Based on settings, at least two files must be saved. - Save Priority: Always > Impact Detection Save (Event) > Manual Save | P69: X | Q69: 주차녹화_지원
C70: 4 | E70: Simultaneous execution of parking, constant, impact, and manual events | F70: 12 V | G70: B+ | H70: ▪ Recording of event switch video & impact video while parked ▪ Disconnect main connector (immediately after event occurs) | I70: ▪ The file being recorded right before power is turned off is saved. ※ Based on settings, at least two files must be saved. - Save Priority: Always > Impact Detection Save (Event) > Manual Save | N70: O | P70: X | Q70: 주차녹화_지원
A71: [Spoiled Conditions for Power Fail Safety Operation] : Rear camera unrecognized - B+ OFF during parking recording | C71: 5 | E71: B+ OFF during continuous recording while parked | F71: 12 V | G71: B+ | H71: ▪ Continuous parking video recording, rear camera not recognized ▪ B+ power input OFF | I71: ▪ The file being recorded right before power is turned off is saved. ※ Based on settings, at least two files must be saved. - Save Priority: Always > Impact Detection Save (Event) > Manual Save | P71: X | Q71: 주차녹화_지원
A72: [Power Fail Safety Operation] : Emergency Power (Super Cap) Performance - B+ OFF during Parking Motion Recording | C72: 6 | E72: Parking motion recording in progress | F72: 12 V | G72: B+ | H72: ▪ Parking Motion Recording ▪ Disconnect Main Connector | I72: ▪ The file being recorded right before power is turned off is saved. ※ Based on settings, at least two files must be saved. - Save Priority: Always > Impact Detection Save (Event) > Manual Save | P72: X | Q72: 모션감지_지원
C73: 7 | E73: Simultaneous execution of parking motion recording & impact events | F73: 12 V | G73: B+ | H73: ▪ Parking Motion Recording & Impact Event Recording ▪ Main Connector Disconnect | I73: ▪ The file being recorded right before power is turned off is saved. ※ Based on settings, at least two files must be saved. - Save Priority: Always > Impact Detection Save (Event) > Manual Save | P73: X | Q73: 모션감지_지원
A74: [BLTN_CAM-Function-006] Parking Event Recording
A75: - Check initial recording settings - Verify recording file creation - Verify continuous event occurrences - Verify impact count signal | B75: OWP_007 | C75: 1 | D75: [Recording of impact event while parked] | E75: Check initial value | F75: 12 V | G75: IGN | H75: ▪ ICUPowerAutoCutMode = 0x0(Factory mode) → 0x2(Customer mode) ▪ Built-in Cam Main Screen ▪ [Settings] - [Reset Built-in Cam Settings] - [Recording] - [Record While Parked] | I75: ▪ Check Initial Values - Domestic/Japan/North America: Always Parking OFF, Parking Event OFF, Event Notification ON - Russia/Middle East/Europe: Always Parking OFF, Parking Event OFF, Event Notification OFF : Initial values ​​after changing from Factory mode to Customer mode | J75: Pass | P75: O | Q75: 주차녹화_지원
C76: 2 | H76: ▪ Turn ON Continuous Driving Recording (to check the initial value after FRS setting operation) ▪ [Settings] - [Reset Built-in Cam Settings] - [Recording] - [Recording While Parked] ▪ [Continuous Parking Recording] - Turn Setting ON | I76: ▪ Domestic/Japan/North America BLTN_CAM_RecSet_PEV = 0x2(ON) : The default recording setting is ON upon initialization after FRS setup operation. ▪ Europe BLTN_CAM_RecSet_PEV = 0x1(OFF) : The default recording setting is OFF upon initialization after FRS setup operation. ▪ Russia/Middle East BLTN_CAM_RecSet_PEV = 0x0(Default) : The default recording setting is Default upon initialization after FRS setup operation. ※ Weekly recording applied as an exception for JG1 RUS | J76: Pass | P76: O | Q76: 주차녹화_지원
C77: 3 | E77: Confirm Parking Event (Impact) Recording Setting ON : Domestic/Japan/North America/Europe | F77: 12 V | G77: IGN | H77: ▪ Built-in Cam Main Screen ▪ [Settings] - [Recording] - [Recording While Parked] - Event Recording Settings ON ※ Turn OFF Continuous Parking Recording and Event Notification Functions | I77: ▪ BLTN_CAM_RecSet_PEV = 0x2(On) | J77: Pass | N77: O | P77: O | Q77: 주차녹화_지원
E78: Confirm that Russia/Middle East parking event (impact) recording settings are OFF | H78: ▪ Built-in Cam Main Screen ▪ [Settings] - [Recording] - [Recording While Parked] - Event Recording Settings ON ※ Turn OFF Continuous Parking Recording and Event Notification Functions | I78: ▪ BLTN_CAM_RecSet_PEV = 0x00(Default) | N78: O | P78: O | Q78: 주차녹화_미지원
C79: 4 | E79: Check if the event did not occur | F79: 12 V | G79: IGN | H79: ▪ ACC & IGN OFF ▪ Check recording status signal | I79: ▪ BLTN_CAM_RecSta_PEV =0x0 (OFF) | J79: Pass | N79: O | P79: O | Q79: 주차녹화_지원
C80: 5 | F80: 12 V | G80: B+ | H80: ▪ Check front/rear camera indicator | I80: ▪ F/R-CAM_INDI = Flash - Flash Cycle: 0.5Hz(Flash Duty: 50%) | N80: O | P80: X | Q80: 주차녹화_지원
C81: 6 | H81: ▪ Check EVENT_SW_INDI | I81: ▪ EVENT_SW_INDI Do not blink | J81: Pass | N81: O | P81: O | Q81: 주차녹화_지원
C82: 7 | E82: Confirmation of parking event recording operation | F82: 12 V | G82: B+ | H82: ▪ Shock Event Confirmed ▪ Check Recording Status Signal | I82: ▪ BLTN_CAM_RecSta_PEV = 0x1(Recording) ▪ BLTN_CAM_PEV_Recorded = 0x0(Default) ※ Specification: Does not operate when event notification function is OFF | J82: Pass | N82: O | P82: O | Q82: 주차녹화_지원
C83: 8 | H83: ▪ Check front/rear camera indicator | I83: ▪ F/R-CAM_INDI = Blink, (for 10 seconds) - Blink frequency: 1Hz(Duty: 50%) | N83: O | P83: X | Q83: 주차녹화_지원
C84: 9 | H84: ▪ Check EVENT_SW_INDI | I84: ▪ EVENT_SW_INDI = Flash (for 10 seconds) - Flash Frequency: 1Hz(Duty: 50%) | J84: Pass | N84: O | P84: O | Q84: 주차녹화_지원
C85: 10 | E85: Consecutive parking event authorization | F85: 12 V | G85: IGN | H85: ▪ Under conditions where parking event recording is enabled, are there 10 or more impact events at 2-second intervals over 1 minute? | I85: ▪ No slowdowns, no reboots, and no missing recording files ▪ Check the number of impact indicators ▪ Check impact count operation | J85: Pass | N85: O | P85: O | Q85: 주차녹화_지원
C86: 11 | E86: Continuous authorization for parking events (Event notification function ON) | F86: 12 V | G86: IGN | H86: ▪ Parking Event Notification Function ON Setting ▪ Impact detected at 2-second intervals for 1 minute under conditions where parking event recording is enabled | I86: ▪ No slowdowns, no reboots, and no missing recording files ▪ Normal network sleep must be entered after completion (dark current less than 2mA) | J86: Pass | N86: O | P86: O | Q86: 주차녹화_지원
C87: 12 | E87: Confirmation of recording file creation - 3 files of 20 seconds created - Confirmation of recording file event time -10s ~ +10s | F87: 12 V | G87: IGN | H87: ▪ 3 events at 11-second intervals ▪ Check the number of impact events while parked after KEY On ▪ Built-in Cam Main Screen ▪ Check [Parking Events] Archive | I87: ▪ [BLTN_CAM_HU_PE] BLTN_CAM_PEV_Count = 0x3 ▪ Verify that the recording file for the parked event (impact) is saved - Verify that a list of 3 files (Front & Rear, 20 sec) is created ▪ There should be no issues with video distortion, black screens, noise, or color quality | N87: O | P87: X | Q87: 주차녹화_지원
C88: 13 | E88: Check recording file specifications | F88: 12 V | G88: IGN | H88: ▪ Check the generated recording file on the PC | I88: ▪ Video saving/playback frame rate 10 FPS | N88: O | P88: X | Q88: 주차녹화_지원
C89: 14 | I89: ▪ 3rd Generation: 3840 * 2160 (Front/Rear Camera) 1280 * 1440 (Side Camera) (3M) | N89: O | P89: X | Q89: 주차녹화_지원
C90: 15 | I90: ▪ No horizontal flip of the video | N90: O | P90: X | Q90: 주차녹화_지원
C91: 16 | E91: Check count update when Key Off | F91: 12 V | G91: B+ | H91: ▪ Check update of impact event count while parked after Key Off | I91: ▪ Check [BLTN_CAM_HU_PE] BLTN_CAM_PEV_Count = 0x0 | J91: Pass | P91: O | Q91: 주차녹화_지원
A92: - Verify that recording settings are OFF - Verify the display of the event impact location - Verify the impact of power condition fluctuations | B92: OWP_008 | C92: 1 | D92: [Recording of impact event while parked] | E92: Confirmation that event recording does not work when recording settings are OFF | F92: 12 V | G92: IGN | H92: ▪ Built-in Cam Main Screen ▪ [Settings] - [Recording] - [Recording While Parked] - Event Recording OFF, Always Parking ON ▪ ACC & IGN OFF | I92: ▪ BLTN_CAM_RecSet_PEV = 0x1(OFF) | J92: Pass | P92: O | Q92: 주차녹화_지원
C93: 2 | F93: 12 V | G93: B+ | H93: ▪ Switch AVN screen ▪ Check recording status signal | I93: ▪ BLTN_CAM_Rec_PEV = 0x0(OFF) | J93: Pass | P93: O | Q93: 주차녹화_지원
C94: 3 | H94: ▪ Check front/rear camera indicator | I94: ▪ F/R CAM_INDI = Flash, (for 10 seconds) - Flash Cycle: 0.5Hz(Duty : 50%) | P94: X | Q94: 주차녹화_지원
C95: 4 | H95: ▪ Check EVENT_SW_INDI | I95: ▪ EVENT_SW_INDI Do not blink | J95: Pass | P95: O | Q95: 주차녹화_지원
C96: 5 | E96: Display location of event impact (Red progress bar indicator for continuous recording files) Verify consistency | F96: 12 V | G96: IGN | H96: ▪ Impact event authorization during continuous parking recording | I96: ▪ Check for a red mark at the time of impact event in the continuous driving recording file : Check timing alignment (within approximately 500ms) | P96: X | Q96: 주차녹화_지원
C97: 6 | E97: Display Event Impact Location (Event Recording File) - Parking Always + Parking Event / Remove B+ Before Completion | F97: 12V | G97: B+ | H97: ▪ Parking Always On + Parking Event Setting ON ▪ ACC & IGN OFF ▪ Apply impact while Vehicle Network is ALIVE ▪ Disconnect B+ after 5 seconds | I97: ▪ Built-in cam enters normally ▪ Check for a red mark at the time of impact event in the parking event recording file : Check timing consistency (within approximately 500ms) | P97: X | Q97: 주차녹화_지원
C98: 7 | F98: 12V | G98: B+ | H98: ▪ Always Parking + Parking Event Setting ON ▪ ACC & IGN OFF ▪ Apply impact while vehicle network is in SLEEP state ▪ Disconnect auxiliary battery after 5 seconds | I98: ▪ Built-in cam enters normally ▪ Check for a red mark at the time of impact event in the parking event recording file : Check timing consistency (within approximately 500ms) | P98: X | Q98: 주차녹화_지원
C99: 8 | E99: Display Event Impact Location (Event Recording File) - Parking Always + Parking Event / Remove B+ Before Completion | F99: 12V | G99: B+ | H99: ▪ Parking Motion + Parking Event Settings ON ▪ ACC & IGN OFF ▪ Apply impact while Vehicle Network is ALIVE ▪ Remove B+ after 5 seconds | I99: ▪ Built-in cam enters normally ▪ Check for a red mark at the time of impact event in the parking event recording file : Check timing consistency (within approximately 500ms) | P99: X | Q99: 주차녹화_지원
C100: 9 | F100: 12V | G100: B+ | H100: ▪ Parking Motion + Parking Event Settings ON ▪ ACC & IGN OFF ▪ Apply impact while vehicle network is in SLEEP state ▪ Disconnect auxiliary battery after 5 seconds | I100: ▪ Built-in cam enters normally ▪ Check for a red mark at the time of impact event in the parking event recording file : Check timing consistency (within approximately 500ms) | P100: X | Q100: 주차녹화_지원
...

Sheet HU 연동기능
A1: English Translation | B1: {="HU_"&TEXT(MAX(IFERROR(--MID($B$2:$B$5003,5,3),0)),"000")} -> HU_049 | D1: English Translation | E1: English Translation | H1: English Translation | I1: English Translation
A2: memo | B2: ID | C2: Step | D2: Verification items | E2: detail | F2: 전압 | G2: 전원 | H2: Execution Procedure | I2: Expected value | J2: 결과 | K2: 측정값 | L2: 비고 | N2: 매뉴얼 기본 | O2: 자동화 기본 | P2: 자동화 반영 | Q2: 사양구분 | R2: 과거차문제
A3: [BLTN_CAM-Function-008] System Settings
A4: [Built-in Cam Screen Mode] (1) : HU UI mode/ Built-In Cam mode | B4: HU_001 | C4: 1 | D4: [Built-in Cam Screen Mode] (1) | E4: Built-in Cam Mode Video Output Confirmation | F4: 12V | G4: IGN | H4: ▪ AVN Mode Status ▪ Touch Built-in Cam Menu Icon (BLTN_CAM_LVDS_Mode_Cmd = 0x0:Front and Rear Camera) ▪ Touch Real-time Screen ▪ Go Back ▪ Confirm Repeat 10 times | I4: ▪ BLTN_CAM_LVDS_Mode_State = 0x0: Front and Rear Camera : LVDS video output switching time within 2 seconds (Approximately +1 second can be expected as CCNC generates the GUI) ▪ Confirmation of normal output of video list thumbnails | N4: O | P4: X
C5: 2 | E5: Check BLTN_CAM mode entry signal | F5: 12V | G5: IGN | H5: ▪ Touch the Built-In Cam screen entry button (HU_BLTN_CAM_UI_Mode = 0x1 : Built-In Cam Mode) | I5: ▪ BLTN_CAM_HU_UI_Mode (0x0: HU UI mode) → invalid → (0x2: Preparing BLTN_CAM Mode) → invalid → (0x1:BLTN_CAM mode) | J5: Pass | N5: O | P5: O
C6: 3 | E6: Transition to AVN mode by turning the KEY OFF while in BLTN_CAM mode | F6: 12V | G6: IGN | H6: ▪ Turn KEY OFF while in Built-in Cam mode -'BLTN_CAM_UI_Mode_Tmt_Req signal not transmitted confirmed | I6: ▪ BLTN_CAM_HU_UI_Mode (0x1:BLTN_CAM mode) → invalid → (0x0: HU UI mode) → invalid → (0x0: HU UI mode) | J6: Pass | N6: O | P6: O
C7: 4 | E7: AVN mode transition via AVN mode signal | F7: 12V | G7: IGN | H7: ▪ Home/Back/ccNC Physical Button Button Touch (HU_BLTN_CAM_UI_Mode = 0x0 : HU UI Mode) | I7: ▪ BLTN_CAM_HU_UI_Mode (0x1:BLTN_CAM mode) → invalid → (0x0: HU UI mode) | J7: Pass | N7: O | P7: O
C8: 5 | E8: AVN mode ↔ BLTN_CAM mode | F8: 12V | G8: IGN | H8: ▪ Touch the built-in cam screen entry button ▪ Touch the Home button (repeat quickly 10 times) | I8: ▪ When in AVN mode after repeatedly entering and exiting Built-in Cam mode: Driving recording starts normally (without delay) | N8: O | P8: X
C9: 6 | I9: ▪ In Built-in Cam Mode: Driving recording is OFF, and recorded video will play back normally. | N9: O | P9: X
C10: 7 | I10: ▪ In Built-in Cam Mode: Recorded video will play normally | N10: O | P10: X
C11: 8 | E11: Exiting BLTN_CAM mode midway | F11: 12V | G11: IGN | H11: ▪ Touch the built-in cam screen entry button ▪ Touch the CCNC Home button on the screen transition loading screen (repeat 10 times for confirmation) | I11: ▪ Start driving recording immediately when the repetitive action stops | J11: Pass | P11: O
C12: 9 | E12: Attempting to quickly enter built-in cam mode during boot-up | F12: 12V | G12: B+ | H12: ▪ ACC & IGN ON ▪ Quickly and continuously tap the Built-in Cam mode entry icon | I12: ▪ Built-in cam mode will be entered after booting is complete (enters within 2 seconds after booting is complete) | J12: Pass | P12: O
C13: 10 | I13: ▪ Driving recording will begin when the Back button is touched (1 second after exiting Built-in Cam mode) | J13: Pass | P13: O
C14: 11 | E14: Condition preventing entry into Built-in Cam mode: During booting | F14: 12V | G14: IGN | H14: ▪ Built-in Cam B+ Reset | I14: ▪ Outputs 0xD until Built-in Cam boot is complete, 0x0 after completion ▪ BLTN_CAM_HU_UI_Mode invalid → (0xD : Built-in CAM not Ready to be HU UI Mode) → invalid → (0x0: HU UI mode) | L14: 과거차문제 PASTI-357 AR Navi 뷰 녹색 화면 출력 | P14: X | R14: O
C15: 12 | H15: ▪ Enter Built-in Cam mode after Built-in Cam has finished booting | I15: ▪ BLTN_CAM_HU_UI_Mode (0x0: HU UI mode) → invalid → (0x2: Preparing BLTN_CAM Mode) → invalid → (0x1:BLTN_CAM mode) | P15: X | R15: O
C16: 13 | E16: Conditions under which Built-in Cam Mode cannot be entered (Parking Recording) : Sleep → KEY ON | F16: 12V | G16: B+ | H16: ▪ During parking recording (Network Sleep state) ▪ Inject NM signal to wake up the network | I16: ▪ BLTN_CAM_HU_UI_Mode = 0xD: Built-in CAM not Ready to be HU UI Mode | J16: Pass | P16: O | R16: O
C17: 14 | G17: IGN | H17: ▪ KEY ON | I17: ▪ Outputs 0xD until Built-in Cam boot complete, 0x0 after completion ▪ BLTN_CAM_HU_UI_Mode (0xD: Built-in CAM not Ready to be HU UI Mode) → invalid → (0x0: HU UI mode) | J17: Pass | P17: O | R17: O
C18: 15 | H18: ▪ Enter Built-in Cam Mode | I18: ▪ BLTN_CAM_HU_UI_Mode (0x0: HU UI mode) → invalid → (0x2: Preparing BLTN_CAM Mode) → invalid → (0x1:BLTN_CAM mode) | J18: Pass | P18: O | R18: O
C19: 16 | E19: Conditions under which Built-in Cam mode cannot be entered (Parking Motion Recording) : Sleep → KEY ON | F19: 12V | G19: B+ | H19: ▪ During parking motion recording (Network Sleep state) ▪ Inject NM signal to wake up the network | I19: ▪ BLTN_CAM_HU_UI_Mode = 0xD: Built-in CAM not Ready to be HU UI Mode | J19: Pass | P19: O | R19: O
C20: 17 | G20: IGN | H20: ▪ KEY ON | I20: ▪ Outputs 0xD until Built-in Cam boot complete, 0x0 after completion ▪ BLTN_CAM_HU_UI_Mode (0xD: Built-in CAM not Ready to be HU UI Mode) → invalid → (0x0: HU UI mode) | J20: Pass | P20: O | R20: O
C21: 18 | H21: ▪ Enter Built-in Cam Mode | I21: ▪ BLTN_CAM_HU_UI_Mode (0x0: HU UI mode) → invalid → (0x2: Preparing BLTN_CAM Mode) → invalid → (0x1:BLTN_CAM mode) | J21: Pass | P21: O | R21: O
C22: 19 | E22: Confirm text output when entering Built-in Cam mode | F22: 12V | G22: IGN | H22: ▪ Enter Built-in Cam Mode | I22: ▪ Print legal notice text | P22: X
A23: [Built-in Cam Screen Mode] : Performance Recording - Performance Option Performance Recording applies only to specialized vehicle specifications. (CE1 KN) | B23: HU_029 | C23: 1 | D23: [Built-in Cam Screen Mode] - Performance Recording | E23: Check Performance Options Built-in Cam Video | F23: 12V | G23: IGN | H23: ▪ Enter N Mode within AVN and tap Performance Option ▪ Tap N Race Cam in the item, then tap the "File" button to access Built-in Cam (BLTN_CAM_LVDS_Mode_Cmd = 0x0:Front and Rear Camera) ▪ Tap Real-time Screen ▪ Go Back ▪ Confirm repeat 10 times | I23: ▪ BLTN_CAM_LVDS_Mode_State = 0x0: Front and Rear Camera : LVDS video output switching time within 2 seconds (Approximately +1 second can be expected as CCNC generates the GUI) ▪ Confirmation of normal output of video list thumbnails | P23: X | Q23: 퍼포먼스_지원
C24: 2 | E24: Check BLTN_CAM mode entry signal | F24: 12V | G24: IGN | H24: ▪ Enter Built-In Cam by touching the N Race Cam file button in Performance Options (HU_BLTN_CAM_UI_Mode = 0x1 : Built-In Cam Mode) | I24: ▪ BLTN_CAM_HU_UI_Mode (0x0: HU UI mode) → invalid → (0x2: Preparing BLTN_CAM Mode) → invalid → (0x1:BLTN_CAM mode) | P24: X | Q24: 퍼포먼스_지원
C25: 3 | E25: Transition to AVN mode by turning the key off while in BLTN_CAM mode | F25: 12V | G25: IGN | H25: ▪ Turn KEY OFF while in Built-in Cam mode -'BLTN_CAM_UI_Mode_Tmt_Req signal not transmitted confirmed | I25: ▪ BLTN_CAM_HU_UI_Mode (0x1:BLTN_CAM mode) → invalid → (0x0: HU UI mode) → invalid → (0x0: HU UI mode) | P25: X | Q25: 퍼포먼스_지원
C26: 4 | E26: AVN mode transition via AVN mode signal | F26: 12V | G26: IGN | H26: ▪ Home/Back/ccNC Physical Button Button Touch (HU_BLTN_CAM_UI_Mode = 0x0 : HU UI Mode) | I26: ▪ BLTN_CAM_HU_UI_Mode (0x1:BLTN_CAM mode) → invalid → (0x0: HU UI mode) | P26: X | Q26: 퍼포먼스_지원
C27: 5 | E27: Performance Options ↔ BLTN_CAM mode | F27: 12V | G27: IGN | H27: ▪ Tap the N Race Cam file button in Performance Options to access the built-in cam. ▪ Tap the Back button (repeat quickly 10 times for confirmation). | I27: ▪ When the Performance Options screen appears after repeatedly entering and exiting Built-in Cam Mode: Driving recording starts normally (without delay) | P27: X | Q27: 퍼포먼스_지원
C28: 6 | I28: ▪ In Built-in Cam Mode: Driving recording is OFF, and recorded video will play back normally. | P28: X | Q28: 퍼포먼스_지원
C29: 7 | I29: ▪ The Performance Options screen will be displayed after touching Back. | P29: X | Q29: 퍼포먼스_지원
C30: 8 | E30: Exiting BLTN_CAM mode midway | F30: 12V | G30: IGN | H30: ▪ Touch the built-in cam screen entry button ▪ Touch the CCNC Home button on the screen transition loading screen (repeat 10 times for confirmation) | I30: ▪ Start driving recording immediately when the repetitive action stops | P30: X | Q30: 퍼포먼스_지원
C31: 9 | E31: Attempting to quickly enter built-in cam mode during boot-up | F31: 12V | G31: B+ | H31: ▪ Turn ACC & IGN ON after KEY OFF ▪ Quickly and continuously tap the Built-in Cam icon in Performance Options | I31: ▪ Built-in cam mode will be entered after booting is complete (enters within 2 seconds after booting is complete) | P31: X | Q31: 퍼포먼스_지원
C32: 10 | I32: ▪ Driving recording will begin when the Back button is touched (1 second after exiting Built-in Cam mode) | P32: X | Q32: 퍼포먼스_지원
C33: 11 | E33: Condition preventing entry into Built-in Cam mode: During booting | F33: 12V | G33: IGN | H33: ▪ Built-in Cam B+ Reset | I33: ▪ Outputs 0xD until Built-in Cam boot is complete, 0x0 after completion ▪ BLTN_CAM_HU_UI_Mode invalid → (0xD : Built-in CAM not Ready to be HU UI Mode) → invalid → (0x0: HU UI mode) | L33: 과거차문제 PASTI-357 AR Navi 뷰 녹색 화면 출력 | P33: X | Q33: 퍼포먼스_지원 | R33: O
C34: 12 | H34: ▪ After the Built-in Cam has finished booting, access the Built-in Cam from Performance Options. | I34: ▪ BLTN_CAM_HU_UI_Mode (0x0: HU UI mode) → invalid → (0x2: Preparing BLTN_CAM Mode) → invalid → (0x1:BLTN_CAM mode) | P34: X | Q34: 퍼포먼스_지원 | R34: O
C35: 13 | E35: Confirm text output when entering Built-in Cam mode | F35: 12V | G35: IGN | H35: ▪ Enter Built-in Cam Mode | I35: ▪ Print legal notice text | P35: X | Q35: 퍼포먼스_지원
C36: 14 | E36: N Mode N Race Cam Widget Continuous Touch | F36: 12V | G36: IGN | H36: ▪ Enter N Mode by touching it in the AVN ▪ In N Race Cam, repeatedly touch the top of the widget instead of the REC button | I36: ▪ Go to N Race Cam in Performance Options | P36: X | Q36: 퍼포먼스_지원
A37: [Built-in Cam Screen Mode] (2) : Undefined value | B37: HU_002 | C37: 1 | D37: [Built-in Cam Screen Mode] (2) Undefined value | E37: HS-CAN: [HU_BLTN_CAM_PE_00_200ms] - HU_UI_Mode = Reserved B2-FD: [BLTN_CAM_FD_HU_01_200ms] - HU_UI_Mode = Reserved | F37: 12V | G37: IGN | H37: ▪ [HU_BLTN_CAM_PE_00_200ms] - HU_BLTN_CAM_UI_Mode = 0x3 (Reserved) | I37: ▪ BLTN_CAM_HU_UI_Mode maintains previous state | J37: Pass | P37: O
C38: 2 | H38: ▪ [HU_BLTN_CAM_PE_00_200ms] - HU_BLTN_CAM_UI_Mode = 0x4 (Reserved) | I38: ▪ BLTN_CAM_HU_UI_Mode maintains previous state | J38: Pass | P38: O
C39: 3 | H39: ▪ [HU_BLTN_CAM_PE_00_200ms] - HU_BLTN_CAM_UI_Mode = 0x5 (Reserved) | I39: ▪ BLTN_CAM_HU_UI_Mode maintains previous state | J39: Pass | P39: O
C40: 4 | H40: ▪ [HU_BLTN_CAM_PE_00_200ms] - HU_BLTN_CAM_UI_Mode = 0x6 (Reserved) | I40: ▪ BLTN_CAM_HU_UI_Mode maintains previous state | J40: Pass | P40: O
C41: 5 | H41: ▪ [HU_BLTN_CAM_PE_00_200ms] - HU_BLTN_CAM_UI_Mode = 0x7 (Reserved) | I41: ▪ BLTN_CAM_HU_UI_Mode maintains previous state | J41: Pass | P41: O
C42: 6 | H42: ▪ [HU_BLTN_CAM_PE_00_200ms] - HU_BLTN_CAM_UI_Mode = 0x8 (Reserved) | I42: ▪ BLTN_CAM_HU_UI_Mode maintains previous state | J42: Pass | P42: O
C43: 7 | H43: ▪ [HU_BLTN_CAM_PE_00_200ms] - HU_BLTN_CAM_UI_Mode = 0x9 (Reserved) | I43: ▪ BLTN_CAM_HU_UI_Mode maintains previous state | J43: Pass | P43: O
C44: 8 | H44: ▪ [HU_BLTN_CAM_PE_00_200ms] - HU_BLTN_CAM_UI_Mode = 0xA (Reserved) | I44: ▪ BLTN_CAM_HU_UI_Mode maintains previous state | J44: Pass | P44: O
C45: 9 | H45: ▪ [HU_BLTN_CAM_PE_00_200ms] - HU_BLTN_CAM_UI_Mode = 0xB (Reserved) | I45: ▪ BLTN_CAM_HU_UI_Mode maintains previous state | J45: Pass | P45: O
C46: 10 | H46: ▪ [HU_BLTN_CAM_PE_00_200ms] - HU_BLTN_CAM_UI_Mode = 0xC (Reserved) | I46: ▪ BLTN_CAM_HU_UI_Mode maintains previous state | J46: Pass | P46: O
C47: 11 | H47: ▪ [HU_BLTN_CAM_PE_00_200ms] - HU_BLTN_CAM_UI_Mode = 0xD (Reserved) | I47: ▪ BLTN_CAM_HU_UI_Mode maintains previous state | J47: Pass | P47: O
C48: 12 | H48: ▪ [HU_BLTN_CAM_PE_00_200ms] - HU_BLTN_CAM_UI_Mode = 0xE (Reserved) | I48: ▪ BLTN_CAM_HU_UI_Mode maintains previous state | J48: Pass | P48: O
C49: 13 | E49: HS-CAN: [HU_BLTN_CAM_PE_00_200ms] - HU_UI_Mode = INVALID B2-FD: [BLTN_CAM_FD_HU_01_200ms] - HU_UI_Mode = INVALID | F49: 12V | G49: IGN | H49: ▪ [HU_BLTN_CAM_PE_00_200ms] - HU_BLTN_CAM_UI_Mode = 0xF(Invalid) | I49: ▪ BLTN_CAM_HU_UI_Mode maintains previous state | J49: Pass | P49: O
A50: [Built-in Cam Screen Mode] (3) : Power Conditions | B50: HU_003 | C50: 1 | D50: [Built-in Cam Screen Mode] (3) Power Conditions | E50: ACC → Enter Built-in Cam View → IGN → Maintain Built-in Cam View | F50: 12 V | G50: B+ | H50: ▪ ACC ON ▪ Enter Built-in Cam Screen | I50: ▪ Enter BLTN_CAM mode | J50: Pass | O50: O | P50: O
C51: 2 | F51: 12 V | G51: ACC | H51: ▪ IGN ON ▪ Check built-in cam screen retention | I51: ▪ Maintain BLTN_CAM mode | J51: Pass | O51: O | P51: O
C52: 3 | E52: IGN → Enter built-in cam view | F52: 12 V | G52: B+ | H52: ▪ ACC & IGN ON ▪ HU_UI_Mode = 0x1 (Built-In Cam Mode) | I52: ▪ Enter BLTN_CAM mode | J52: Pass | P52: O
C53: 4 | E53: Remote Start Status → Enter Built-in Cam Screen | F53: 12 V | G53: B+ | H53: ▪ IGN ON (ACC OFF, Communication Alive) ▪ HU_UI_Mode = 0x1 (Built-In Cam Mode) | I53: ▪ Don't Care (In the actual vehicle, the AVN boots up but the screen is OFF) | P53: △
C54: 5 | E54: Remote Start → ACC ON → Enter Built-in Cam Screen | F54: 12 V | G54: B+ | H54: ▪ IGN ON ▪ Turn ACC ON after a 10-second wait ▪ HU_UI_Mode = 0x1(Built-In Cam Mode) | I54: ▪ Enter BLTN_CAM mode | J54: Pass | P54: O
C55: 6 | E55: Repeat KEY ON/OFF 20 times | F55: 12V | G55: IGN → B+ → IGN | H55: ▪ Key On, Driving/Parking Continuous Recording Setting On ▪ Enter AVN Mode ▪ Confirm Driving Recording In Progress ▪ Repeat Key Reset 20 times, then return to the final state Key On | I55: ▪ Enter BLTN_CAM mode | J55: Pass | P55: O
A56: [Performance Recording] (3) : Power Conditions | B56: HU_040 | C56: 1 | D56: [Performance Recording] - Power Conditions | E56: ACC → Enter Built-in Cam in N Mode Performance Options → IGN → Keep Built-in Cam Screen | F56: 12 V | G56: B+ | H56: ▪ ACC ON ▪ Enter Built-in Cam Screen | I56: ▪ Enter BLTN_CAM mode | P56: X | Q56: 퍼포먼스_지원
C57: 2 | F57: 12 V | G57: ACC | H57: ▪ IGN ON ▪ Check built-in cam screen retention | I57: ▪ Maintain BLTN_CAM mode | P57: X | Q57: 퍼포먼스_지원
C58: 3 | E58: IGN → Enter built-in cam view | F58: 12 V | G58: B+ | H58: ▪ ACC & IGN ON ▪ HU_UI_Mode = 0x1 (Built-In Cam Mode) | I58: ▪ Enter BLTN_CAM mode | P58: X | Q58: 퍼포먼스_지원
C59: 4 | E59: Confirmed that performance options are not entered while KEY OFF. | H59: ▪ ACC & IGN OFF ▪ Enter N Mode and touch Performance Option | I59: ▪ Unable to access Performance Options | P59: X | Q59: 퍼포먼스_지원
C60: 5 | E60: Remote Start Status → Enter Built-in Cam Screen | F60: 12 V | G60: B+ | H60: ▪ IGN ON (ACC OFF, Communication Alive) ▪ HU_UI_Mode = 0x1 (Built-In Cam Mode) | I60: ▪ Don't Care (In the actual vehicle, the AVN boots up but the screen is OFF) | P60: X | Q60: 퍼포먼스_지원
C61: 6 | E61: Remote Start → ACC ON → Enter Built-in Cam Screen | F61: 12 V | G61: B+ | H61: ▪ IGN ON ▪ Turn ACC ON after a 10-second wait ▪ HU_UI_Mode = 0x1(Built-In Cam Mode) | I61: ▪ Enter BLTN_CAM mode | P61: X | Q61: 퍼포먼스_지원
C62: 7 | E62: Repeat KEY ON/OFF 20 times | F62: 12V | G62: IGN → B+ → IGN | H62: ▪ Key On, Driving/Parking Continuous Recording On ▪ Enter N Mode ▪ Confirm Driving Recording In Progress ▪ Repeat Key Reset 20 times, then return to Key On state | I62: ▪ Enter BLTN_CAM mode | P62: X | Q62: 퍼포먼스_지원
A63: [Built-in Cam Time Setting] (1) - Check time setting - Check time format based on export region - Check time settings for 1, 2, and 5 years later - Check time retention after reboot - Check for time inaccuracies | B63: HU_004 | C63: 1 | D63: [Built-in Cam Time Setting] (1) | E63: [HU_CLOCK_PE_02] Check RTC settings via message ▪ Verify if the current time is set (applied when the second value differs from the previous value) ▪ Verify if the time changes between 12-hour and 24-hour formats ※ In CAN specifications, if even one value is invalid, it is ignored. ※ In Ethernet specifications, refer only to the values ​​under the setting failure conditions below. ※ Signal preconditions by platform type HS-CAN : [HU_CLOCK_PE_02] B2-FD : [HU_CLOCK_01_1000ms] | F63: 12V | G63: IGN | H63: ▪ Driving Recording Setting ON, Recorded Video Time Information Display ON ▪ [HU_CLOCK_PE_02] - HU_TimeFormat = 0x2(24Hour) - HU_Status = 0x2(GPS receiving) - HU_TimeSetting = 0x1(User Time) - HU_DisplayHour = Set Current Time - HU_DisplayMinute = Set Current Time - HU_DisplaySecond = Set Current Time - HU_DisplayYear1 = Set Current Time - HU_DisplayMonth = Set Current Time - HU_DisplayYear2 = Set Current Time - HU_DisplayDay = Set Current Time - HU_ClockInfo = 0x1(ACLOCK Refresh) - HU_ComRefresh = 0x2(Internal Clock Exist) - HU_AM_PM_INFO = 0x0(Not Used) ▪ Built-in Cam Screen Enter ▪ Check the time on the clock at the top | I63: ▪ Match setting time: HH:MM ▪ 24-hour format display ▪ Check date: Month D (Day of the week) | L63: 과거차문제 PASTI-314 주차모드 진입 후 RTC 시간 비정상 설정 오류 | N63: O | P63: X | R63: O
C64: 2 | F64: 12V | G64: IGN | H64: ▪ Check export region time indication ※ Specifications verification required. | I64: ? | P64: X | R64: O
C65: 3 | F65: 12V | G65: IGN | H65: ▪ Check the day of the week display on the clock at the top center. | I65: ▪ Exactly matches the position and shape of the top clock on the AVN | P65: X | R65: O
C66: 4 | F66: 12V | G66: IGN | H66: ▪ Check OSD timestamps for continuous driving recording files (Front/Rear) ▪ Check creation timestamps for continuous driving recording files | I66: ▪ OSD time matches driving continuous recording files (Front/Rear) ▪ Creation time matches driving continuous recording files | P66: X | R66: O
C67: 5 | E67: Check if it is set after 1, 2, and 5 years Verify retention after Power Reset | F67: 12V | G67: IGN | H67: ▪ [HU_CLOCK_PE_02] Setting up one year later | I67: ▪ Check if it is set to the time one year later | P67: X | R67: O
C68: 6 | F68: 12V | G68: IGN | H68: ▪ ACC & IGN OFF → Enter Sleep ▪ ACC & IGN ON → Enter Built-in Cam Screen, Check Generated Continuous Driving Footage | I68: ▪ Verify that setting values ​​are maintained | P68: X | R68: O
C69: 7 | F69: 12V | G69: IGN | H69: ▪ [HU_CLOCK_PE_02] Setting up 2 years later | I69: ▪ Check if it is set to the time 2 years later | P69: X | R69: O
C70: 8 | F70: 12V | G70: IGN | H70: ▪ ACC & IGN OFF → Enter Sleep ▪ ACC & IGN ON → Enter Built-in Cam Screen, Check Generated Continuous Driving Footage | I70: ▪ Verify that setting values ​​are maintained | P70: X | R70: O
C71: 9 | F71: 12V | G71: IGN | H71: ▪ [HU_CLOCK_PE_02] Setting up 5 years later | I71: ▪ Check if it is set to the time 5 years later | P71: X | R71: O
C72: 10 | F72: 12V | G72: IGN | H72: ▪ ACC & IGN OFF → Enter Sleep ▪ ACC & IGN ON → Enter Built-in Cam Screen, Check Generated Continuous Driving Footage | I72: ▪ Verify that setting values ​​are maintained | P72: X | R72: O
C73: 11 | E73: Verify RTC time retention | F73: 12V | G73: IGN | H73: ▪ Check for any time discrepancies after leaving it for 1 to 1 week. | I73: ▪ Maintain RTC setting value | P73: X | R73: O
C74: 12 | E74: Operation verification when changing the date during driving recording | F74: 12V | G74: IGN | H74: ▪ Driving Continuous Recording in AVN Mode ▪ [HU_CLOCK_PE_02] Setting for 1 Year ▪ Check whether driving continuous recording file was created and the creation time after 2 minutes | I74: ▪ [HU_CLOCK_PE_02] Verify that the file currently being recorded is created according to the previous timeline upon setting. ▪ Verify that the next recording file is created according to the set timeline one year from now. ▪ The continuous driving recording file will play normally. | P74: X | R74: O
A75: [Built-in Cam Time Setting] (2) : Cannot be set when receiving Inavlid value | B75: HU_005 | C75: 1 | D75: [Built-in Cam Time Setting] (2): Cannot be set when receiving Inavlid value | E75: RTC setting impossible condition: HU_TimeFormat = Invalid | F75: 12V | G75: IGN | H75: ▪ [HU_CLOCK_PE_02] - HU_TimeSetting = 0x3(Invalid), Check if applied after setting valid values ​​for the remaining Signals ※ The HU_DisplaySecond value must be entered differently from the previous value for the time to be applied. | I75: ▪ Time can be set when the corresponding signal is invalid | P75: X | R75: O
C76: 2 | E76: RTC setting impossible condition: HU_DisplayHour = Invalid | F76: 12V | G76: IGN | H76: ▪ [HU_CLOCK_PE_02] - HU_DisplayHour = 0xFF(Invalid) Check if applied after setting valid values ​​for the remaining signals ▪ Check if applied after entering valid values ​​into the corresponding signals | I76: ▪ Time cannot be set when the corresponding signal is invalid. ▪ Time is set when a valid value is entered. | P76: X | R76: O
C77: 3 | E77: RTC setting impossible condition: HU_Status = Invalid | F77: 12V | G77: IGN | H77: ▪ [HU_CLOCK_PE_02] - HU_Status = 0xF(Invalid) Check if applied after setting valid values ​​for the remaining signals ▪ Check if applied after entering valid values ​​into the corresponding signals | I77: ▪ Time can be set when the corresponding signal is invalid | P77: X | R77: O
C78: 4 | E78: RTC setting impossible condition: HU_DisplayMinute = Invalid | F78: 12V | G78: IGN | H78: ▪ [HU_CLOCK_PE_02] - HU_DisplayMinute = 0xFF(Invalid) Check if applied after setting valid values ​​for the remaining signals ▪ Check if applied after entering valid values ​​into the corresponding signals | I78: ▪ Time cannot be set when the corresponding signal is invalid. ▪ Time is set when a valid value is entered. | P78: X | R78: O
C79: 5 | E79: Condition for inability to set RTC: HU_DisplaySecond = Invalid | F79: 12V | G79: IGN | H79: ▪ [HU_CLOCK_PE_02] - HU_DisplaySecond = 0xFF(Invalid) Check if applied after setting valid values ​​for the remaining signals ▪ Check if applied after entering valid values ​​into the corresponding signals | I79: ▪ Time cannot be set when the corresponding signal is invalid. ▪ Time is set when a valid value is entered. | P79: X | R79: O
C80: 6 | E80: RTC setting impossible condition: HU_DisplayYear1 = Invalid | F80: 12V | G80: IGN | H80: ▪ [HU_CLOCK_PE_02] - HU_DisplayYear1 = 0x3(Invalid) Check if applied after setting valid values ​​for the remaining signals ▪ Check if applied after entering valid values ​​into the corresponding signals | I80: ▪ Time cannot be set when the corresponding signal is invalid. ▪ Time is set when a valid value is entered. | P80: X | R80: O
C81: 7 | E81: RTC setting impossible condition: HU_DisplayMonth = Invalid | F81: 12V | G81: IGN | H81: ▪ [HU_CLOCK_PE_02] - HU_DisplayMonth = 0xF(Invalid) Check if applied after setting valid values ​​for the remaining Signals ▪ Check if applied after entering valid values ​​into the corresponding signals | I81: ▪ Time cannot be set when the corresponding signal is invalid. ▪ Time is set when a valid value is entered. | P81: X | R81: O
C82: 8 | E82: RTC setting impossible condition: HU_DisplayYear2 = Invalid | F82: 12V | G82: IGN | H82: ▪ [HU_CLOCK_PE_02] - HU_DisplayYear2 = 0xFF(Invalid) Check if applied after setting valid values ​​for the remaining signals ▪ Check if applied after entering valid values ​​into the corresponding signals | I82: ▪ Time cannot be set when the corresponding signal is invalid. ▪ Time is set when a valid value is entered. | P82: X | R82: O
C83: 9 | E83: Condition for inability to set RTC: HU_DisplayDay = Invalid | F83: 12V | G83: IGN | H83: ▪ [HU_CLOCK_PE_02] - HU_DisplayDay = 0xFF(Invalid) Check if applied after setting valid values ​​for the remaining signals ▪ Check if applied after entering valid values ​​into the corresponding signals | I83: ▪ Time cannot be set when the corresponding signal is invalid. ▪ Time is set when a valid value is entered. | P83: X | R83: O
A84: [Camera Angle Setting] Real-time Front Camera View ※ Camera angle adjustment specification removed for CS/CW models: BICIM2-765 | B84: HU_006 | C84: 1 | D84: [Camera Angle Settings] Front Camera Real-time View ** | E84: Vertical Angle: Check Initial Value | F84: 12v | G84: IGN | H84: ▪ Check default values ​​(Menu - Settings - Display Settings) ▪ Check if applied to real-time screen | I84: ▪ BLTN_CAM_Set_FR_Ver_Pos = 0x00: Mid | J84: Pass | L84: 과거차문제 PASTI-353 AR Navi 블랙 화면 표출 | O84: O | P84: O | R84: O
C85: 2 | F85: 12v | G85: IGN | I85: ▪ Applied to the screen in real-time (no issues such as image glitches, blackouts, etc.) | O85: X | P85: X | R85: O
C86: 3 | E86: Vertical Angle: Check Initial Value (Connect Specification) | F86: 12v | G86: IGN | H86: ▪ CS/CW Connect specification angle adjustment not reflected ▪ Check initial value | I86: ▪ BLTN_CAM_Set_FR_Ver_Pos = Invalid | O86: X | P86: X | R86: O
C87: 4 | E87: Vertical angle: Center(0) | F87: 12v | G87: IGN | H87: ▪ BLTN_CAM_FR_VerPos_NvalueSet = 0x00: Mid | I87: ▪ BLTN_CAM_Set_FR_Ver_Pos = 0x00: Mid | J87: Pass | O87: O | P87: O | R87: O
C88: 5 | F88: 12v | G88: IGN | I88: ▪ Applied to the screen in real-time (no issues such as image glitches, blackouts, etc.) | O88: X | P88: X | R88: O
C89: 6 | E89: Vertical angle: Up(1~5) | F89: 12v | G89: IGN | H89: ▪ BLTN_CAM_FR_VerPos_NvalueSet = 0x01 ~ 0x0A : Upper Level (1 ~ 10) ▪ Check Real-time Screen and AR View Screen | I89: ▪ BLTN_CAM_Set_FR_Ver_Pos = 0x01 ~ 0x0A : Upper Level (1 ~ 10) | J89: Pass | N89: O | O89: O | P89: O | R89: O
C90: 7 | F90: 12v | G90: IGN | I90: Applied to real-time screen (no issues such as image glitches or blackouts) ※ 6~10 are undefined values, don't care ▪ Will not be applied to AR View screen | N90: O | O90: X | P90: X | R90: O
C91: 8 | E91: Vertical angle: Down(-1~-5) | F91: 12v | G91: IGN | H91: ▪ BLTN_CAM_FR_VerPos_NvalueSet = 0x11 ~ 0x1A : Lower Level (-1 ~ -10) ▪ Check Real-time Screen and AR View Screen | I91: ▪ BLTN_CAM_Set_FR_Ver_Pos = 0x11 ~ 0x1A : Lower Level (-1 ~ -10) | J91: Pass | N91: O | O91: O | P91: O | R91: O
C92: 9 | F92: 12v | G92: IGN | I92: Applied to real-time screen (no issues such as image glitches or blackouts) ※ -6 to -10 are undefined values, so don't care ▪ Will not be applied to AR View screen | N92: O | O92: X | P92: X | R92: O
C93: 10 | E93: Check for malfunctions with undefined values ​​(0x0B ~ 0x10: Reserved) | F93: 12v | G93: IGN | H93: ▪ BLTN_CAM_FR_VerPos_NvalueSet = 0x0B ~ 0x10: Reserved | I93: ▪ Maintain previous value | J93: Pass | P93: O | R93: O
C94: 11 | E94: Check for malfunctions with undefined values ​​(0x1B ~ 0x1E: Reserved) | F94: 12v | G94: IGN | H94: ▪ BLTN_CAM_FR_VerPos_NvalueSet = 0x1B ~ 0x1E: Reserved | I94: ▪ Maintain previous value | J94: Pass | P94: O | R94: O
C95: 12 | E95: Check for undefined value malfunction (0x1F: invalid) | F95: 12v | G95: IGN | H95: ▪ BLTN_CAM_FR_VerPos_NvalueSet = 0x1F: invalid | I95: ▪ Maintain previous value | J95: Pass | P95: O | R95: O
C96: 13 | E96: CCNC Reset after angle adjustment | F96: 12v | G96: IGN | H96: ▪ BLTN_CAM_FR_VerPos_NvalueSet = 0x0A ▪ Power Reset only ccNC ▪ Enter "Menu - Settings - Display Settings" again and check the screen | I96: ▪ BLTN_CAM_Set_FR_Ver_Pos = 0x01 ~ 0x0A ▪ The visible field of view on the screen will be at position 0x0A | P96: X | R96: O
C97: 14 | E97: Adjusting the field of view when the camera is unattached | F97: 12v | G97: IGN | H97: ▪ Remove rear camera ▪ Reset Built-in Cam B+ ▪ Enter Menu > Settings > Display Settings and change front camera vertical angle ▪ Check real-time screen and AR Navi screen | I97: ▪ Applied to real-time screen (no issues such as image glitches or blackouts) ▪ Will not be applied to AR View screen | P97: X | R97: O
C98: 15 | E98: Check real-time video after detaching the camera | F98: 12v | G98: IGN | H98: ▪ Change front camera vertical angle in display settings ▪ Detach front camera while real-time video is output ▪ Check real-time screen for 1 minute or more | I98: ▪ No change in angle on the real-time screen (no issues such as video glitches, blackouts, etc.) | P98: X | R98: O
C99: 16 | E99: Check AR NAVI after detaching the camera | F99: 12v | G99: IGN | H99: ▪ Change front camera vertical angle in display settings ▪ Switch from BLTN CAM Mode to HU Mode ▪ Detach front camera while AR NAVI is outputting ▪ Verify AR NAVI output for at least 1 minute | I99: ▪ Field of view adjustment will not be applied to the AR View screen. ▪ The camera will be restored and maintain normal output after being detached. | P99: X | R99: O
C100: 17 | E100: Factory Mode → Customer Mode Real-time Video Verification (BICIM2-2301) | F100: 12v | G100: IGN | H100: ▪ ICU_PowerAutoCutModSta = 0x00 : Factory Mode ▪ Change Front Camera Vertical Angle ▪ Real-time Screen ▪ ICU_PowerAutoCutModSta = 0x02 : Customer Mode | I100: ▪ Applied to the center of the screen angle in real-time - BLTN_CAM_Set_FR_Ver_Pos = 0x00: Mid | P100: X | R100: O
...

Sheet 보조배터리 연동기능
A1: English Translation | B1: {="BAT_"&TEXT(MAX(IFERROR(--MID($B$2:$B$4984,5,3),0)),"000")} -> BAT_059 | D1: English Translation | E1: English Translation | H1: English Translation | I1: English Translation
A2: memo | B2: ID | C2: Step | D2: Verification items | E2: detail | F2: 전압 | G2: 전원 | H2: Execution Procedure | I2: Expected value | J2: 결과 | K2: 측정값 | L2: 비고 | N2: 매뉴얼 기본 | O2: 자동화 기본 | P2: 자동화 반영 | Q2: 사양구분 | R2: 과거차 문제
A3: [BLTN_CAM-Function-010] Power Bank Interconnection Function
A4: [Power Bank Recognition] : Check GUI | B4: BAT_001 | C4: 1 | D4: [Power Bank Recognition]: Check GUI | E4: Disconnect/Insert Auxiliary Battery Cable - Verify access to the Parking Recording settings menu when inserting the auxiliary battery - Check the instruction page when removing the auxiliary battery - Check by AVN/Built-in Cam mode | F4: 12 V | G4: IGN | H4: ▪ Connect auxiliary battery cable ▪ Check parking recording settings and available recording time on the built-in cam main screen ▪ Check the recording ON/OFF setting menu in the recording settings ▪ Check the continuous parking recording time menu in the recording time settings ▪ Check the parking event sensitivity menu in the event detection sensitivity settings | I4: ▪ Activate Parking Recording Settings Menu | N4: O | P4: X | Q4: 주차녹화 전원_보조배터리
C5: 2 | F5: 12 V | G5: IGN | H5: ▪ Auxiliary battery removed ▪ Check parking recording settings and available recording time on the built-in cam main screen ▪ Check the recording ON/OFF setting menu in the recording settings ▪ Check the continuous parking recording time menu in the recording time settings ▪ Check the parking event sensitivity menu in the event detection sensitivity settings | I5: ▪ Disable Parking Recording Settings Menu ※ 2.5th Generation Vehicles Keep Parking Recording Settings Menu Enabled | P5: X | Q5: 주차녹화 전원_보조배터리
C6: 3 | F6: 12 V | G6: IGN | H6: ▪ Auxiliary battery removed ▪ Built-in Cam Settings - Enter Menu ▪ Connect Auxiliary battery | I6: ▪ Activate Parking Recording Settings Menu | P6: X | Q6: 주차녹화 전원_보조배터리
C7: 4 | F7: 12 V | G7: IGN | H7: ▪ Switch AVN modes ▪ Disconnect and reconnect the auxiliary battery cable ▪ Enter Built-in Cam mode and access the Park Recording menu | I7: ▪ Activate Parking Recording Settings Menu | P7: X | Q7: 주차녹화 전원_보조배터리
C8: 5 | E8: Parking recording time setting | F8: 12 V | G8: IGN | H8: ▪ Built-in Cam Mode - Settings Menu - Record While Parked ▪ Quickly change settings from 2 to 20 hours | I8: ▪ No operational issues when changing settings quickly | N8: O | P8: X | Q8: 주차녹화 전원_보조배터리
A9: [Power Bank Recognition] : Check Signal | B9: BAT_002 | C9: 1 | D9: [Power Bank Recognition] : Check Signal | E9: Remove/Insert auxiliary battery cable - Check signal | F9: 12 V | G9: IGN | H9: ▪ Auxiliary battery installed (P-LBM specification) or eAGM specification ▪ Check BLTN_CAM_AuxBat_Conn_State signal | I9: ▪ BLTN_CAM_AuxBat_Conn_State = 0x1: Park Mode Operation Available (Aux. Bat. is connected (P-LBM or B-LBM) or Low Voltage battery Use.) - Installed in a vehicle capable of installing an auxiliary battery - When using both P-LBM and eAGM simultaneously for parking recording, 0x1 is transmitted because parking recording can operate even if the P-LBM is not properly connected. - eAGM Specification / eAGM + PLBM Specification / PLBM Specification | N9: O | P9: O | Q9: 주차녹화 전원_보조배터리
C10: 2 | F10: 12 V | G10: IGN | H10: ▪ Auxiliary battery not installed ▪ Check BLTN_CAM_AuxBat_Conn_State signal | I10: ▪ BLTN_CAM_AuxBat_Conn_State = 0x2: Auxiliary Battery is not connected. - Auxiliary Battery applicable on this vehicle model - Vehicle model capable of installing an auxiliary battery, but currently not installed | P10: O | Q10: 주차녹화 전원_보조배터리
C11: 3 | F11: 12 V | G11: IGN | H11: ▪ Vehicle models not supporting parking recording ▪ Auxiliary battery not installed ▪ Check BLTN_CAM_AuxBat_Conn_State signal | I11: ▪ BLTN_CAM_AuxBat_Conn_State = 0x3: Auxiliary Battery is not connected. – Auxiliary Battery not applicable on this vehicle model - Not installed on vehicle models where auxiliary battery cannot be installed | P11: O | Q11: 주차녹화_미지원
A12: [Auxiliary Battery Power Switching Conditions] | B12: BAT_003 | C12: 1 | D12: [Auxiliary Battery Power Switching Conditions] | E12: Driving (ACC) | F12: 12 V | G12: ACC | H12: ▪ Check power supplied to the built-in cam (measure current) : B+(pin. 1), Sub Bat Power(pin. 11) | I12: ▪ Power supplied to the built-in cam : Vehicle power, B+(pin. 1) | N12: O | P12: X | Q12: 주차녹화 전원_보조배터리
C13: 2 | E13: Driving (IGN) | F13: 12 V | G13: IGN | H13: ▪ Check power supplied to the built-in cam (measure current) : B+(pin. 1), Sub Bat Power(pin. 11) | I13: ▪ Power supplied to the built-in cam : Vehicle power, B+(pin. 1) | N13: O | P13: X | Q13: 주차녹화 전원_보조배터리
C14: 3 | E14: Parking (before network sleep) | F14: 12 V | G14: B+ | H14: ▪ Network Alive Status ▪ Check Power Supply to Built-in Cam (Current Measurement) : B+(pin. 1), Sub Bat Power(pin. 11) | I14: ▪ Power supplied to the built-in cam : Vehicle power, B+(pin. 1) | N14: O | P14: X | Q14: 주차녹화 전원_보조배터리
C15: 4 | E15: Parking (after network sleep) | F15: 12 V | G15: B+ | H15: ▪ Network Sleep State ▪ Check power supplied to built-in cam (current measurement) : B+(pin. 1), Sub Bat Power(pin. 11) | I15: ▪ Power supplied to the built-in cam : Auxiliary battery power, Sub Bat Power (pin. 11) | N15: O | P15: X | Q15: 주차녹화 전원_보조배터리
C16: 5 | E16: Parking (when waking up from network sleep state) | F16: 12 V | G16: B+ | H16: ▪ Check power supplied to the built-in cam (measure current) : B+ (pin. 1), Sub Bat Power (pin. 11) ▪ Network Alive state → Sleep state → Alive state | I16: ▪ Power supplied to the built-in cam : Auxiliary battery power → Vehicle power, B+ → Auxiliary battery power (during network sleep) | N16: O | P16: X | Q16: 주차녹화 전원_보조배터리
A17: [Current Consumption During Recording] <Power Switching Conditions> - Before Sleep: Built-in Cam B+ Terminal (Pin #18 based on 18-pin connector DN8) - After Sleep: Auxiliary Battery (Pin #1 of 4-pin auxiliary battery connector) | B17: BAT_004 | C17: 1 | D17: [Current Consumption During Recording] | E17: Auxiliary battery output current during driving recording | F17: 12 V | G17: IGN | H17: ▪ Measurement of auxiliary battery output current during continuous driving recording ※ Measured with auxiliary battery charged to 80% or higher | I17: ▪ Power bank current consumption 0mA | N17: O | P17: O | Q17: 주차녹화 전원_보조배터리
C18: 2 | E18: CAN Wake up (e.g., when a customer operates the remote control while parked) | F18: 12 V | G18: IGN ↓ B+ | H18: ▪ Parking Recording in Progress ▪ Waiting to Enter Sleep ▪ Random CAN Signal Input (Wake Up) ▪ Built-in Cam B+ Input Current Measurement ▪ Waiting to Sleep ▪ Built-in Cam B+ Terminal Input Power Current Measurement | I18: ▪ B+ Current consumption 2mA or less (using auxiliary battery power) | N18: O | P18: O | Q18: 주차녹화 전원_보조배터리
A19: [Event recording while using power bank] | B19: BAT_005 | C19: 1 | D19: [Event recording while using power bank] | E19: Recording impact events while using power bank - Maintaining power usage of power bank | F19: 12 V | G19: IGN ↓ B+ | H19: ▪ Parking Recording in Progress ▪ Parking Event Notification Off ▪ Enter Sleep ▪ Impact Event Authorization | I19: ▪ Maintain power from auxiliary battery ▪ FCAM_IND_Frequency = 1 ▪ EVENT_SW_Frequency = 1 | P19: O | Q19: 주차녹화 전원_보조배터리
C20: 2 | E20: Manual Event Recording While Using Power Bank - Maintain Power Bank Power | F20: 12 V | G20: IGN ↓ B+ | H20: ▪ Parking recording in progress ▪ Entering Sleep ▪ Manual event authorization | I20: ▪ Maintain power from auxiliary battery ▪ FCAM_IND_Frequency = 1 ▪ EVENT_SW_Frequency = 1 | P20: O | Q20: 주차녹화 전원_보조배터리
A21: [Removing/Reinserting Battery During Recording] ※ Implementation: Auxiliary battery reconnection standby time approx. 10 seconds (Built-in cam B+ terminal used for 10 seconds) ↑ Not a defined specification, but implemented according to the above conditions | B21: BAT_006 | C21: 1 | D21: [Removing/Reinserting Battery During Recording] | E21: Alive status Built-in Cam B+ Power Input Cut Off | F21: 12 V | G21: IGN ↓ B+ | H21: ▪ Check parking recording status | I21: ▪ FCAM_IND_Frequency = 0.5 ▪ FCAM_IND_Duty = 0.5 ▪ EVENT_SW_IND = Turned On at approximately 10V | P21: O | Q21: 주차녹화 전원_보조배터리
C22: 2 | H22: ▪ Confirm parking recording ends after disconnecting the Built-in Cam B+ power input | I22: ▪ FCAM_IND_Frequency = 0 ▪ EVENT_SW_IND = 0 | P22: O | Q22: 주차녹화 전원_보조배터리
C23: 3 | E23: Remove auxiliary battery in Alive state | F23: 12 V | G23: IGN ↓ B+ | H23: ▪ Parking recording in progress ▪ Auxiliary battery removed | I23: ▪ Parking recording continues in Alive state - Ends when entering Sleep mode | P23: O | Q23: 주차녹화 전원_보조배터리
C24: 4 | E24: Cut off power input to Built-in Cam B+ after Sleep | F24: 12 V | G24: IGN ↓ B+ | H24: ▪ Parking recording in progress ▪ Standby until Sleep ▪ Built-in cam B+ power input cut off | I24: ▪ Auxiliary battery power maintained ▪ Parking recording to be maintained, recording file normal | P24: O | Q24: 주차녹화 전원_보조배터리
C25: 5 | E25: Remove auxiliary battery after sleep | F25: 12 V | G25: IGN ↓ B+ | H25: ▪ Parking recording in progress ▪ Standby until Sleep ▪ Remove auxiliary battery ▪ Check operation after 20 seconds | I25: ▪ Use the built-in cam B+ terminal immediately after removal. ▪ Turn off the built-in cam after approximately 10 seconds. ※ There are no fixed specifications; this is based on DN8 operation. | P25: O | Q25: 주차녹화 전원_보조배터리
C26: 6 | E26: Immediately after an impact event occurs during parking recording, disconnect the auxiliary battery for 3 seconds and then reconnect it. | F26: 12 V | G26: B+ | H26: Immediately after an impact event occurs during parking recording, disconnect the auxiliary battery for 3 seconds and then reconnect it. | I26: ▪ Recorded video will be saved normally, and the recording status will not terminate abnormally | P26: O | Q26: 주차녹화 전원_보조배터리
A27: [BMS_OPERATION_CONTROL] :BAT_Charge_Control | B27: BAT_007 | C27: 1 | D27: [Charge] BMS_OPERATION_CONTROL | E27: BAT_Charge_Control = 1: Start charging (ICE) | F27: 12 V | G27: IGN | H27: ▪ IGN ON state ▪ SMK_TrmnlCtrlGrpStaBDC) signal = Running(0x4) or ▪ SMK_TrmnlCtrlGrpStaBDCEV) signal = Ready(0x3) (from ME) | I27: ▪ [LIN] BMS_OPERATION_CONTROL - Send BAT_Charge_Control = 0x1 (Start charging) once | N27: O | O27: O | P27: O | Q27: 주차녹화 전원_보조배터리
C28: 2 | E28: SMK_TrmnlCtrlGrpStaBDC = 1 :ACC | F28: 12 V | G28: B+ | H28: ▪ SMK_TrmnlCtrlGrpStaBDC = 1 :ACC | I28: ▪ Driving Recording in Progress - F/R-CAM_INDI = Flashing (Flashing Frequency: 0.5Hz) - EVENT_SW_INDI = ON - BLTN_CAM_RecSta_OWD = 0x1(Recoreding) | O28: O | P28: O | Q28: 주차녹화 전원_보조배터리
C29: 3 | E29: SMK_TrmnlCtrlGrpStaBDC = 2 :IGN | F29: 12 V | G29: B+ | H29: ▪ SMK_TrmnlCtrlGrpStaBDC = 2 :IGN | I29: ▪ Driving recording in progress | O29: O | P29: O | Q29: 주차녹화 전원_보조배터리
C30: 4 | E30: SMK_TrmnlCtrlGrpStaBDC = 3 :Cranking | F30: 12 V | G30: B+ | H30: ▪ SMK_TrmnlCtrlGrpStaBDC = 3 :Cranking | I30: ▪ Driving recording in progress | O30: O | P30: O | Q30: 주차녹화 전원_보조배터리
C31: 5 | E31: SMK_TrmnlCtrlGrpStaBDC = 4 :Engine Running | F31: 12 V | G31: B+ | H31: ▪ SMK_TrmnlCtrlGrpStaBDC = 4 :Engine Running | I31: ▪ Driving recording in progress | O31: O | P31: O | Q31: 주차녹화 전원_보조배터리
C32: 6 | E32: SMK_TrmnlCtrlGrpStaBDCEV = 1: Power ON | F32: 12 V | G32: B+ | H32: SMK_TrmnlCtrlGrpStaBDCEV = 1: Power ON | I32: ▪ Driving Recording in Progress - F/R-CAM_INDI = Flashing (Flashing Frequency: 0.5Hz) - EVENT_SW_INDI = ON - BLTN_CAM_RecSta_OWD = 0x1(Recoreding) | O32: O | P32: O | Q32: 주차녹화 전원_보조배터리
C33: 7 | E33: SMK_TrmnlCtrlGrpStaBDCEV = 2 :Cranking | F33: 12 V | G33: B+ | H33: ▪ SMK_TrmnlCtrlGrpStaBDCEV = 2 :Cranking | I33: ▪ Driving recording in progress | O33: O | P33: O | Q33: 주차녹화 전원_보조배터리
C34: 8 | E34: SMK_TrmnlCtrlGrpStaBDCEV = 3 :Ready | F34: 12 V | G34: B+ | H34: ▪ SMK_TrmnlCtrlGrpStaBDCEV = 3 :Ready | I34: ▪ Driving recording in progress | O34: O | P34: O | Q34: 주차녹화 전원_보조배터리
C35: 9 | E35: BAT_Charge_Control = 0: Stop charging/discharging (Stop charging) | F35: 12 V | G35: IGN | H35: ▪ IGN ON State ▪ Engine Status (SMK_TrmnlCtrlGrpStaBDC) Signal = Running(0x4) → 0x0(Off) or ▪ SMK_TrmnlCtrlGrpStaBDCEV) Signal = Ready(0x3) → 0x0(Off) | I35: ▪ [LIN] BMS_OPERATION_CONTROL - Send BAT_Charge_Control = 0x0 (Stop charging/discharging) once | N35: O | O35: O | P35: O | Q35: 주차녹화 전원_보조배터리
C36: 10 | E36: BAT_Charge_Control = 2: Start discharging | F36: 12 V | G36: IGN | H36: ▪ ACC & IGN OFF ▪ Enter Sleep during Parking Recording | I36: ▪ [LIN] BMS_OPERATION_CONTROL - Send BAT_Charge_Control = 0x2 (Start Discharging) once ▪ Switch to auxiliary battery power | N36: O | O36: O | P36: O | Q36: 주차녹화 전원_보조배터리
C37: 11 | E37: BAT_Charge_Control = 0: Stop charging/discharging (stop discharging) | F37: 12 V | G37: B+ | H37: ▪ ACC & IGN ON | I37: ▪ [LIN] BMS_OPERATION_CONTROL - Send BAT_Charge_Control = 0x0 (Stop charging/discharging) once ▪ Switch to auxiliary battery power | N37: O | O37: O | P37: O | Q37: 주차녹화 전원_보조배터리
A38: [BMS_OPERATION_CONTROL] :BAT_Discharging_Time | C38: 12 | E38: BAT_Discharge_Time = 0 ~ 254 (Battery discharge time setting) | F38: 12 V | G38: IGN | H38: ▪ Comparison of Set Recording Time and Battery Discharge Time ※ You must compare the two signals by turning the KEY OFF while the auxiliary battery is charging to update the Operable Time. | I38: ▪ Matches the set recording time Ex) Even if Operable Time becomes -1 when entering Sleep, this signal must transmit the actual recording time. (Not the same as the Operable Time signal) | L38: 과거차문제PASTI-352 주차 녹화 조기 종료 현상 개선 | O38: O | P38: O | Q38: 주차녹화 전원_보조배터리 | R38: O
A39: [BMS_OPERATION_CONTROL] :Key_On_Off_Info | C39: 13 | E39: Key_On_Off_Info = 0 : ACC OFF | F39: 12 V | G39: IGN | H39: ▪ ACC & IGN OFF ▪ Check ACC ON/OFF information signal | I39: ▪ ACC ON/OFF information signal at discharge point Key_On_Off_Info = 0 : Transmit ACC OFF | O39: O | P39: O | Q39: 주차녹화 전원_보조배터리
C40: 14 | E40: Key_On_Off_Info = 1 : ACC ON | F40: 12 V | G40: IGN | H40: ▪ Check ACC ON/OFF information signal | I40: ▪ ACC ON/OFF information signal at discharge point Key_On_Off_Info = 1 : Transmit ACC ON | O40: O | P40: O | Q40: 주차녹화 전원_보조배터리
A41: [Fail Safety] | B41: BAT_008 | C41: 1 | D41: [Fail Safety] | E41: Maintain Auxiliary Battery Status = 0x0 (Standby) at the time of discharge | F41: 12 V | G41: IGN | H41: ▪ [LIN] Enter BMS_INFO_03 - BAT_Status = 0x0 ▪ Open auxiliary battery LIN line, CANoe and built-in cam connected 1:1 (genuine authentication maintained) ▪ Enter communication sleep after turning KEY OFF | I41: ▪ Check the following signal when switching to auxiliary battery mode upon entering sleep ▪ [LIN] BMS_OPERATION_CONTROL - BAT_Charge_Control = 0x2 (Discharge start) Transmit 10 times (may transmit fewer than 10 times) | P41: O | Q41: 주차녹화 전원_보조배터리
C42: 2 | E42: Request to stop activation when deactivating after KEY OFF | F42: 12 V | G42: IGN | H42: ▪ Open the auxiliary battery LIN line after turning the key off | I42: ▪ [LIN] BMS_OPERATION_CONTROL - Send BAT_Charge_Control = 0x0(Stop charging/discharging) | P42: O | Q42: 주차녹화 전원_보조배터리
A43: [Emergency Power Cut-off Logic] | B43: BAT_009 | C43: 1 | D43: [Emergency Forced Power Shut-off Logic] | E43: Received Emergency Forced Power Cut Warning Signal During Parking Recording - 0x0 (NoWarning): Vehicle power usage maintained - 0x1 (Warning): Power switch to auxiliary battery - 0x2 (Not Used): Vehicle power usage maintained - 0x3 (Invalid): Vehicle power usage maintained | F43: 12 V | G43: IGN ↓ B+ | H43: ▪ Parking recording starts with KEY OFF ▪ [ICU_11_1000ms] Received ICU_BattAutoCutPreWrng = 0x0(NoWarning) | I43: ▪ Maintain vehicle power usage, maintain continuous parking recording | N43: O | O43: O | P43: O | Q43: 주차녹화 전원_보조배터리
C44: 2 | F44: 12 V | G44: IGN ↓ B+ | H44: ▪ Turn KEY OFF to start parking recording ▪ [ICU_11_1000ms] Received ICU_BattAutoCutPreWrng = 0x1(Warning) (after 5 seconds) | I44: ▪ [LIN] BMS_OPERATION_CONTROL - BAT_Charge_Control = 0x2 (Start Discharge) Transmit 1 time ▪ Switch to auxiliary battery power ▪ Maintain continuous parking recording ※ In Network Alive state, the B+ dark current 2mA specification is irrelevant. | N44: O | O44: O | P44: O | Q44: 주차녹화 전원_보조배터리
C45: 3 | F45: 12 V | G45: IGN ↓ B+ | H45: ▪ Turn KEY OFF to start parking recording ▪ [ICU_11_1000ms] Receive ICU_BattAutoCutPreWrng = 0x2(Not Used) | I45: ▪ Maintain vehicle power usage ▪ Maintain continuous parking recording | N45: O | O45: O | P45: O | Q45: 주차녹화 전원_보조배터리
C46: 4 | F46: 12 V | G46: IGN ↓ B+ | H46: ▪ Turn KEY OFF to start parking recording ▪ [ICU_11_1000ms] Received ICU_BattAutoCutPreWrng = 0x3(Invalid) | I46: ▪ Maintain vehicle power usage ▪ Maintain continuous parking recording | N46: O | O46: O | P46: O | Q46: 주차녹화 전원_보조배터리
C47: 5 | E47: Received Emergency Forced Power Cut Warning Signal During Parking Recording - Confirm Sleep Entry After Received | F47: 12 V | G47: IGN ↓ B+ | H47: ▪ Parking recording proceeds with KEY OFF ▪ [ICU_11_1000ms] Received ICU_BattAutoCutPreWrng = 0x1(Warning) ▪ CAN Sleep or Ethernet Link Down | I47: ▪ [LIN] BMS_OPERATION_CONTROL - BAT_Charge_Control = 0x2 (Start Discharge) Transmit 1 time ▪ Switch to auxiliary battery power ▪ Maintain continuous parking recording ▪ B+ dark current less than 2mA ▪ Resume parking recording after reboot | P47: O | Q47: 주차녹화 전원_보조배터리
C48: 6 | E48: Received Emergency Forced Power Cut Warning Signal During Parking Recording - Received 0x1 (Warning) for 5 seconds, then time out - Received 0x1 (Warning) for 5 seconds, then 0x0 (NoWarning) | F48: 12 V | G48: IGN ↓ B+ | H48: ▪ Turn KEY OFF to start parking recording ▪ [ICU_11_1000ms] Received ICU_BattAutoCutPreWrng = 0x1(Warning) (5 seconds) ▪ [ICU_11_1000ms] time out | I48: ▪ [LIN] BMS_OPERATION_CONTROL - BAT_Charge_Control = 0x2 (Start Discharge) Transmit 1 time ▪ Switch to auxiliary battery power ▪ Maintain continuous parking recording ▪ B+ dark current less than 2mA | P48: O | Q48: 주차녹화 전원_보조배터리
C49: 7 | F49: 12 V | G49: IGN ↓ B+ | H49: ▪ Parking recording starts with KEY OFF ▪ [ICU_11_1000ms] Received ICU_BattAutoCutPreWrng = 0x1 (Warning) (5 sec) ▪ [ICU_11_1000ms] Received ICU_BattAutoCutPreWrng = 0x0 (NoWarning) ▪ Network Sleep | I49: ▪ [LIN] BMS_OPERATION_CONTROL - BAT_Charge_Control = 0x2 (Start Discharge) Transmit 1 time ▪ Switch to auxiliary battery power ▪ Maintain continuous parking recording ▪ B+ dark current less than 2mA | P49: O | Q49: 주차녹화 전원_보조배터리
C50: 8 | E50: Received Emergency Forced Power Cut-off Warning Signal During Driving Recording - ACC: Maintain Vehicle Power - IGN: Maintain Vehicle Power | F50: 12 V | G50: ACC | H50: ▪ Driving recording in progress ▪ [ICU_11_1000ms] Received ICU_BattAutoCutPreWrng = 0x1(Warning) | I50: ▪ Maintain vehicle power usage ▪ Maintain continuous driving recording | P50: O | Q50: 주차녹화 전원_보조배터리
C51: 9 | F51: 12 V | G51: IGN | H51: ▪ Driving recording in progress ▪ [ICU_11_1000ms] Received ICU_BattAutoCutPreWrng = 0x1(Warning) | I51: ▪ Maintain vehicle power usage ▪ Maintain continuous driving recording | P51: O | Q51: 주차녹화 전원_보조배터리
C52: 10 | E52: Receiving emergency forced power cutoff warning signal - Checking parking event recording operation - Checking text notification function operation | F52: 12 V | G52: IGN ↓ B+ | H52: ▪ Parking recording starts with KEY OFF ▪ [ICU_11_1000ms] Received ICU_BattAutoCutPreWrng = 0x1(Warning) ▪ Enable impact event and manual event | I52: ▪ [LIN] BMS_OPERATION_CONTROL - Send BAT_Charge_Control = 0x2 (Start Discharging) once ▪ Switch to auxiliary battery power | P52: O | Q52: 주차녹화 전원_보조배터리
C53: 11 | I53: ▪ Turn KEY ON to check recording files - Continuous parking, impact/manual event recording files generated | P53: X | Q53: 주차녹화 전원_보조배터리
C54: 12 | F54: 12 V | G54: IGN ↓ B+ | H54: ▪ Parking Recording in Progress ▪ [ICU_11_1000ms] Received ICU_BattAutoCutPreWrng = 0x1(Warning) ▪ 6 impact events occurred after switching power to auxiliary battery | I54: ▪ [LIN] BMS_OPERATION_CONTROL - BAT_Charge_Control = 0x2 (Discharge Start) transmitted 1 time ▪ Switched to auxiliary battery power ▪ Parking notification function operated normally (5 times) - Notification function did not operate on the 6th attempt | P54: O | Q54: 주차녹화 전원_보조배터리
A55: [Current consumption after recording ends] | B55: BAT_010 | C55: 1 | D55: [Current consumption after recording ends] | E55: B+ Current Measurement | F55: 12 V | G55: IGN | H55: ▪ Start parking recording ▪ Check B+ terminal input current after parking recording ends | I55: ▪ B+ Current consumption (0.5mA or less) | N55: O | P55: O | Q55: 주차녹화 전원_보조배터리
C56: 2 | E56: Measure auxiliary battery output current after recording ends | F56: 12 V | G56: IGN | H56: ▪ Start parking recording ▪ Check auxiliary battery output current after parking recording ends | I56: ▪ Power bank current consumption 0mA | N56: O | P56: O | Q56: 주차녹화 전원_보조배터리
A57: [Auxiliary Battery Remaining Capacity Display] NCM Battery : 0 ~ 20Hr Error Range ±1% <P-LBM, 30AH, 11V, 540mA@12V> 2nd Generation: GN7, GN7 HEV, SX2, SX2 HEV, DN8 PE, MQ4 PE, MQ4 PE HEV, KA4 PE, KA4 PE HEV, NX4 PE, NX4 PE HEV, MX5, MX5 HEV, JK1 PE, JX1 PE/SB, GL3 PE, GL3 PE HEV, NQ5 PE, DL3 PE, DL3 PE HEV, RG3 PE 2.5th Generation: SG2 PE, LX3, LX3 HEV, US4 PE, US4 PE HEV, SP3 <P-LBM, 20AH, 11V, 540mA@12V> (SoC Table (Identical to 30AH) 2nd Generation: RG3 PE EV, JK1 PE EV, etc. 2.5th Generation: JW1 PE | B57: BAT_011 | C57: 1 | D57: [Auxiliary Battery Remaining Capacity Display] NCM Battery (Sub Battery Pin Input) | E57: Parking recording duration: 0 hours | F57: 12 V | G57: IGN | H57: ▪ BAT_SOC = 0~4%, BAT_Type, BAT_Capa = Capacity corresponding to vehicle model | I57: ▪ BLTN_CAM_Prk_Oprable_Time = 0x0(0Hr) | P57: O | Q57: 주차녹화 전원_보조배터리
C58: 2 | E58: Parking recording duration: 1 hour | F58: 12 V | G58: IGN | H58: ▪ BAT_SOC = 5~9%, BAT_Type, BAT_Capa Vehicle Model Corresponding Capacity | I58: ▪ BLTN_CAM_Prk_Oprable_Time = 0x1(1Hr) | P58: O | Q58: 주차녹화 전원_보조배터리
C59: 3 | E59: Parking recording duration: 2 hours | F59: 12 V | G59: IGN | H59: ▪ BAT_SOC = 10~14%, BAT_Type, BAT_Capa Vehicle Model Corresponding Capacity | I59: ▪ BLTN_CAM_Prk_Oprable_Time = 0x2(2Hr) | P59: O | Q59: 주차녹화 전원_보조배터리
C60: 4 | E60: Parking recording duration: 3 hours | F60: 12 V | G60: IGN | H60: ▪ BAT_SOC = 15~19%, BAT_Type, BAT_Capa Vehicle Model Corresponding Capacity | I60: ▪ BLTN_CAM_Prk_Oprable_Time = 0x3(3Hr) | P60: O | Q60: 주차녹화 전원_보조배터리
C61: 5 | E61: Parking recording duration: 4 hours | F61: 12 V | G61: IGN | H61: ▪ BAT_SOC = 20~24%, BAT_Type, BAT_Capa Vehicle Model Corresponding Capacity | I61: ▪ BLTN_CAM_Prk_Oprable_Time = 0x4(4Hr) | P61: O | Q61: 주차녹화 전원_보조배터리
C62: 6 | E62: Parking recording duration: 5 hours | F62: 12 V | G62: IGN | H62: ▪ BAT_SOC = 25~29%, BAT_Type, BAT_Capa Vehicle Model Corresponding Capacity | I62: ▪ BLTN_CAM_Prk_Oprable_Time = 0x5(5Hr) | P62: O | Q62: 주차녹화 전원_보조배터리
C63: 7 | E63: Parking recording duration: 6 hours | F63: 12 V | G63: IGN | H63: ▪ BAT_SOC = 30~34%, BAT_Type, BAT_Capa Vehicle Model Corresponding Capacity | I63: ▪ BLTN_CAM_Prk_Oprable_Time = 0x6(6Hr) | P63: O | Q63: 주차녹화 전원_보조배터리
C64: 8 | E64: Parking recording duration: 7 hours | F64: 12 V | G64: IGN | H64: ▪ BAT_SOC = 35~39%, BAT_Type, BAT_Capa Vehicle Model Corresponding Capacity | I64: ▪ BLTN_CAM_Prk_Oprable_Time = 0x7(7Hr) | P64: O | Q64: 주차녹화 전원_보조배터리
C65: 9 | E65: Parking recording duration: 8 hours | F65: 12 V | G65: IGN | H65: ▪ BAT_SOC = 40~44%, BAT_Type, BAT_Capa Vehicle Model Corresponding Capacity | I65: ▪ BLTN_CAM_Prk_Oprable_Time = 0x8(8Hr) | P65: O | Q65: 주차녹화 전원_보조배터리
C66: 10 | E66: Parking recording duration: 9 hours | F66: 12 V | G66: IGN | H66: ▪ BAT_SOC = 45~49%, BAT_Type, BAT_Capa Vehicle Model Corresponding Capacity | I66: ▪ BLTN_CAM_Prk_Oprable_Time = 0x9(9Hr) | P66: O | Q66: 주차녹화 전원_보조배터리
C67: 11 | E67: Parking recording duration: 10 hours | F67: 12 V | G67: IGN | H67: ▪ BAT_SOC = 50~53%, BAT_Type, BAT_Capa Vehicle Model Corresponding Capacity | I67: ▪ BLTN_CAM_Prk_Oprable_Time = 0xA(10Hr) | P67: O | Q67: 주차녹화 전원_보조배터리
C68: 12 | E68: Parking recording duration: 11 hours | F68: 12 V | G68: IGN | H68: ▪ BAT_SOC = 54~58%, BAT_Type, BAT_Capa Vehicle Model Corresponding Capacity | I68: ▪ BLTN_CAM_Prk_Oprable_Time = 0xB(11Hr) | P68: O | Q68: 주차녹화 전원_보조배터리
C69: 13 | E69: Parking recording duration: 12 hours | F69: 12 V | G69: IGN | H69: ▪ BAT_SOC = 59~63%, BAT_Type, BAT_Capa Vehicle Model Corresponding Capacity | I69: ▪ BLTN_CAM_Prk_Oprable_Time = 0xC(12Hr) | P69: O | Q69: 주차녹화 전원_보조배터리
... C76: 20 | E76: Parking recording duration: 19 hours | F76: 12 V | G76: IGN | H76: ▪ BAT_SOC = 94~98%, BAT_Type, BAT_Capa Vehicle Model Corresponding Capacity | I76: ▪ BLTN_CAM_Prk_Oprable_Time = 0x13(19Hr) | P76: O | Q76: 주차녹화 전원_보조배터리
C77: 21 | E77: Parking recording duration: 20 hours | F77: 12 V | G77: IGN | H77: ▪ BAT_SOC = 99~%, BAT_Type, BAT_Capa Vehicle Model Corresponding Capacity | I77: ▪ BLTN_CAM_Prk_Oprable_Time = 0x14(20Hr) | N77: O | P77: O | Q77: 주차녹화 전원_보조배터리
C78: 22 | E78: When SoC = 0xFF is entered | F78: 12 V | G78: IGN | H78: ▪ BAT_SOC signal(0xFF) | I78: ▪ BLTN_CAM_Prk_Oprable_Time = 0x0(0Hr) | P78: O | Q78: 주차녹화 전원_보조배터리
A79: [July 2023 Update] Changed to calculate and update the built-in cam’s ‘available parking recording time’ when checking vehicle status via the CCS app during parking recording. | B79: BAT_012 | C79: 1 | D79: [July 2023 Business Update] Recording time available during parking recording updated | E79: Decrease if more than 1 hour remains | F79: 12 V | G79: B+ | H79: ▪ Start 20-hour weekly recording ▪ Randomly wake up the network every hour (using CANoe CAPL) ▪ Check weekly recording availability time (BLTN_CAM_Prk_Oprable_Time) and then check for sleep. | I79: ▪ Updates and outputs the current remaining recording time upon Wake Up : BLTN_CAM_Prk_Oprable_Time = Remaining Time (rounded down to the nearest hour) | J79: Pass | P79: O | Q79: 주차녹화_지원
C80: 2 | E80: Round up if less than 1 hour remains | F80: 12 V | G80: B+ | H80: ↑ Continue by checking when there are 59 minutes remaining | I80: ▪ BLTN_CAM_Prk_Oprable_Time = 1 Hr | J80: Pass | P80: O | Q80: 주차녹화_지원
C81: 3 | E81: Round up if less than 1 hour remains (2) | F81: 12 V | G81: B+ | H81: ▪ Always off while parked, Parking Event on ▪ Set recording time while parked to 1 hour → ICU_BS2SoC = 70 ▪ Can WAKE UP after entering SLEEP by turning KEY OFF | I81: ▪ BLTN_CAM_Prk_Oprable_Time = 1 Hr | J81: Pass | P81: O | Q81: 주차녹화_지원
A82: Check remaining recording time via the BlueLink app during parking recording (Remaining time excluding elapsed time) Applicable starting with MQ4 FL + OTA update applied to mass-produced vehicles (Official launch in July 2023) | B82: BAT_013 | C82: 1 | D82: [BLTN_CAM_STAT_PE_00_200ms] BLTN_CAM_Prk_Oprable_Time - CCS function | E82: Operable time updated upon network wake-up during parking recording | F82: 12 V | G82: B+ | H82: ▪ Start continuous parking recording (capable of recording for 2 hours or more) ▪ Network Wake-up by inputting a CAN signal after CAN Sleep ▪ Check BLTN_CAM_Prk_Oprable_Time signal value | I82: ▪ Output the BLTN_CAM_Prk_Oprable_Time value as is at the time of KEY OFF. | J82: Pass | O82: O | P82: O | Q82: 주차녹화_지원
C83: 2 | E83: Operable time updated upon Network Wake-up during parking recording (after 1 hour) | F83: 12 V | G83: B+ | H83: ▪ Start continuous parking recording (capable of recording for 2 hours or more) ▪ Network Wake-up by inputting an arbitrary CAN signal after 1 hour of recording ▪ Check BLTN_CAM_Prk_Oprable_Time signal value | I83: ▪ Output the value of BLTN_CAM_Prk_Oprable_Time minus 1 hour at the time of KEY OFF. | J83: Pass | O83: X | P83: O | Q83: 주차녹화_지원
C84: 3 | E84: Operable time updated upon network wake-up after parking recording is complete | F84: 12 V | G84: B+ | H84: ▪ Start continuous parking recording (capable of recording for 2 hours or more) ▪ Network Wake-up by inputting an arbitrary CAN signal after 1 hour of recording is complete ▪ Check BLTN_CAM_Prk_Oprable_Time signal value | I84: ▪ BLTN_CAM_Prk_Oprable_Time = 1 Hr output | J84: Pass | O84: X | P84: O | Q84: 주차녹화_지원
A85: Improved output specifications for recording time while running | B85: BAT_014 | C85: 1 | D85: [BLTN_CAM_STAT_PE_00_200ms] BLTN_CAM_Prk_Oprable_Time - CCS function | E85: Check available parking recording time via the CCS app - Continuous parking recording | F85: 12 V | G85: B+ | H85: ▪ Start continuous recording for 2 hours ▪ Network Wake-up by inputting an arbitrary CAN signal after completing recording for 1 hour or more ▪ Check BLTN_CAM_Prk_Oprable_Time signal value | I85: ▪ Output BLTN_CAM_Prk_Oprable_Time = 0x1 (Specification: 1 second ~ 1 hour 59 minutes 59 seconds → 1 hour output) | P85: △ | Q85: 주차충격 알림_지원
C86: 2 | F86: 12 V | G86: B+ | H86: ▪ Check the BLTN_CAM_Prk_Oprable_Time signal value after completing 2 hours of parking recording. | I86: ▪ BLTN_CAM_Prk_Oprable_Time = 0x0 output (Specification: 0 seconds (recording ends) → 0 hours output) | P86: △ | Q86: 주차충격 알림_지원
C87: 3 | E87: Check available parking recording time via CCS app - Parking motion recording | F87: 12 V | G87: B+ | H87: ▪ Start parking motion recording ▪ Network Wake-up by inputting an arbitrary CAN signal after recording for 1 hour or more is complete ▪ Check BLTN_CAM_Prk_Oprable_Time signal value | I87: ▪ P-LBM Model (LX3) : Output recording time based on SOC ▪ eAGM Model / P-LBM + eAGM Model (JW1 PE) : BLTN_CAM_Prk_Oprable_Time = BLTN_CAM_Set_PrkTime - BLTN_CAM_PRK_Oped_Time | P87: △ | Q87: 주차충격 알림_지원
C88: 4 | F88: 12 V | G88: B+ | H88: ▪ Check BLTN_CAM_Prk_Oprable_Time signal value after 2 hours of parking recording | I88: ▪ P-LBM Model (LX3) : Output recording time based on SOC ▪ eAGM Model / P-LBM + eAGM Model (JW1 PE) : BLTN_CAM_Prk_Oprable_Time = BLTN_CAM_Set_PrkTime - BLTN_CAM_PRK_Oped_Time | P88: △ | Q88: 주차충격 알림_지원
A89: Conditions for parking recording not to operate | B89: BAT_015 | C89: 1 | D89: [BLTN_CAM_STAT_PE_00_200ms] BLTN_CAM_Prk_Oprable_Time(When auxiliary battery is not installed) | E89: Parking operation not set by user settings (Auxiliary battery is connected) | F89: 12 V | G89: IGN | H89: ▪ Turn off Parking Continuous and Event Recording Settings | I89: ▪ BLTN_CAM_Prk_Oprable_Time = Output recording time (not 0xFC) | O89: O | P89: O | Q89: 주차녹화 전원_보조배터리
C90: 2 | E90: The built-in cam does not have an auxiliary battery, so it does not operate while parked. (This vehicle is capable of connecting an auxiliary battery.) | F90: 12 V | G90: IGN | H90: ▪ When removing the auxiliary battery | I90: ▪ BLTN_CAM_Prk_Oprable_Time = 0xFD (Parking recording menu disabled) <2.5th Generation> ▪ BLTN_CAM_Prk_Oprable_Time = 0x00 (Parking recording menu enabled) <Vehicles equipped with PLBM+EAGM> ▪ BLTN_CAM_Prk_Oprable_Time = 120 hr | O90: O | P90: O | Q90: 주차녹화 전원_보조배터리
C91: 3 | E91: This model is not equipped with a built-in cam auxiliary battery, so it does not have the parking operation function. (This model does not support auxiliary battery connection.) | F91: 12 V | G91: IGN | H91: ▪ Vehicle models that do not support auxiliary batteries | I91: ▪ BLTN_CAM_Prk_Oprable_Time = 0xFE | O91: O | P91: O | Q91: 주차녹화_미지원
A92: [BLTN_CAM_STAT_PE_00_200ms] BLTN_CAM_Prk_Oprable_Time_Max | B92: BAT_016 | C92: 1 | D92: [BLTN_CAM_STAT_PE_00_200ms] BLTN_CAM_Prk_Oprable_Time_Max | E92: BLTN_CAM_Prk_Oprable_Time_Max Output Value Check (MAX) Time | F92: 12 V | G92: IGN | H92: ▪ Check BLTN_CAM_Prk_Oprable_Time_Max value | I92: ▪ BLTN_CAM_Prk_Oprable_Time_Max = 0x14(20Hr) : Constant value | J92: Pass | O92: O | P92: O | Q92: 주차녹화_지원
C93: 2 | E93: Check BLTN_CAM_Prk_Oprable_Time_Max output value (not set) | F93: 12 V | G93: IGN | H93: ▪ Check BLTN_CAM_Prk_Oprable_Time_Max value | I93: ▪ BLTN_CAM_Prk_Oprable_Time_Max = 0x14(20Hr) : Constant value | J93: Pass | O93: O | P93: O | Q93: 주차녹화_지원
C94: 3 | E94: Check BLTN_CAM_Prk_Oprable_Time_Max output value (not installed) | F94: 12 V | G94: IGN | H94: ▪ Check BLTN_CAM_Prk_Oprable_Time_Max value | I94: ▪ BLTN_CAM_Prk_Oprable_Time_Max = 0xFD | J94: Pass | O94: O | P94: O | Q94: 주차녹화_지원
C95: 4 | E95: Check BLTN_CAM_Prk_Oprable_Time_Max output value (not applied) | F95: 12 V | G95: IGN | H95: ▪ Check BLTN_CAM_Prk_Oprable_Time_Max value | I95: ▪ BLTN_CAM_Prk_Oprable_Time_Max = 0xFE | O95: O | P95: O | Q95: 주차녹화_미지원
C96: 5 | E96: Check BLTN_CAM_Prk_Oprable_Time_Max output value (120 hours - always-on setting) | F96: 12 V | G96: IGN | H96: ▪ Set parking recording time to 10–120 hours and check the signal below ▪ Check the BLTN_CAM_Prk_Oprable_Time_Max value | I96: ▪ BLTN_CAM_Prk_Oprable_Time_Max = 0x78(120Hr) Fixed | J96: Pass | O96: O | P96: O | Q96: 주차녹화_지원
A97: [Auxiliary Battery Level Display] (3) : Key Reset | B97: BAT_017 | C97: 1 | D97: [Auxiliary Battery Level Display] : Key Reset | E97: Verify normal output after resetting the parking time key | F97: 12 V | G97: IGN →B+ →IGN | H97: ▪ KEY RESET ▪ Check if BLTN_CAM_Prk_Oprable_Time signal is updated based on BAT_SOC input value | I97: BLTN_CAM_Prk_Oprable_Time updated based on BAT_SOC input value | P97: O | Q97: 주차녹화 전원_보조배터리
A98: [LIN Disable when Pack Voltage is Low] ※ Specification: Communication is suspended in ACC state BAT_Volt irrelevant when IGN is ON | B98: BAT_018 | C98: 1 | D98: [LIN Disable when Pack Voltage is Low] | E98: Normal range of auxiliary battery pack voltage from ACC power | F98: 12 V | G98: ACC | H98: ▪ [LIN] BMS_INFO_02 - BAT_Vlot = 8.9V input | I98: ▪ Maintain LIN communication | P98: X | Q98: 주차녹화 전원_보조배터리
C99: 2 | E99: Low voltage of auxiliary battery pack from ACC power | F99: 12 V | G99: ACC | H99: ▪ [LIN] BMS_INFO_02 - BAT_Vlot = 8.5V input | I99: ▪ Disable LIN communication (parking recording does not need to be disabled) | P99: X | Q99: 주차녹화 전원_보조배터리
C100: 3 | E100: Returning auxiliary battery pack voltage to normal from ACC power | F100: 12 V | G100: ACC | H100: ▪ [LIN] BMS_INFO_02 - BAT_Vlot = 8.9V Input ▪ ACC RESET | I100: ▪ Resumption of LIN communication | P100: X | Q100: 주차녹화 전원_보조배터리
C101: 4 | E101: Normal range of auxiliary battery pack voltage from IGN power | F101: 12 V | G101: IGN | H101: ▪ [LIN] BMS_INFO_02 - BAT_Vlot = 8.9V input | I101: ▪ Maintain LIN communication | P101: X | Q101: 주차녹화 전원_보조배터리
C102: 5 | E102: Low voltage of auxiliary battery pack from IGN power | F102: 12 V | G102: IGN | H102: ▪ [LIN] BMS_INFO_02 - BAT_Vlot = 8.8V input | I102: ▪ Maintain LIN communication | P102: X | Q102: 주차녹화 전원_보조배터리
C103: 6 | E103: Returning the auxiliary battery pack voltage to normal voltage from the IGN power supply | F103: 12 V | G103: IGN | H103: ▪ [LIN] BMS_INFO_02 - BAT_Vlot = 8.9V input | I103: ▪ Maintain LIN communication | P103: X | Q103: 주차녹화 전원_보조배터리
A104: [Malicious Performance] : Switching to Power Bank Usage **Malicious Performance] | B104: BAT_019 | C104: 1 | D104: [Conditions of Evil] Switching to using a portable battery | E104: Repeat CAN WakeUp during parking recording | F104: 12 V | G104: B+ | H104: ▪ Repeat CAN WakeUp during parking recording - Send message 10 times at 10-second intervals | I104: ▪ Enter Sleep mode after switching between auxiliary battery and vehicle battery - Do not use vehicle power after Sleep mode. | P104: O | Q104: 주차녹화 전원_보조배터리
C105: 2 | E105: Repeat KEY ON/OFF during parking recording - Button start type | F105: 12 V | G105: B+ → ACC → IGN | H105: ▪ Verify that the device enters Sleep mode after power wake-up during parking recording - Repeat 5 times at 10-second intervals in the order of B+ → ACC → IGN | I105: ▪ Enter Sleep mode after switching between auxiliary battery and vehicle battery - Do not use vehicle power after Sleep mode. | P105: O | Q105: 주차녹화 전원_보조배터리
C106: 3 | E106: Repeat KEY ON/OFF during Parking Recording - Key Type | F106: 12 V | G106: B+ ↔ ACC | H106: ▪ Verify that the device enters Sleep mode after power wake-up during parking recording - Repeat 5 times at 10-second intervals in the order of B+ ↔ ACC | I106: ▪ Enter Sleep mode after switching between auxiliary battery and vehicle battery - Do not use vehicle power after Sleep mode. | P106: O | Q106: 주차녹화 전원_보조배터리
...

Sheet 모바일 앱 연동기능
A1: English Translation | B1: {="APP_"&TEXT(MAX(IFERROR(--MID($B$2:$B$5000,5,3),0)),"000")} -> APP_020 | D1: English Translation | E1: English Translation | H1: English Translation | I1: English Translation
A2: memo | B2: ID | C2: Step | D2: Verification items | E2: detail | F2: 전압 | G2: 전원 | H2: Execution Procedure | I2: Expected value | J2: 결과 | K2: 측정값 | L2: 비고 | N2: 매뉴얼 기본 | O2: 자동화 기본 | P2: 자동화 반영 | Q2: 사양구분 | R2: 과거차문제
A3: [BLTN_CAM-Function-011] Mobile App Integration Function Wi-Fi Connection
A4: [WiFi Initial Setup - No Password Set] | B4: APP_001 | C4: 1 | D4: [WiFi Initial Setup - No Password Set] | E4: Wi-Fi settings initial state: Check Wi-Fi connection disabled | F4: 12 V | G4: IGN | H4: ▪ ICU_PowerAutoCutModSta = factory mode → customer mode | I4: ▪ Wifi settings - Off ▪ BLTN_CAM_WiFi_State = 0x3: Off - Password is not Set | N4: O | P4: X
C5: 2 | E5: Wi-Fi Settings Initial State: Connect Specification (CS/CW) ※ Connect Specification BLTN_CAM_WiFi_State = 0x3 Signal Not Used | F5: 12 V | G5: IGN | H5: ▪ ICU_PowerAutoCutModSta = factory mode → customer mode | I5: ▪ Wifi Settings - Off ▪ BLTN_CAM_WiFi_State = 0x0: Off | N5: O | P5: X
C6: 3 | E6: Check Wi-Fi settings to be disabled (North America/Russia) | F6: 12 V | G6: IGN | H6: ▪ Wi-Fi Connection Page - Turn WiFi Settings ON | I6: ▪ Wifi Settings - Keep Off ※ Temporarily Disabled | N6: O | P6: X
C7: 4 | E7: Verify Wi-Fi connection is disabled when no Wi-Fi password is set (Domestic/Japan/Europe/Middle East) ※ Connect specifications do not support this operation | F7: 12 V | G7: IGN | H7: ▪ Wi-Fi Connection Page - Turn WiFi Settings ON | I7: ▪ Display Wi-Fi password setting popup | N7: O | P7: X
C8: 5 | F8: 12 V | G8: IGN | H8: ↓ ' ▪ Wi-Fi Password Settings Popup - No | I8: ▪ Wifi settings - Off ▪ BLTN_CAM_WiFi_State = 0x3: Off - Password is not Set | N8: O | P8: X
A9: [WiFi Connection Status Signal] | B9: APP_002 | C9: 1 | D9: [WiFi Connection Status Signal] | E9: Built-in Cam WiFi setting OFF | F9: 12 V | G9: IGN | H9: ▪ 0x0: Wi-Fi Off | I9: ▪ BLTN_CAM_WiFi_State = 0x0: Off | N9: O | P9: X
C10: 2 | E10: Built-in cam WiFi password setup complete, WiFi settings ON | F10: 12 V | G10: IGN | H10: ▪ 0x1: Wi-Fi On, Ready to connect | I10: ▪ BLTN_CAM_WiFi_State = 0x01 : On, Ready to Connect Mobile Phone | N10: O | P10: X
C11: 3 | E11: Built-in Cam WiFi Smartphone App Connection Status | F11: 12 V | G11: IGN | H11: ▪ 0x2: Wi-Fi On, Connected | I11: ▪ BLTN_CAM_WiFi_State = 0x02: On, Mobile Phone Connected | N11: O | P11: X
C12: 4 | E12: Built-in cam WiFi password not set, WiFi settings OFF ※ Connection specification BLTN_CAM_WiFi_State = 0x3 Signal not in use | F12: 12 V | G12: IGN | H12: ▪ 0x3: Wi-Fi Off, Password Not Set | I12: ▪ BLTN_CAM_WiFi_State = 0x3: Off - Password is not Set | P12: X
A13: [Streaming Feature Settings] | B13: APP_020 | C13: 1 | D13: [Streaming Feature Settings] | E13: Built-in Cam Streaming Feature - Not Available on Vehicle Models (0X0 : Production Models Undetermined) | F13: 12V | G13: IGN | H13: ▪ BLTN_CAM_Rec_STRM_NvalueSet = 0X0: Default | I13: ▪ BLTN_CAM_RecSet_STRM = 0x0: Default | P13: X
C14: 2 | E14: Built-in Cam Streaming Feature - ON | H14: ▪ BLTN_CAM_Rec_STRM_NvalueSet = 0X2: ON | I14: ▪ BLTN_CAM_RecSet_STRM = 0x2: ON | P14: X
C15: 3 | E15: Built-in Cam Streaming Feature - OFF | H15: ▪ BLTN_CAM_Rec_STRM_NvalueSet = 0X1 : OFF | I15: ▪ BLTN_CAM_RecSet_STRM = 0x1: OFF | P15: X
A16: [Connecting Mobile Phone] (1) : Connect - Connect - Check currently connected devices - Cancel mobile phone connection | B16: APP_003 | C16: 1 | D16: [Connecting Mobile Phone] (1) : Connect | E16: Check connection | F16: 12 V | G16: IGN | H16: ▪ Check SID on Settings - WiFi Connection page ▪ Wi-Fi connection | I16: ▪ SID displayed correctly ex) [CN7]80-F3-D8-90-13-32 ▪ BLTN_CAM [App] connection successful via WiFi connection | L16: 과거차문제 PASTI-327 BLTN 내부 웹서버 모듈 ↔ 모바일 앱 연결관련 보안 수정 요청점 반영 | P16: X | R16: O
C17: 2 | E17: Repeated verification of normal WiFi module recognition status after B+ reset | F17: 12 V | G17: IGN | H17: ▪ B+ Reset ▪ Check SID on Settings - WiFi Connection page (repeat verification 10 times) | I17: ▪ SID displayed correctly | P17: X | R17: O
C18: 3 | E18: Repeatedly verify that the WiFi module is properly recognized after resetting the key. | F18: 12 V | G18: IGN | H18: ▪ ACC & IGN OFF, ON ▪ Check SID on Settings - WiFi Connection page (repeat verification 10 times) | I18: ▪ SID displayed correctly | P18: X | R18: O
C19: 4 | E19: Repeatedly verify normal recognition of the WiFi module after entering and exiting Built-in Cam mode. | F19: 12 V | G19: IGN | H19: ▪ Enter Built-in Cam Mode ▪ Check SID on the Settings - WiFi Connections page ▪ Exit Built-in Cam Mode (repeat verification 10 times) | I19: ▪ SID displayed correctly | P19: X | R19: O
C20: 5 | E20: Attempt to connect [App] from the BLTN_CAM main screen | F20: 12 V | G20: IGN | H20: ▪ Entering BLTN_CAM mode initial screen ▪ [App] Launch BlueLink/Kia Connect app and touch the connection icon - Attempt connection | I20: ▪ BLTN_CAM [App] Will not be able to connect | P20: X | R20: O
C21: 6 | E21: [App] Check WiFi Connection Status | F21: 12 V | G21: IGN | H21: ▪ [App] Launch BlueLink/Kia Connect : Select Settings tab | I21: ▪ [App] Output while connecting to WiFi | P21: X | R21: O
C22: 7 | E22: Cancel connection in BLTN_CAM | F22: 12 V | G22: IGN | H22: ▪ BLTN_CAM and WiFi Connection Status - Turn off [Enable Wi-Fi] on BLTN_CAM - Check if the connection is disconnected on the smartphone as well | I22: ▪ Disconnect | P22: X | R22: O
C23: 8 | E23: Cancel connection in [App] | F23: 12 V | G23: IGN | H23: ▪ BLTN_CAM and WiFi Connection Status - Select [Cancel] in [App] - Check if the connection is also disconnected from BLTN_CAM | I23: ▪ Disconnect | P23: X | R23: O
A24: [Mobile Phone Connection] (2) : Connection Unavailable | B24: APP_004 | C24: 1 | D24: [Mobile Phone Connection] (2) : Connection Unavailable | E24: Attempting to connect to another phone while connected on the first phone | F24: 12 V | G24: IGN | H24: ▪ BLTN_CAM WiFi connection status on the first phone ▪ Attempting to connect to BLTN_CAM WiFi on the second phone | I24: WiFi connection will be impossible when attempting to connect from the second phone | P24: X | R24: O
C25: 2 | E25: Attempting to connect simultaneously on 2 phones | F25: 12 V | G25: IGN | H25: ▪ Attempting simultaneous BLTN_CAM WiFi connection on two phones | I25: WiFi will connect on only one phone | P25: X | R25: O
C26: 3 | E26: Attempt to connect on another phone after ending the connection on the first phone. | F26: 12 V | G26: IGN | H26: ▪ BLTN_CAM WiFi connection status on the first phone ▪ Disconnect WiFi and end connection ▪ Attempt to connect BLTN_CAM WiFi on the second phone | I26: ▪ WiFi will connect normally when attempting to connect from the second phone. | P26: X | R26: O
A27: [Force Termination During Connection] (2) : Vehicle Operation | B27: APP_005 | C27: 1 | D27: [Force termination while connected] (2) : Vehicle operation | E27: Key Off while linked | F27: 12 V | G27: IGN | H27: ▪ Smartphone Connection Status ▪ IGN-> B+ | I27: ▪ [CAN] NM_BLTN_CAM - NMSleepFlag_BLTN_CAM = 0x01(SleepInd) ▪ [App] Please check the connection status of the built-in cam. A notification will be generated and the connection will be disconnected. | L27: 과거차문제 PASTI-326 WiFi 연결 불가 | P27: X | R27: O
C28: 2 | E28: Home screen transition while linked | F28: 12 V | G28: IGN | H28: ▪ Smartphone Connection Status ▪ [CAN] H_U HU_BLTN_CAM_E_00 - HU_Display = 0x00(AVN mode) | I28: ▪ [CAN] H_U HU_BLTN_CAM_E_00 - BLTN_CAM_Display = 0x00(AVN mode) ▪ [App] Please check the connection status of the built-in cam. A notification will be generated and the connection will be disconnected. | P28: X | R28: O
C29: 3 | E29: Use AVN physical keys while connected | F29: 12 V | G29: IGN | H29: ▪ Smartphone Connection Status ▪ AVN Physical Key Input | I29: ▪ [App] Please check the connection status of the built-in camera. A notification will be generated and the connection will be disconnected. | P29: X | R29: O
A30: [BLTN_CAM-Function-012] Mobile App Integration Function
A31: [Video List] (1) : Load - BLTN_CAM Saved Videos Check video list in App | B31: APP_006 | C31: 1 | D31: [Video List] (1) : Load Video List | E31: [App] Recording List with SD Card Removed : [Past Issue in Development], #23380 | F31: 12 V | G31: IGN | H31: ▪ Remove SD Card ▪ [App] Launch App and Connect to BLTN_CAM : Initial Screen - Check Recent Event Videos : Check Continuous Recording List While Driving : Check Event Recording List While Driving : Check Continuous Recording List While Parked : Check Event Recording List While Parked : Check Motion Recording List While Parked : Check Time-lapse Recording List : Check Library Items | I31: ▪ [App] No video list | P31: X
C32: 2 | E32: [App] Initial Screen Recent Event Video List | F32: 12 V | G32: IGN | H32: ▪ [App] Connect to BLTN_CAM after launching the app : Check recent event video on the initial screen | I32: ▪ [App] Display list of newly triggered event videos ▪ Check OSD consistency between saved videos and videos displayed in the app | P32: X
C33: 3 | E33: [App] Continuous Recording List While Driving | F33: 12 V | G33: IGN | H33: ▪ [App] Launch BlueLink/Kia Connect - Select Recorded Videos tab - Move to Always-on while driving item | I33: ▪ [App] Verify that the list of always-on video feeds can be checked while driving - Matches the video stored in BLTN_CAM ▪ Verify OSD consistency between the stored video and the video displayed in the app | N33: O | P33: X
C34: 4 | E34: [App] Driving Event Recording List | F34: 12 V | G34: IGN | H34: ▪ [App] Launch BlueLink/Kia Connect - Select Recorded Videos tab - Navigate to Driving Events | I34: ▪ [App] Confirmation: The list of event videos while driving should be viewable. - Matches the video stored in BLTN_CAM. ▪ Verify OSD consistency between the stored video and the video displayed in the app. | P34: X
C35: 5 | E35: [App] Continuous Recording List While Parked | F35: 12 V | G35: IGN | H35: ▪ [App] Launch BlueLink/Kia Connect - Select Recorded Videos tab - Go to Always Recorded While Parked | I35: ▪ [App] Confirmation: Always-on video list should be viewable while parked - Matches video stored on BLTN_CAM ▪ Verify OSD consistency between stored video and video displayed in the app | P35: X | Q35: 주차녹화_지원
C36: 6 | E36: [App] Parking Event Recording List | F36: 12 V | G36: IGN | H36: ▪ [App] Launch BlueLink/Kia Connect - Select Recorded Videos tab - Navigate to Parking Events | I36: ▪ [App] Confirmation: The list of event videos while parked should be viewable. - Matches the video stored in BLTN_CAM. ▪ Verify OSD consistency between the stored video and the video displayed in the app. | P36: X | Q36: 주차녹화_지원
C37: 7 | E37: [App] Motion Recording List While Parked | F37: 12 V | G37: IGN | H37: ▪ [App] Launch ONE App - Select Recorded Videos tab - Navigate to Parking Event ※ ONE App (Developed by Hyundai) is currently under development | I37: ▪ [App] Confirmation: The list of event videos while parked should be viewable. - Matches the video stored in BLTN_CAM. ▪ Verify OSD consistency between the stored video and the video displayed in the app. | P37: X | Q37: 모션감지_지원
C38: 8 | E38: [App] Time-lapse Recording List | F38: 12 V | G38: IGN | H38: ▪ [App] Launch BlueLink/Kia Connect - Select Recorded Videos tab - Go to Time-lapse item | I38: ▪ [App] Confirm Time-lapse video list should be viewable - Matches video stored in BLTN_CAM ▪ Verify OSD consistency between the stored video and the video displayed in the app | P38: X
C39: 9 | E39: [App] Archive Video List | F39: 12 V | G39: IGN | H39: ▪ [App] Launch BlueLink/Kia Connect - Select Recorded Videos tab - Move to Library item | I39: ▪ [App] Confirmation: Video list in the library should be viewable - Matches the video stored in BLTN_CAM ▪ Verify OSD consistency between the stored video and the video displayed in the app | P39: X
A40: [Video List] (2) : Delete video from BLTN_CAM - Check video list in App | B40: APP_007 | C40: 1 | D40: [Video List] (2) : Delete video from BLTN_CAM | E40: Home screen Recent events video list | F40: 12 V | G40: IGN | H40: ▪ [BLTN_CAM] Select Recorded Videos tab - Navigate to Driving/Parking Event Video List - Delete any video ▪ [App] Launch BlueLink/Kia Connect app : Check recent event videos on the initial screen | I40: ▪ [App] Confirmation: Always-on video list should be viewable while driving - Matches video stored in BLTN_CAM (deleted video does not remain in the list) | P40: X
C41: 2 | E41: Continuous recording list while driving | F41: 12 V | G41: IGN | H41: ▪ [BLTN_CAM] Select Recorded Videos tab - Move to Always-on While Driving item - Delete any video ▪ [App] Launch BlueLink/Kia Connect app - Select Recorded Videos tab - Move to Always-on While Driving item | I41: ▪ [App] Confirmation: Always-on video list should be viewable while driving - Matches video stored in BLTN_CAM (deleted video does not remain in the list) | P41: X
C42: 3 | E42: Driving Event Recording List | F42: 12 V | G42: IGN | H42: ▪ [BLTN_CAM] Select Recorded Videos tab - Navigate to Driving Events - Delete any video ▪ [App] Launch BlueLink/Kia Connect app - Select Recorded Videos tab - Navigate to Driving Events | I42: ▪ [App] Confirmation: The list of event videos while driving should be viewable. - Matches the videos stored in BLTN_CAM (deleted videos do not remain in the list) | P42: X
C43: 4 | E43: Continuous recording list while parked | F43: 12 V | G43: IGN | H43: ▪ [BLTN_CAM] Select Recording Tab - Move to Always-On While Parked - Delete any video ▪ [App] Launch BlueLink/Kia Connect app - Select Recording Tab - Move to Always-On While Parked | I43: ▪ [App] Confirmation: Always-on video list should be viewable while parked - Matches the video stored in BLTN_CAM (deleted videos do not remain in the list) | P43: X | Q43: 주차녹화_지원
C44: 5 | E44: Parking Event Recording List | F44: 12 V | G44: IGN | H44: ▪ [BLTN_CAM] Select Recorded Videos tab - Navigate to Parking Events - Delete any video ▪ [App] Launch BlueLink/Kia Connect app - Select Recorded Videos tab - Navigate to Parking Events | I44: ▪ [App] Confirmation: The list of event videos while parked should be viewable. - Matches the videos stored in BLTN_CAM (deleted videos do not remain in the list) | P44: X | Q44: 주차녹화_지원
C45: 6 | E45: Parking Motion Recording List | F45: 12 V | G45: IGN | H45: ▪ [BLTN_CAM] Select Recorded Videos tab - Navigate to Parked Motion Recording List - Delete any video ▪ [App] Launch BlueLink/Kia Connect app - Select Recorded Videos tab - Navigate to Parked Events ※ One App (Developed by Hyundai) is currently under development | I45: ▪ [App] Confirmation: Motion recording video list should be viewable during parking. - Matches the video stored in BLTN_CAM (deleted videos do not remain in the list) | P45: X | Q45: 모션감지_지원
C46: 7 | E46: Time-lapse recording list | F46: 12 V | G46: IGN | H46: ▪ [BLTN_CAM] Select Recorded Videos tab - Go to Time-lapse - Delete any video ▪ [App] Launch BlueLink/Kia Connect app - Select Recorded Videos tab - Go to Time-lapse | I46: ▪ [App] Confirm Time-lapse video list should be viewable - Matches videos stored in BLTN_CAM (deleted videos do not remain in the list) | P46: X
C47: 8 | E47: Archive Video List | F47: 12 V | G47: IGN | H47: ▪ [BLTN_CAM] Select Recorded Videos tab - Move to Library - Delete any video ▪ [App] Launch BlueLink/Kia Connect app - Select Recorded Videos tab - Move to Library | I47: ▪ [App] Confirmation: Video list in the archive should be viewable - Matches videos stored in BLTN_CAM (deleted videos do not remain in the list) | P47: X
A48: [Mobile Phone Download] (1) : Select 1 | B48: APP_008 | C48: 1 | D48: [Mobile Phone Download] (1) : Select 1 | E48: Download event video while driving | F48: 12 V | G48: IGN | H48: ▪ [App] Launch BlueLink/Kia Connect app and connect : Select Recorded Videos tab - List of driving event videos - Menu - Download selected videos to my phone - Select 1 and download | I48: ▪ [App] Progress bar and progress (%, Byte) are displayed correctly while saving the file. ▪ Playable on mobile phone after completion. | P48: X
C49: 2 | E49: Download continuous video while parked | F49: 12 V | G49: IGN | H49: ▪ [App] Launch BlueLink/Kia Connect app : Select Recorded Videos tab - List of Continuous Parking Videos - Menu - Download selected videos to my phone - Select 1 and download | I49: ▪ [App] Progress bar and progress (%, Byte) are displayed correctly while saving the file. ▪ Playable on mobile phone after completion. | P49: X
C50: 3 | E50: Download event video while parked | F50: 12 V | G50: IGN | H50: ▪ [App] Launch BlueLink/Kia Connect app : Select Recorded Videos tab - List of Parking Event Videos - Menu - Download selected videos to my phone - Select 1 and download | I50: ▪ [App] Progress bar and progress (%, Byte) are displayed correctly while saving the file. ▪ Playable on mobile phone after completion. | P50: X
C51: 4 | E51: Download motion video while parked | F51: 12 V | G51: IGN | H51: ▪ [App] Launch ONE App : Select Recorded Videos tab - List of Motion Videos While Parked - Menu - Download Selected Videos to My Phone - Select 1 and Download ※ ONE App (Developed by Hyundai) is currently under development | I51: ▪ [App] Progress bar and progress (%, Byte) are displayed correctly while saving the file. ▪ Playable on mobile phone after completion. | P51: X
C52: 5 | E52: Download Archive Video | F52: 12 V | G52: IGN | H52: ▪ [App] Launch BlueLink/Kia Connect app : Select Recorded Videos tab - Library Video List - Menu - Download selected video to my phone - Select 1 and download | I52: ▪ [App] Progress bar and progress (%, Byte) are displayed correctly while saving the file. ▪ Playable on mobile phone after completion. | P52: X
C53: 6 | E53: Download videos that only exist in the library without the original file | F53: 12 V | G53: IGN | H53: ▪ Delete original file after saving random footage to the library in BLTN_CAM ▪ [App] Launch BlueLink/Kia Connect app : Select Recorded Videos tab - Library video list - Menu - Download selected videos to my phone - Select all and download to my phone | I53: ▪ [App] Progress bar and progress (%, Byte) are displayed correctly while saving the file. ▪ Playable on mobile phone after completion. | P53: X
C54: 7 | E54: Download time-lapse video | F54: 12 V | G54: IGN | H54: ▪ [App] Launch BlueLink/Kia Connect app : Select Recorded Videos tab - Time-lapse Video List - Menu - Download selected videos to my phone - Select 1 and download | I54: ▪ [App] Progress bar and progress (%, Byte) are displayed correctly while saving the file. ▪ Playable on mobile phone after completion. | P54: X
A55: [Mobile Phone Download] (2) : Select All | B55: APP_009 | C55: 1 | D55: [Mobile Phone Download] (2) : Select All | E55: Download event video while driving | F55: 12 V | G55: IGN | H55: ▪ [App] Launch BlueLink/Kia Connect app and connect : Select Recorded Videos tab - List of driving event videos - Menu - Download selected videos to my phone - Select all and download to my phone | I55: ▪ [App] Progress bar and progress (%, Byte) are displayed correctly while saving the file. ▪ Playable on mobile phone after completion. | P55: X
C56: 2 | E56: Download continuous video while parked | F56: 12 V | G56: IGN | H56: ▪ [App] Launch BlueLink/Kia Connect app : Select Recorded Videos tab - List of continuously recorded videos while parked - Menu - Download selected videos to my phone - Select all and download to my phone | I56: ▪ [App] Progress bar and progress (%, Byte) are displayed correctly while saving the file. ▪ Playable on mobile phone after completion. | P56: X
C57: 3 | E57: Download event video while parked | F57: 12 V | G57: IGN | H57: ▪ [App] Launch BlueLink/Kia Connect app : Select Recorded Videos tab - List of Parking Event Videos - Menu - Download selected videos to my phone - Select all and download to my phone | I57: ▪ [App] Progress bar and progress (%, Byte) are displayed correctly while saving the file. ▪ Playable on mobile phone after completion. | P57: X
C58: 4 | E58: Download motion video while parked | F58: 12 V | G58: IGN | H58: ▪ [App] Launch ONE App : Select Recorded Videos tab - List of motion videos while parked - Menu - Download selected videos to my phone - Select all and download to my phone ※ ONE App (Developed by Hyundai) is currently under development | I58: ▪ [App] Progress bar and progress (%, Byte) are displayed correctly while saving the file. ▪ Playable on mobile phone after completion. | P58: X | Q58: 모션감지_지원
C59: 5 | E59: Download Archive Video | F59: 12 V | G59: IGN | H59: ▪ [App] Launch BlueLink/Kia Connect app : Select Recorded Videos tab - Library Video List - Menu - Download selected videos to my phone - Select all and download to my phone | I59: ▪ [App] Progress bar and progress (%, Byte) are displayed correctly while saving the file. ▪ Playable on mobile phone after completion. | P59: X
C60: 6 | E60: Download time-lapse video | F60: 12 V | G60: IGN | H60: ▪ [App] Launch BlueLink/Kia Connect app : Select Recorded Videos tab - Time-lapse Video List - Menu - Download selected videos to my phone - Select all and download to my phone | I60: ▪ [App] Progress bar and progress (%, Byte) are displayed correctly while saving the file. ▪ Playable on mobile phone after completion. | P60: X
A61: [Mobile Phone Video Playback] (1) : Switch between front and rear and play | B61: APP_010 | C61: 1 | D61: [Mobile Phone Video Playback] (1) : Forward/Rear Switching and Playback | E61: Continuous video while driving | F61: 12 V | G61: IGN | H61: ▪ [App] Launch BlueLink/Kia Connect : Select Recorded Videos tab - List of always-on videos while driving - Front/Rear switch button - Play front video | I61: ▪ [App] Confirm : Front view video plays continuously while driving | N61: O | P61: X
C62: 2 | F62: 12 V | G62: IGN | H62: ▪ [App] Launch BlueLink/Kia Connect : Select Recorded Videos tab - List of always-on videos while driving - Front/Rear switch button - Play rear video | I62: ▪ [App] Confirm : Rear view video plays continuously while driving | N62: O | P62: X
C63: 3 | F63: 12 V | G63: IGN | H63: ▪ [App] Launch BlueLink/Kia Connect : Select Recorded Videos tab - List of always-on videos while driving - Front/Rear/Side switch button - Play side video | I63: ▪ [App] Confirm - 3rd Generation : Side (Left/Right) video plays constantly while driving | L63: 검증 필요 | P63: X | Q63: 3세대
C64: 4 | E64: Driving Event Video | F64: 12 V | G64: IGN | H64: ▪ [App] Launch BlueLink/Kia Connect : Select Recorded Videos tab - List of driving event videos - Front/Rear switch button - Play front video | I64: ▪ [App] Confirm : Driving event front video playing | P64: X | Q64: 주차녹화_지원
C65: 5 | F65: 12 V | G65: IGN | H65: ▪ [App] Launch BlueLink/Kia Connect : Select Recorded Videos tab - List of driving event videos - Front/Rear switch button - Play rear video | I65: ▪ [App] Confirm : Rear view video of driving event playing | P65: X | Q65: 주차녹화_지원
C66: 6 | F66: 12 V | G66: IGN | H66: ▪ [App] Launch BlueLink/Kia Connect : Select Recorded Videos tab - List of driving event videos - Front/Rear/Side switch button - Play side video | I66: ▪ [App] Confirm - 3rd Generation : Side (Left/Right) video of driving event playing | L66: 검증 필요 | P66: X | Q66: 3세대
C67: 7 | E67: Continuous video while parked | F67: 12 V | G67: IGN | H67: ▪ [App] Launch BlueLink/Kia Connect : Select Recorded Videos tab - List of always-on videos while parked - Front/Rear switch button - Play front video | I67: ▪ [App] Confirm : Front view video plays continuously while parked | P67: X
C68: 8 | F68: 12 V | G68: IGN | H68: ▪ [App] Launch BlueLink/Kia Connect : Select Recorded Videos tab - List of always-on videos while parked - Front/Rear switch button - Play rear video | I68: ▪ [App] Confirm : Rear view video plays continuously while parked | P68: X
C69: 9 | F69: 12 V | G69: IGN | H69: ▪ [App] Launch BlueLink/Kia Connect : Select Recorded Videos tab - List of always-on videos while parked - Front/Rear/Side switch button - Play side video | I69: ▪ [App] Confirm - 3rd Generation : Side (Left/Right) video plays constantly while parked | L69: 검증 필요 | P69: X | Q69: 3세대
C70: 10 | E70: Event video while parked | F70: 12 V | G70: IGN | H70: ▪ [App] Launch BlueLink/Kia Connect : Select Recorded Videos tab - List of Parking Event Videos - Front/Rear Switch Button - Play Front Video | I70: ▪ [App] Confirm : Front view video plays during parking event | P70: X | Q70: 주차녹화_지원
C71: 11 | F71: 12 V | G71: IGN | H71: ▪ [App] Launch BlueLink/Kia Connect : Select Recorded Videos tab - List of Parking Event Videos - Front/Rear Switch Button - Play Rear Video | I71: ▪ [App] Confirm : Rear view video of parking event playing | P71: X | Q71: 주차녹화_지원
C72: 12 | F72: 12 V | G72: IGN | H72: ▪ [App] Launch BlueLink/Kia Connect : Select Recorded Videos tab - List of Parking Event Videos - Front/Rear/Side Switch Button - Play Side Video | I72: ▪ [App] Confirm - 3rd Generation : Side (Left/Right) video of the parking event is playing | L72: 검증 필요 | P72: X | Q72: 3세대
C73: 13 | E73: Motion video while parked | F73: 12 V | G73: IGN | H73: ▪ [App] Launch ONE App : Select Recorded Videos tab - List of motion videos while parked - Front/Rear switch button - Play rear video ※ ONE App (Developed by Hyundai) is currently under development | I73: ▪ [App] Confirm : Motion rear view video playing while parked | P73: X | Q73: 모션감지_지원
C74: 14 | F74: 12 V | G74: IGN | H74: ▪ [App] Launch BlueLink/Kia Connect : Select Recorded Videos tab - List of motion videos while parked - Front/Rear/Side switch button - Play side video | I74: ▪ [App] Confirm - 3rd Generation : Side (Left/Right) video of the parking event is playing | L74: 검증 필요 | P74: X | Q74: 3세대
C75: 15 | E75: Time-lapse video | F75: 12 V | G75: IGN | H75: ▪ [App] Launch BlueLink/Kia Connect app : Select Recorded Videos tab - Time-lapse Video List - Play Video | I75: ▪ [App] Confirm : Time-lapse video played | P75: X
A76: [Mobile Phone Video Playback] (2) : Navigating the progress bar during playback | B76: APP_011 | C76: 1 | D76: [Mobile Phone Video Playback] (2) : Navigating the progress bar during playback | E76: Continuous video while driving | F76: 12 V | G76: IGN | H76: ▪ [App] Launch BlueLink/Kia Connect : Select Recorded Videos tab - List of always-on videos while driving - Front/Rear switch button - Play front video - Search progress bar at arbitrary point | I76: ▪ [App] Confirm : Continues playback from the last viewed point | P76: X
C77: 2 | F77: 12 V | G77: IGN | H77: ▪ [App] Launch BlueLink/Kia Connect : Select Recorded Videos tab - List of always-on videos while driving - Front/Rear switch button - Play rear video - Search for a random point on the progress bar | I77: ▪ [App] Confirm : Continues playback from the last viewed point | P77: X
C78: 3 | F78: 12 V | G78: IGN | H78: ▪ [App] Launch BlueLink/Kia Connect : Select Recorded Videos tab - List of always-on videos while driving - Front/Rear/Side switch button - Play side video - Search progress bar for arbitrary point | I78: ▪ [App] Confirm - 3rd Generation : Continues playback from the point explored | L78: 검증 필요 | P78: X | Q78: 3세대
C79: 4 | E79: Driving Event Video | F79: 12 V | G79: IGN | H79: ▪ [App] Launch BlueLink/Kia Connect : Select Recorded Videos tab - List of driving event videos - Front/Rear switch button - Play front video - Search progress bar at random point | I79: ▪ [App] Confirm : Continues playback from the last viewed point | P79: X
C80: 5 | F80: 12 V | G80: IGN | H80: ▪ [App] Launch BlueLink/Kia Connect : Select Recorded Videos tab - List of driving event videos - Front/Rear switch button - Play rear video - Search for a random point on the progress bar | I80: ▪ [App] Confirm : Continues playback from the last viewed point | P80: X
C81: 6 | F81: 12 V | G81: IGN | H81: ▪ [App] Launch BlueLink/Kia Connect : Select Recorded Videos tab - List of driving event videos - Front/Rear/Side switch button - Play side video - Search for a random point using the progress bar | I81: ▪ [App] Confirm - 3rd Generation : Continues playback from the point explored | L81: 검증 필요 | P81: X | Q81: 3세대
C82: 7 | E82: Continuous video while parked | F82: 12 V | G82: IGN | H82: ▪ [App] Launch BlueLink/Kia Connect : Select Recorded Videos tab - List of always-on videos while parked - Front/Rear switch button - Play front video - Search progress bar at random point | I82: ▪ [App] Confirm : Continues playback from the last viewed point | P82: X | Q82: 주차녹화_지원
C83: 8 | F83: 12 V | G83: IGN | H83: ▪ [App] Launch BlueLink/Kia Connect : Select Recorded Videos tab - List of always-on parked videos - Front/Rear switch button - Play rear video - Search progress bar at random point | I83: ▪ [App] Confirm : Continues playback from the last viewed point | P83: X | Q83: 주차녹화_지원
C84: 9 | F84: 12 V | G84: IGN | H84: ▪ [App] Launch BlueLink/Kia Connect : Select Recorded Videos tab - List of always-on parked videos - Front/Rear/Side switch button - Play side video - Search for a random point using the progress bar | I84: ▪ [App] Confirm - 3rd Generation : Continues playback from the point explored | L84: 검증 필요 | P84: X | Q84: 3세대
C85: 10 | E85: Event video while parked | F85: 12 V | G85: IGN | H85: ▪ [App] Launch BlueLink/Kia Connect : Select Recorded Videos tab - List of parked event videos - Front/Rear switch button - Play front video - Search progress bar at random point | I85: ▪ [App] Confirm : Continues playback from the last viewed point | P85: X | Q85: 주차녹화_지원
C86: 11 | F86: 12 V | G86: IGN | H86: ▪ [App] Launch BlueLink/Kia Connect : Select Recorded Videos tab - List of parked event videos - Front/Rear switch button - Play rear video - Search progress bar at random point | I86: ▪ [App] Confirm : Continues playback from the last viewed point | P86: X | Q86: 주차녹화_지원
C87: 12 | F87: 12 V | G87: IGN | H87: ▪ [App] Launch BlueLink/Kia Connect : Select Recorded Videos tab - List of parked event videos - Front/Rear/Side switch button - Play side video - Search for a random point using the progress bar | I87: ▪ [App] Confirm - 3rd Generation : Continues playback from the point explored | L87: 검증 필요 | P87: X | Q87: 3세대
C88: 13 | E88: Motion video while parked | F88: 12 V | G88: IGN | H88: ▪ [App] Launch ONE App : Select Recorded Videos tab - List of motion videos while parked - Front/Rear switch button - Rear view video playback - Search progress bar at random point ※ ONE App (Developed by Hyundai) is currently under development | I88: ▪ [App] Confirm : Continues playback from the last viewed point | P88: X | Q88: 모션감지_지원
C89: 14 | F89: 12 V | G89: IGN | H89: ▪ [App] Launch BlueLink/Kia Connect : Select Recorded Videos tab - List of motion videos while parked - Front/Rear/Side switch button - Play side video | I89: ▪ [App] Confirm - 3rd Generation : Side (Left/Right) video of the parking event is playing | L89: 검증 필요 | P89: X | Q89: 3세대
C90: 15 | E90: Time-lapse video | F90: 12 V | G90: IGN | H90: ▪ [App] Launch BlueLink/Kia Connect : Select Recorded Videos tab - Time-lapse video list - Play video - Navigate to random point on progress bar | I90: ▪ [App] Confirm : Continues playback from the last viewed point | P90: X
A91: [Mobile Phone Video Playback] (3) : Pause | B91: APP_012 | C91: 1 | D91: [Mobile Phone Video Playback] (3) : Forward/Rear Switch and Pause | E91: Continuous video while driving | F91: 12 V | G91: IGN | H91: ▪ [App] Launch BlueLink/Kia Connect : Select Recorded Videos tab - List of always-on videos while driving - Play front view video - Pause | I91: ▪ [App] Confirm : Pause constant front view while driving | P91: X
C92: 2 | F92: 12 V | G92: IGN | H92: ▪ [App] Launch BlueLink/Kia Connect : Select Recorded Videos tab - List of always-on videos while driving - Play rear view video - Pause rear view video | I92: ▪ [App] Confirm : Pause always-on rear view while driving | P92: X
C93: 3 | F93: 12 V | G93: IGN | H93: ▪ [App] Launch BlueLink/Kia Connect : Select Recorded Videos tab - List of always-on videos while driving - Play side view video - Pause side view video | I93: ▪ [App] Confirm - 3rd Generation : Pause Continuous Side View While Driving | L93: 검증 필요 | P93: X | Q93: 3세대
C94: 4 | E94: Driving Event Video | F94: 12 V | G94: IGN | H94: ▪ [App] Launch BlueLink/Kia Connect : Select Recorded Videos tab - List of driving event videos - Play front view video - Pause | I94: ▪ [App] Confirm : Pause front view for driving events | P94: X
C95: 5 | F95: 12 V | G95: IGN | H95: ▪ [App] Launch BlueLink/Kia Connect : Select Recorded Videos tab - List of driving event videos - Play rear view video - Pause rear view video | I95: ▪ [App] Confirm : Pause rear view video for driving events | P95: X
C96: 6 | F96: 12 V | G96: IGN | H96: ▪ [App] Launch BlueLink/Kia Connect : Select Recorded Videos tab - List of driving event videos - Play side view video - Pause side view video | I96: ▪ [App] Confirm - 3rd Generation : Pause Side View Video During Driving Event | L96: 검증 필요 | P96: X | Q96: 3세대
C97: 7 | E97: Continuous video while parked | F97: 12 V | G97: IGN | H97: ▪ [App] Launch BlueLink/Kia Connect : Select Recorded Videos tab - List of always-on videos while parked - Play front view video - Pause | I97: ▪ [App] Confirm : Pause constant front view while parked | P97: X | Q97: 주차녹화_지원
C98: 8 | F98: 12 V | G98: IGN | H98: ▪ [App] Launch BlueLink/Kia Connect : Select Recorded Videos tab - List of Always-On Videos While Parked - Play Rearview Video - Pause Rearview Video | I98: ▪ [App] Confirm : Pause Always-On Rear View While Parked | P98: X | Q98: 주차녹화_지원
C99: 9 | F99: 12 V | G99: IGN | H99: ▪ [App] Launch BlueLink/Kia Connect : Select Recorded Videos tab - List of Always-On Videos While Parked - Play Side Video - Pause Side Video | I99: ▪ [App] Confirm - 3rd Generation : Pause Always-On Side View While Parked | L99: 검증 필요 | P99: X | Q99: 3세대
C100: 10 | E100: Event video while parked | F100: 12 V | G100: IGN | H100: ▪ [App] Launch BlueLink/Kia Connect : Select Recorded Videos tab - List of Parking Event Videos - Play Front View Video - Pause | I100: ▪ [App] Confirm : Pause Front View Event while Parked | P100: X | Q100: 주차녹화_지원
...

Sheet DCM 연동기능
A1: DCM | B1: English Translation | C1: {="DCM_"&TEXT(MAX(IFERROR(--MID($C$2:$C$5159,5,3),0)),"000")} -> DCM_074 | F1: English Translation | H1: English Translation | L1: English Translation | N1: English Translation
A2: 메모 | B2: memo | C2: ID | D2: Step | E2: 검증 항목 | F2: Verification items | G2: 내용 | H2: detail | I2: 전압 | J2: 전원 | K2: 수행절차 | L2: Execution Procedure | M2: 기댓값 | N2: Expected value | O2: 결과 | P2: 측정값 | Q2: 비고 | S2: 매뉴얼 기본 | T2: 자동화 기본 | U2: 자동화 반영 | V2: 사양구분 | W2: 과거차문제
A3: [BLTN_CAM-기능-036] DCM 연동기능 | B3: [BLTN_CAM-Function-036] DCM Integration Function
A4: 소모 전력 확인 ※ DCM 연동 차량 소모전력 조정(사양 미정의) | B4: Check Power Consumption ※ Adjust vehicle power consumption linked to DCM (Specifications not defined) | C4: DCM_001 | D4: 1 | E4: DCM 연동 차량 소모 전력 | F4: DCM-linked vehicle power consumption | G4: 주행녹화 중 소비전력 (DCM 출력) | H4: Power consumption during driving recording (DCM output) | I4: 12 V | J4: B+ | K4: ▪ 모든 녹화설정 ON(OSD 기능 ON) ▪ AVN mode ▪ 주행상시 + 스위치/충격이벤트 + 타임랩스 녹화중 ▪ 소비전력 측정 | L4: ▪ All recording settings ON (OSD functions ON) ▪ AVN mode ▪ Recording in full motion + Switch/Impact events + Time-lapse ▪ Power consumption measurement | M4: ▪ 12.36 Watt 이하 (1.03A@12V) | N4: ▪ 12.36 Watt or less (1.03A@12V) | U4: O | V4: DCM_연동
D5: 2 | G5: 주차녹화 중 소비전력 ( DCM 미출력) | H5: Power consumption during parking recording (DCM not output) | I5: 12 V | J5: B+ | K5: ▪ 주차녹화 진행 중 상태 ▪ Sleep 진입까지 대기 ▪ 소비전력 측정 eAGM(B+) 사용 차종 1 pin(B+) | L5: ▪ Parking recording in progress ▪ Waiting to enter Sleep ▪ Power consumption measurement Vehicle models using eAGM(B+) 1 pin(B+) | M5: ▪ eAGM 배터리 사양: 6.84W이하 (570mA @ 12V) | N5: ▪ eAGM Battery Specifications: 6.84W or less (570mA @ 12V) | U5: O | V5: DCM_연동
D6: 3 | G6: Power Off 암전류 확인 (DCM 미출력) | H6: Power Off Check Dark Current (DCM No Output) | I6: 12 V | J6: B+ | K6: ▪ 모든 녹화설정 OFF ▪ KEY OFF ▪ B+ 암전류 측정 | L6: ▪ All recording settings OFF ▪ KEY OFF ▪ B+ Dark current measurement | M6: ▪ BLTN_CAM OFF 0.5mA 이하 | N6: ▪ BLTN_CAM OFF 0.5mA or less | U6: O | V6: DCM_연동
D7: 4 | G7: (2.5세대) 모션감지 녹화 대기 소비전력 (DCM 미출력) | H7: (2.5th Generation) Motion Detection Recording Standby Power Consumption (DCM Not Output) | I7: 12 V | J7: B+ | K7: ▪ 모션감지 녹화 설정 ON ▪ KEY OFF ▪ 모션감지 녹화 대기 상태 ▪ B+ 소비전력 측정 | L7: ▪ Motion Detection Recording Setting ON ▪ KEY OFF ▪ Motion Detection Recording Standby ▪ B+ Power Consumption Measurement | M7: ▪ eAGM 배터리 사양: 80mA 이하 | N7: ▪ eAGM Battery Specifications: 80mA or less | U7: O | V7: DCM_연동
D8: 5 | G8: (2.5세대) 모션감지 녹화 소비전력 (DCM 미출력) | H8: (2.5th Generation) Motion Detection Recording Power Consumption (DCM not output) | I8: 12 V | J8: B+ | K8: ▪ 모션감지 녹화 설정 ON ▪ KEY OFF ▪ 모션감지 녹화 상태 ▪ B+ 소비전력 측정 | L8: ▪ Motion Detection Recording Setting ON ▪ KEY OFF ▪ Motion Detection Recording Status ▪ B+ Power Consumption Measurement | M8: ▪ eAGM 배터리 사양: 9W이하 (750mA@12V) | N8: ▪ eAGM Battery Specifications: 9W or less (750mA@12V) | U8: O | V8: DCM_연동
A9: 주행 녹화 중 DCM 출력 -1 (※ DCM 출력 조건 : NM_CGW_CCU, BDC_FD_02_200ms 신호 송신 필수 / 컨플루언스 자료실 젠텍스 룸미러 사용 방법 참고) | B9: DCM Output -1 During Driving Recording (※ DCM Output Condition: NM_CGW_CCU, BDC_FD_02_200ms signal transmission required / Refer to the Zentex Rearview Mirror Usage Guide in the Confluence Archives) | C9: DCM_002 | D9: 1 | E9: 주행 중 DCM 출력 -1 | F9: DCM output while driving -1 DCM output while driving -1 | G9: 주행 상시 녹화 중 DCM 출력 확인 | H9: Check DCM output during continuous driving recording | I9: 12 V | J9: IGN | K9: ▪ 주행 상시 ON, 주차 상시 설정 ON ▪ 주행 녹화 진행 (※ DCM 출력 조건 : NM_CGW_CCU, BDC_FD_02_200ms 신호 송신 필수 / 컨플루언스 자료실 젠텍스 룸미러 사용 방법 참고) | L9: ▪ Driving Always ON, Parking Always ON ▪ Driving Recording In Progress (※ DCM Output Condition: NM_CGW_CCU, BDC_FD_02_200ms signal transmission required / Refer to the Zentex Rearview Mirror Usage Guide in the Confluence Archives) | M9: ▪ BLTN_CAM_DCM_Status = 0x1 ( Built-in Cam Display DCM normally) | N9: ▪ BLTN_CAM_DCM_Status = 0x1 ( Built-in Cam Display DCM normally) | U9: O | V9: DCM_연동
D10: 2 | M10: ▪ DCM 정상적으로 출력할것 (60FPS) | N10: ▪ Output DCM normally (60FPS) | U10: X | V10: DCM_연동
D11: 3 | I11: 12 V | J11: IGN | K11: ▪ 주행 상시 ON, 주차 상시 설정 ON ▪ Key Off 후 주차녹화 진행 ▪ 주차녹화 10초 진행후 Key On 하여 DCM 출력확인 | L11: ▪ Driving Always ON, Parking Always ON ▪ Parking recording begins after Key Off ▪ After 10 seconds of parking recording, turn Key On to check DCM output | M11: ▪ BLTN_CAM_DCM_Status = 0x1 ( Built-in Cam Display DCM normally) | N11: ▪ BLTN_CAM_DCM_Status = 0x1 ( Built-in Cam Display DCM normally) | U11: O | V11: DCM_연동
D12: 4 | M12: ▪ DCM 정상적으로 출력할것 (60FPS) | N12: ▪ Output DCM normally (60FPS) | U12: X | V12: DCM_연동
D13: 5 | G13: 모든 설정 off 시 출력 확인 | H13: Check output when all settings are off | I13: 12 V | J13: IGN | K13: ▪ 모든 녹화 설정 Off ▪ Key On 상태에서 DCM 출력 확인 | L13: ▪ Turn off all recording settings ▪ Check DCM output with Key On | M13: ▪ BLTN_CAM_DCM_Status = 0x1 ( Built-in Cam Display DCM normally) | N13: ▪ BLTN_CAM_DCM_Status = 0x1 ( Built-in Cam Display DCM normally) | U13: O | V13: DCM_연동
D14: 6 | M14: ▪ DCM 정상적으로 출력할것 (60FPS) | N14: ▪ Output DCM normally (60FPS) | U14: X | V14: DCM_연동
D15: 7 | G15: 충격 이벤트 연속 인가 시 출력 확인 | H15: Verify output when consecutive shock events are authorized. | I15: 12 V | J15: IGN | K15: ▪ 주행 상시 ON, 주행 이벤트 설정 ON ▪ 충격 이벤트 10초 간격 5회 인가 | L15: ▪ Always Driving ON, Driving Event Setting ON ▪ Authorize Impact Events 5 times at 10-second intervals | M15: ▪ BLTN_CAM_DCM_Status = 0x1 ( Built-in Cam Display DCM normally) | N15: ▪ BLTN_CAM_DCM_Status = 0x1 ( Built-in Cam Display DCM normally) | U15: O | V15: DCM_연동
D16: 8 | M16: ▪ DCM 정상적으로 출력할것 (60FPS) | N16: ▪ Output DCM normally (60FPS) | U16: X | V16: DCM_연동
D17: 9 | G17: Key On/Off 반복시 출력 확인 | H17: Check output when repeatedly turning the key on and off | I17: 12 V | J17: IGN | K17: ▪ Key On 이후 DCM 정상 출력 상태 ▪ Key On/Off 10회 반복 | L17: ▪ DCM normal output state after Key On ▪ Repeat Key On/Off 10 times | M17: ▪ BLTN_CAM_DCM_Status = 0x1 ( Built-in Cam Display DCM normally) | N17: ▪ BLTN_CAM_DCM_Status = 0x1 ( Built-in Cam Display DCM normally) | U17: O | V17: DCM_연동
D18: 10 | M18: ▪ Key On/Off 반복시 DCM 끊김없이 정상적으로 출력할것 (60FPS) | N18: ▪ Output DCM normally without interruption when repeatedly turning the key On/Off (60FPS) | U18: X | V18: DCM_연동
D19: 11 | G19: 악의 조건 DCM 프레임 누락 확인 (Key On/Off 반복) | H19: Check for missing Malicious Condition DCM frames (Repeat Key On/Off) | I19: 12 V | J19: IGN | K19: ↑ ▪ PC에서 OCR_TEST 영상 실행후, 빌트인캠 후방카메라로 촬영 ▪ DCM 출력 및 모니터 영상 카메라로 동시 촬영 (120FPS 카메라) ▪ OCR 프로그램 이용하여 영상에서 프레임 누락 확인 ※ 컨플루언스 빌트인캠 자료실 참고 | L19: ↑ ▪ After running the OCR_TEST video on a PC, record using the built-in cam rear camera. ▪ Simultaneous recording with DCM output and the monitor camera (120FPS camera). ▪ Check for missing frames in the video using an OCR program. ※ Refer to the Confluence Built-in Cam Resource Center. | M19: ▪ DCM 출력 프레임 누락 없을 것 (※사양: 초당 1회까지 프레임 누락 허용) ▪ BLTN_CAM_DCM_Status = 0x1 ( Built-in Cam Display DCM normally) | N19: ▪ No DCM output frames will be missing (※Specification: Up to 1 frame drop per second allowed) ▪ BLTN_CAM_DCM_Status = 0x1 ( Built-in Cam Display DCM normally) | U19: X | V19: DCM_연동
D20: 12 | G20: 빌트인캠 메뉴 진출입 반복시 출력 확인 | H20: Verify output when repeatedly entering and exiting the built-in cam menu | I20: 12 V | J20: IGN | K20: ▪ Key On 이후 DCM 정상 출력 상태 ▪ 빌트인캠 메뉴 진/출입 10회 반복하여 주행 녹화 반복 수행 | L20: ▪ Normal DCM output status after Key is turned On ▪ Repeat driving recording by entering/exiting the built-in cam menu 10 times | M20: ▪ BLTN_CAM_DCM_Status = 0x1 ( Built-in Cam Display DCM normally) | N20: ▪ BLTN_CAM_DCM_Status = 0x1 ( Built-in Cam Display DCM normally) | U20: O | V20: DCM_연동
D21: 13 | M21: ▪ 빌트인캠 메뉴 진/출입 조건시 DCM 끊김없이 정상적으로 출력할것 (60FPS) | N21: ▪ Output DCM normally without interruption when entering or exiting the built-in cam menu (60FPS) | U21: X | V21: DCM_연동
D22: 14 | G22: 악의 조건 DCM 프레임 누락 확인 (빌트인캠 메뉴 진입 반복시) | H22: Checking for missing DCM frames in Condition of Malice (when repeatedly entering the built-in cam menu) | I22: 12 V | J22: IGN | K22: ↑ ▪ PC에서 OCR_TEST 영상 실행후, 빌트인캠 후방카메라로 촬영 ▪ DCM 출력 및 모니터 영상 카메라로 동시 촬영 (120FPS 카메라) ▪ OCR 프로그램 이용하여 영상에서 프레임 누락 확인 ※ 컨플루언스 빌트인캠 자료실 참고 | L22: ↑ ▪ After running the OCR_TEST video on a PC, record using the built-in cam rear camera. ▪ Simultaneous recording with DCM output and the monitor camera (120FPS camera). ▪ Check for missing frames in the video using an OCR program. ※ Refer to the Confluence Built-in Cam Resource Center. | M22: ▪ DCM 출력 프레임 누락 없을 것 (※사양: 초당 1회까지 프레임 누락 허용) ▪ BLTN_CAM_DCM_Status = 0x1 ( Built-in Cam Display DCM normally) | N22: ▪ No DCM output frames will be missing (※Specification: Up to 1 frame drop per second allowed) ▪ BLTN_CAM_DCM_Status = 0x1 ( Built-in Cam Display DCM normally) | U22: X | V22: DCM_연동
D23: 15 | G23: 충격 이벤트 + 수동 이벤트 + 타임랩스 녹화 진행시 출력 확인 | H23: Check output when performing impact event + manual event + time-lapse recording | I23: 12 V | J23: IGN | K23: ▪ 주행 녹화 진행 ▪ 충격 이벤트 + 수동 이벤트 + 타임랩스 녹화 진행 ▪ 동시 녹화 진행 중 DCM 출력 확인 | L23: ▪ Driving recording in progress ▪ Impact event + Manual event + Time-lapse recording in progress ▪ Check DCM output during simultaneous recording | M23: ▪ BLTN_CAM_DCM_Status = 0x1 ( Built-in Cam Display DCM normally) | N23: ▪ BLTN_CAM_DCM_Status = 0x1 ( Built-in Cam Display DCM normally) | U23: O | V23: DCM_연동
D24: 16 | M24: ▪ DCM 끊김없이 정상적으로 출력할것 (60FPS) | N24: ▪ Output DCM normally without interruption (60FPS) | U24: X | V24: DCM_연동
D25: 17 | G25: 복합 조건 녹화 중 DCM 프레임 누락 확인 (수동 이벤트 + 충격 이벤트 + 타임랩스) | H25: Checking for missing DCM frames during complex condition recording (Manual Event + Impact Event + Time-lapse) | I25: 12 V | J25: IGN | K25: ↑ ▪ PC에서 OCR_TEST 영상 실행후, 빌트인캠 후방카메라로 촬영 ▪ DCM 출력 및 모니터 영상 카메라로 동시 촬영 (120FPS 카메라) ▪ OCR 프로그램 이용하여 영상에서 프레임 누락 확인 ※ 컨플루언스 빌트인캠 자료실 참고 | L25: ↑ ▪ After running the OCR_TEST video on a PC, record using the built-in cam rear camera. ▪ Simultaneous recording with DCM output and the monitor camera (120FPS camera). ▪ Check for missing frames in the video using an OCR program. ※ Refer to the Confluence Built-in Cam Resource Center. | M25: ▪ DCM 출력 프레임 누락 없을 것 (※사양: 초당 1회까지 프레임 누락 허용) ▪ BLTN_CAM_DCM_Status = 0x1 ( Built-in Cam Display DCM normally) | N25: ▪ No DCM output frames will be missing (※Specification: Up to 1 frame drop per second allowed) ▪ BLTN_CAM_DCM_Status = 0x1 ( Built-in Cam Display DCM normally) | U25: X | V25: DCM_연동
A26: 주행 녹화 중 DCM 출력 -2 | B26: DCM output during driving recording -2 | C26: DCM_003 | D26: 1 | E26: 주행 중 DCM 출력 -2 | F26: DCM output while driving -2 | G26: 주행 녹화 중 B+ 리셋 시 DCM 출력 | H26: DCM output when B+ is reset during driving recording | I26: 12 V | J26: IGN | K26: ▪ 주행 상시, 주차 상시 설정 ON ▪ 주행 녹화 진행 ▪ B+ 리셋 이후 DCM 출력 확인 | L26: ▪ Turn ON Driving Continuous Recording and Parking Continuous Recording ▪ Driving Recording in Progress ▪ Check DCM Output After B+ Reset | M26: ▪ DCM 7s 이내 정상적으로 출력할것 (BICIM2-3217, 젠텍스 사양) | N26: ▪ Output normally within 7 seconds of DCM (BICIM2-3217, Gentex specification) | U26: X | V26: DCM_연동
D27: 2 | M27: ▪ BLTN_CAM_DCM_Status = 0x2(Not Ready Booting, 2,600ms) → 0x1 ( Built-in Cam Display DCM normally) ▪ BLTN_CAM_DCM_SER_I2C_Master = 0x0(default, 750ms) → 0x1(off, 500ms) → 0x2(on, 600ms) → 0x1(off) ▪ RearCamera_Input_Status = 0x0(normal, 2,200ms) → 0x3(Initializing by Built-in-Cam, 400ms) → 0x0(normal) | N27: ▪ BLTN_CAM_DCM_Status = 0x2(Not Ready Booting, 2,600ms) → 0x1 ( Built-in Cam Display DCM normally) ▪ BLTN_CAM_DCM_SER_I2C_Master = 0x0(default, 750ms) → 0x1(off, 500ms) → 0x2(on, 600ms) → 0x1(off) ▪ RearCamera_Input_Status = 0x0(normal, 2,200ms) → 0x3(Initializing by Built-in-Cam, 400ms) → 0x0(normal) | U27: △ | V27: DCM_연동
D28: 3 | G28: 복합 녹화 중 B+ 리셋 시 DCM 출력 (수동 이벤트 + 충격 이벤트 + 타임랩스) | H28: DCM output on B+ reset during combined recording (Manual Event + Impact Event + Time-lapse) | I28: 12 V | J28: IGN | K28: ▪ 주행 녹화 진행 ▪ 충격 이벤트 + 수동 이벤트 + 타임랩스 녹화 진행 ▪ 동시 녹화 진행 중 B+ 리셋 | L28: ▪ Driving recording in progress ▪ Impact event + Manual event + Time-lapse recording in progress ▪ B+ reset during simultaneous recording | M28: ▪ DCM 7s 이내 정상적으로 출력할것 (BICIM2-3217, 젠텍스 사양) | N28: ▪ Output normally within 7 seconds of DCM (BICIM2-3217, Gentex specification) | U28: X | V28: DCM_연동
D29: 4 | M29: ▪ BLTN_CAM_DCM_Status = 0x2(Not Ready Booting, 2,600ms) → 0x1 ( Built-in Cam Display DCM normally) ▪ BLTN_CAM_DCM_SER_I2C_Master = 0x0(default, 750ms) → 0x1(off, 500ms) → 0x2(on, 600ms) → 0x1(off) ▪ RearCamera_Input_Status = 0x0(normal, 2,200ms) → 0x3(Initializing by Built-in-Cam, 400ms) → 0x0(normal) | N29: ▪ BLTN_CAM_DCM_Status = 0x2(Not Ready Booting, 2,600ms) → 0x1 ( Built-in Cam Display DCM normally) ▪ BLTN_CAM_DCM_SER_I2C_Master = 0x0(default, 750ms) → 0x1(off, 500ms) → 0x2(on, 600ms) → 0x1(off) ▪ RearCamera_Input_Status = 0x0(normal, 2,200ms) → 0x3(Initializing by Built-in-Cam, 400ms) → 0x0(normal) | U29: △ | V29: DCM_연동
A30: 카메라 탈/부착 DCM 출력 확인 | B30: Check DCM output for camera attachment/detachment | C30: DCM_004 | D30: 1 | E30: 카메라 영상 미입력시 | F30: When camera video is not input | G30: 주행 녹화 중 후방 카메라 탈부착 시 영향성 | H30: Impact of attaching/detaching the rear camera during driving recording | I30: 12 V | J30: IGN | K30: ▪ 주행 녹화 진행 ▪ BLTN_CAM_DCM_Status =0x1(normal) ▪ RearCamera_Input_Status = 0x0(normal) ▪ 10초 대기 후 후방카메라 탈거 | L30: ▪ Driving recording in progress ▪ BLTN_CAM_DCM_Status = 0x1(normal) ▪ RearCamera_Input_Status = 0x0(normal) ▪ Remove rear camera after waiting 10 seconds | M30: ▪ BLTN_CAM_DCM_Status = 0x4 (Built-in Cam DCM display error because of built-in Cam Rear Camera error) ▪ RearCamera_Input_Status =0x1(not conncected, 5s) → 0x3(initailizing, 5s) → 0x1(not conncected) | N30: ▪ BLTN_CAM_DCM_Status = 0x4 (Built-in Cam DCM display error because of built-in Cam Rear Camera error) ▪ RearCamera_Input_Status =0x1(not conncected, 5s) → 0x3(initailizing, 5s) → 0x1(not conncected) | U30: X | V30: DCM_연동
D31: 2 | K31: ▪ ↑ ▪ 10초 대기 후 후방카메라 부착 ▪ DCM 출력 확인 | L31: ▪ ↑ ▪ Attach rear camera after waiting 10 seconds ▪ Check DCM output | M31: ▪ BLTN_CAM_DCM_Status =0x1(normal) ▪ RearCamera_Input_Status = 0x0(normal) ▪ 카메라 부착후 DCM 정상적으로 출력할것 | N31: ▪ BLTN_CAM_DCM_Status = 0x1(normal) ▪ RearCamera_Input_Status = 0x0(normal) ▪ Output DCM normally after attaching the camera | U31: X | V31: DCM_연동
D32: 3 | G32: 주행 녹화 중 전방 카메라 탈부착 시 영향성 | H32: Impact of attaching/detaching the front camera during driving recording | I32: 12 V | J32: IGN | K32: ▪ 주행 녹화 진행 ▪ BLTN_CAM_DCM_Status =0x1(normal) ▪ RearCamera_Input_Status = 0x0(normal) ▪ 10초 대기 후 전방카메라 탈거 | L32: ▪ Driving recording in progress ▪ BLTN_CAM_DCM_Status = 0x1(normal) ▪ RearCamera_Input_Status = 0x0(normal) ▪ Remove front camera after waiting 10 seconds | M32: ▪ 전방 카메라 탈거 순간 끊김 제외 DCM 정상 출력할것 ▪ BLTN_CAM_DCM_Status =0x1(normal) → 0x4 ( Built-in Cam DCM display error because of built-in Cam Rear Camera error) → 0x1( Built-in Cam Display DCM normally) | N32: ▪ Excluding momentary disconnection when front camera is removed, ensure DCM output is normal. ▪ BLTN_CAM_DCM_Status = 0x1(normal) → 0x4 ( Built-in Cam DCM display error because of built-in Cam Rear Camera error) → 0x1( Built-in Cam Display DCM normally) | U32: X | V32: DCM_연동
D33: 4 | K33: ▪ ↑ ▪ 10초 대기 후 전방카메라 부착 ▪ DCM 출력 확인 | L33: ▪ ↑ ▪ Attach front camera after waiting 10 seconds ▪ Check DCM output | M33: ▪ 카메라 부착후 DCM 정상적으로 출력할것 | N33: ▪ After attaching the camera, output the DCM normally. | U33: X | V33: DCM_연동
A34: DCM 탈/부착 후 출력 확인 | B34: Check output after removing/attaching DCM | C34: DCM_005 | D34: 1 | E34: DCM 커넥터 탈거시 | F34: When removing the DCM connector | G34: DCM 탈/부착시 영향성 | H34: Effects of DCM removal/attachment | I34: 12 V | J34: IGN | K34: ▪ 주행 녹화 진행 ▪ 10초 대기 후 DCM 커넥터 탈거 ▪ 10초 대기 후 DCM 커넥터 부착 ▪ DCM 출력 확인 | L34: ▪ Start driving recording ▪ Wait 10 seconds, then disconnect DCM connector ▪ Wait 10 seconds, then attach DCM connector ▪ Check DCM output | M34: ▪ DCM 커넥터 부착 이후 정상 출력 ▪ BLTN_CAM_DCM_Status = 0X5 (No Output because of DCM Status) → 0x1 ( Built-in Cam Display DCM normally) | N34: ▪ Normal output after attaching DCM connector ▪ BLTN_CAM_DCM_Status = 0X5 (No Output because of DCM Status) → 0x1 ( Built-in Cam Display DCM normally) | U34: X | V34: DCM_연동
D35: 2 | G35: 카메라, DCM 동시 탈/부착 | H35: Simultaneous removal/attachment of camera and DCM | I35: 12 V | J35: IGN | K35: ▪ 주행 녹화 진행 ▪ 10초 대기 후 전/후방 카메라 탈거 및 DCM 커넥터 탈거 ▪ 10초 대기 후 전/후방 카메라 부착 ▪ DCM 커넥터 부착 ▪ DCM 출력 확인 | L35: ▪ Start driving recording ▪ Wait 10 seconds, then remove front/rear cameras and disconnect the DCM connector ▪ Wait 10 seconds, then reattach the front/rear cameras ▪ Reattach the DCM connector ▪ Check DCM output | M35: ▪ DCM 커넥터 부착 이후 정상 출력 ▪ BLTN_CAM_DCM_Status = 0X0(normal) → 0x4 ( Built-in Cam DCM display error because of built-in Cam Rear Camera error) → 0X5(No Output because of DCM Status) → 0x1(Built-in Cam Display DCM normally) | N35: ▪ Normal output after attaching DCM connector ▪ BLTN_CAM_DCM_Status = 0X0(normal) → 0x4 ( Built-in Cam DCM display error because of built-in Cam Rear Camera error) → 0X5(No Output because of DCM Status) → 0x1(Built-in Cam Display DCM normally) | U35: X | V35: DCM_연동
A36: 전원 변경에 따른 출력 확인 | B36: Check output based on power change | C36: DCM_006 | D36: 1 | E36: 주행 중 전원 변경 -1 | F36: Power change while driving -1 | G36: 전원 조건 변경 - (1) B+,ACC ON | H36: Power condition change - (1) B+,ACC ON | I36: 12 V | J36: ACC | K36: ▪ 전상태 : 네트워크 Sleep 상태 ▪ NM_CGW_CCU 메시지 송신하여 네트워크 Wake UP ▪ B+ ON, ACC ON, IGN OFF | L36: ▪ Previous State: Network Sleep State ▪ Wake Up Network by Sending NM_CGW_CCU Message ▪ B+ ON, ACC ON, IGN OFF | M36: ▪ BLTN_CAM_DCM_Status =3s 이내 0x5 → 0x1 ( Built-in Cam Display DCM normally) | N36: ▪ BLTN_CAM_DCM_Status = within 3s 0x5 → 0x1 ( Built-in Cam Display DCM normally) | U36: O | V36: DCM_연동
D37: 2 | M37: ▪ DCM 3s 이내 정상적으로 출력할것 | N37: ▪ Output normally within 3 seconds of DCM | U37: X | V37: DCM_연동
D38: 3 | I38: 12 V | J38: IGN | K38: ▪ 전상태 : 네트워크 Sleep 상태 ▪ NM_CGW_CCU 메시지 송신하여 네트워크 Wake UP ▪ B+ ON, ACC OFF, IGN ON (원격 시동 조건) | L38: ▪ Current State: Network Sleep State ▪ Send NM_CGW_CCU message to Wake Up Network ▪ B+ ON, ACC OFF, IGN ON (Remote Start Condition) | M38: ▪ BLTN_CAM_DCM_Status = 3s 이내 0x5→ 0x1 ( Built-in Cam Display DCM normally) | N38: ▪ BLTN_CAM_DCM_Status = within 3s 0x5→ 0x1 ( Built-in Cam Display DCM normally) | U38: O | V38: DCM_연동
D39: 4 | M39: ▪ DCM 3s 이내 정상적으로 출력할것 | N39: ▪ Output normally within 3 seconds of DCM | U39: X | V39: DCM_연동
D40: 5 | E40: 주행 중 전원 변경 -2 | F40: Power change while driving -2 | G40: 전원 조건 변경 - (2) B+,IGN ON | H40: Power condition change - (2) B+,IGN ON | I40: 12V | J40: IGN | K40: ▪ 주행 녹화 진행 ▪ ACC & IGN ON/OFF 10회 반복 ▪ DCM 출력 확인 | L40: ▪ Driving Recording In Progress ▪ Repeat ACC & IGN ON/OFF 10 times ▪ Check DCM Output | M40: ▪ DCM 끊김 없이 정상적으로 출력할것 ▪ 영상 깨짐, 블랙화면 등 출력에 이상없을것 | N40: ▪ Output DCM normally without interruptions ▪ There should be no issues with output, such as image distortion or black screens | U40: X | V40: DCM_연동
A41: 전압 변동 이후 출력 확인 | B41: Check output after voltage fluctuation | C41: DCM_007 | D41: 1 | E41: 주행 중 전압 변동 (빌트인캠 작동 전압 내 변동) | F41: Voltage fluctuations while driving (fluctuations within built-in cam operating voltage) | G41: 저전압 변화 영향성 (12V → 9V) (※ 빌트인캠 작동전압 : 9V ~ 18V) | H41: Effect of Low Voltage Change (12V → 9V) (※ Built-in Cam Operating Voltage: 9V ~ 18V) | I41: 12 V | J41: IGN | K41: ▪ 주행 녹화 진행 ▪ 전원 입력 12V → 9V | L41: ▪ Driving Recording in Progress ▪ Power Input 12V → 9V | M41: ▪ BLTN_CAM_DCM_Status = 0x1 ( Built-in Cam Display DCM normally) | N41: ▪ BLTN_CAM_DCM_Status = 0x1 ( Built-in Cam Display DCM normally) | U41: O | V41: DCM_연동
D42: 2 | M42: ▪ DCM 정상적으로 출력할것 | N42: ▪ Output DCM normally | U42: X | V42: DCM_연동
D43: 3 | G43: 고전압 변화 영향성 (12V → 18V) (※ 빌트인캠 작동전압 : 9V ~ 18V) | H43: Effect of High Voltage Change (12V → 18V) (※ Built-in Cam Operating Voltage: 9V ~ 18V) | I43: 12 V | J43: IGN | K43: ▪ 주행 녹화 진행 ▪ 전원 입력 12V → 18V | L43: ▪ Driving Recording in Progress ▪ Power Input 12V → 18V | M43: ▪ BLTN_CAM_DCM_Status = 0x1 ( Built-in Cam Display DCM normally) | N43: ▪ BLTN_CAM_DCM_Status = 0x1 ( Built-in Cam Display DCM normally) | U43: O | V43: DCM_연동
D44: 4 | M44: ▪ DCM 정상적으로 출력할것 | N44: ▪ Output DCM normally | U44: X | V44: DCM_연동
A45: 악의 조건에 따른 DCM 출력 확인 | B45: Verification of DCM output based on adverse conditions | C45: DCM_008 | D45: 1 | E45: 악의 조건 시 출력 확인 (B+리셋, 저/고전압 반복, CAN 쇼트) | F45: Check output under adverse conditions (B+Reset, Low/High voltage loop, CAN short) | G45: 빌트인캠 B+ 리셋 반복 | H45: Built-in Cam B+ Reset Repeat | I45: 12 V | J45: IGN | K45: ▪ DCM 정상 출력 상태 ▪ 빌트인캠 B+ 리셋 10회 반복후 IGN ON | L45: ▪ DCM normal output status ▪ IGN ON after repeating Built-in Cam B+ reset 10 times | M45: ▪ B+ 리셋 반복 이후 DCM 3s 이내 정상적으로 출력할것 ▪ BLTN_CAM_DCM_Status = 0x1 ( Built-in Cam Display DCM normally) | N45: ▪ Output normally within 3s after repeated B+ resets ▪ BLTN_CAM_DCM_Status = 0x1 ( Built-in Cam Display DCM normally) | U45: X | V45: DCM_연동
D46: 2 | M46: ▪ 영상 깨짐, 블랙화면 등 출력에 이상없을것 | N46: ▪ There should be no issues with output, such as image distortion or black screens. | U46: X | V46: DCM_연동
D47: 3 | G47: DCM B+ 리셋 반복 | H47: DCM B+ Reset Repeat | I47: 12 V | J47: IGN | K47: ▪ DCM 정상 출력 상태 ▪ DCM 전원 리셋 10회 반복후 IGN ON | L47: ▪ DCM normal output status ▪ Turn on IGN after repeating DCM power reset 10 times | M47: ▪ BLTN_CAM_DCM_Status = 0x1 ( Built-in Cam Display DCM normally) | N47: ▪ BLTN_CAM_DCM_Status = 0x1 ( Built-in Cam Display DCM normally) | U47: O | V47: DCM_연동
D48: 4 | M48: ▪ B+ 리셋 반복 이후 DCM 3s 이내 정상적으로 출력할것 ▪ 영상 깨짐, 블랙화면 등 출력에 이상없을것 | N48: ▪ Output normally within 3 seconds of DCM after repeating the B+ reset. ▪ There should be no issues with output, such as image distortion or black screens. | U48: X | V48: DCM_연동
D49: 5 | G49: 저전압 인가 반복 | H49: Repeated low voltage application | I49: 12 V | J49: IGN | K49: ▪ DCM 정상 출력 상태 ▪ 12V ↔ 6V 전환 10회 반복 후 12V 복귀 | L49: ▪ DCM normal output status ▪ Return to 12V after repeating 12V ↔ 6V switching 10 times | M49: ▪ 정상 전압 복귀 후 DCM 정상적으로 출력할것 | N49: ▪ DCM should output normally after normal voltage is restored | U49: X | V49: DCM_연동
D50: 6 | M50: ▪ BLTN_CAM_DCM_Status = 0x1 ( Built-in Cam Display DCM normally) | N50: ▪ BLTN_CAM_DCM_Status = 0x1 ( Built-in Cam Display DCM normally) | U50: O | V50: DCM_연동
D51: 7 | G51: 고전압 인가 반복 | H51: Repeated application of high voltage | I51: 12 V | J51: IGN | K51: ▪ DCM 정상 출력 상태 ▪ 12V ↔ 19V 전환 10회 반복 후 12V 복귀 | L51: ▪ DCM normal output status ▪ Return to 12V after repeating 12V ↔ 19V switching 10 times | M51: ▪ 정상 전압 복귀 후 DCM 정상적으로 출력할것 | N51: ▪ DCM should output normally after normal voltage is restored | U51: X | V51: DCM_연동
D52: 8 | M52: ▪ BLTN_CAM_DCM_Status = 0x1 ( Built-in Cam Display DCM normally) | N52: ▪ BLTN_CAM_DCM_Status = 0x1 ( Built-in Cam Display DCM normally) | U52: O | V52: DCM_연동
D53: 9 | G53: CAN high/low 쇼트 | H53: CAN high/low short | I53: 12 V | J53: IGN | K53: ▪ DCM 정상 출력 상태 ▪ CAN H&L 라인 쇼트 3s 이상 지속 (DCM 출력 끊김) ▪ 쇼트 해제 이후 CAN 복구 ▪ DCM 신호 재인가 | L53: ▪ DCM normal output status ▪ CAN H&L line short lasting 3 seconds or longer (DCM output cut off) ▪ CAN restored after short release ▪ Re-apply DCM signal | M53: ▪ DCM 신호 인가 후 정상적으로 출력할것 ▪ BLTN_CAM_DCM_Status = 0x1 ( Built-in Cam Display DCM normally) | N53: ▪ Output normally after applying DCM signal ▪ BLTN_CAM_DCM_Status = 0x1 ( Built-in Cam Display DCM normally) | U53: X | V53: DCM_연동
D54: 10 | G54: CAN high/low + GND 쇼트 | H54: CAN high/low + GND short | I54: 12 V | J54: IGN | K54: ▪ DCM 정상 출력 상태 ▪ CAM H&L + GND 라인 쇼트 3s 이상 지속 (DCM 출력 끊김) ▪ 쇼트 해제 이후 CAN 복구 ▪ DCM 신호 재인가 | L54: ▪ DCM normal output status ▪ CAM H&L + GND line short lasts for 3 seconds or longer (DCM output cuts off) ▪ CAN restored after short circuit is released ▪ Reapply DCM signal | M54: ▪ DCM 신호 인가 후 정상적으로 출력할것 ▪ BLTN_CAM_DCM_Status = 0x1 ( Built-in Cam Display DCM normally) | N54: ▪ Output normally after applying DCM signal ▪ BLTN_CAM_DCM_Status = 0x1 ( Built-in Cam Display DCM normally) | U54: X | V54: DCM_연동
D55: 11 | G55: CAN high/low + B+ 쇼트 | H55: CAN high/low + B+ short | I55: 12 V | J55: IGN | K55: ▪ DCM 정상 출력 상태 ▪ CAN H&L + B+ 라인 쇼트 3s 이상 지속 (DCM 출력 끊김) ▪ 쇼트 해제 이후 CAN 복구 ▪ DCM 신호 재인가 | L55: ▪ DCM normal output status ▪ CAN H&L + B+ line short lasts for 3 seconds or longer (DCM output cut off) ▪ CAN restored after short is released ▪ Re-apply DCM signal | M55: ▪ DCM 신호 인가 후 정상적으로 출력할것 ▪ BLTN_CAM_DCM_Status = 0x1 ( Built-in Cam Display DCM normally) | N55: ▪ Output normally after applying DCM signal ▪ BLTN_CAM_DCM_Status = 0x1 ( Built-in Cam Display DCM normally) | U55: X | V55: DCM_연동
A56: 설정 변경 이후 출력 확인 | B56: Check output after changing settings | C56: DCM_009 | D56: 1 | E56: [고객 설정 초기화] : 차량모드 | F56: [Reset Customer Settings] : Vehicle Mode | G56: 공장모드 → 고객모드 초기화 | H56: Factory Mode → Customer Mode Reset | I56: 12 V | J56: IGN | K56: ▪ Key On ▪ ICUPowerAutoCutMode = 0x0 → 0x2 신호 변경 ▪ Key OFF → Key On | L56: ▪ Key On ▪ ICUPowerAutoCutMode = 0x0 → 0x2 Signal Change ▪ Key OFF → Key On | M56: ▪ 고객 모드 초기화 후 DCM 출력 영향 없을 것 ▪ 영상 깨짐, 블랙화면 등 출력에 이상없을것 | N56: ▪ DCM output should be unaffected after initializing Customer Mode. ▪ There should be no issues with output, such as image distortion or black screens. | U56: X | V56: DCM_연동
V57: DCM_연동
V58: DCM_연동
V59: DCM_연동
D60: 2 | G60: 딜러모드 → 고객모드 초기화 | H60: Dealer Mode → Reset to Customer Mode | I60: 12 V | J60: IGN | K60: ▪ Key On ▪ ICUPowerAutoCutMode = 0x1 → 0x2 신호 변경 ▪ Key OFF → Key On | L60: ▪ Key On ▪ ICUPowerAutoCutMode = 0x1 → 0x2 Signal Change ▪ Key OFF → Key On | M60: ▪ 고객 모드 초기화 후 DCM 출력 영향 없을 것 ▪ 영상 깨짐, 블랙화면 등 출력에 이상없을것 | N60: ▪ DCM output should be unaffected after initializing Customer Mode. ▪ There should be no issues with output, such as image distortion or black screens. | U60: X | V60: DCM_연동
V61: DCM_연동
V62: DCM_연동
V63: DCM_연동
A64: DCM 출력 - 설정 초기화 | B64: DCM Output - Initialize Settings | C64: DCM_010 | D64: 1 | E64: DCM 출력 - 설정 초기화 | F64: DCM Output - Initialize Settings | G64: 녹화 설정 초기화 - FRS | H64: Reset Recording Settings - FRS | I64: 12 V | J64: IGN | K64: ▪ ICUPowerAutoCutMode = 0x0(Factory mode) → 0x2(Customer mode) ▪ 빌트인 캠 메인화면 ▪ [HU 설정] - [일반] - [초기화] - [게스트 프로필 삭제/시스템 전체 초기화] | L64: ▪ ICUPowerAutoCutMode = 0x0(Factory mode) → 0x2(Customer mode) ▪ Built-in Cam Main Screen ▪ [HU Settings] - [General] - [Reset] - [Delete Guest Profile/Reset System] | M64: ▪ 설정 초기화 후 DCM 출력 영향 없을 것 (주차상시 OFF, 주차이벤트 OFF, 이벤트알림 OFF, 주차 모션감지 녹화 OFF) | N64: ▪ No impact on DCM output after resetting settings (Always Parking OFF, Parking Event OFF, Event Notification OFF, Parking Motion Detection Recording OFF) | U64: X | V64: DCM_연동
V65: DCM_연동
V66: DCM_연동
V67: DCM_연동
D68: 2 | I68: 12 V | J68: IGN | K68: ▪ 주행상시 녹화 설정 ON ▪ [HU 설정] - [일반] - [초기화] - [게스트 프로필 삭제/시스템 전체 초기화] | L68: ▪ Turn on Continuous Driving Recording ▪ [HU Settings] - [General] - [Reset] - [Delete Guest Profile / Reset System] | M68: ▪ 설정 초기화 후 DCM 출력 영향 없을 것 (녹화 설정 기본값 ON) | N68: ▪ No impact on DCM output after resetting settings (Recording setting default ON) | U68: X | V68: DCM_연동
V69: DCM_연동
V70: DCM_연동
V71: DCM_연동
A72: 주차 중 DCM 출력 -1 | B72: DCM output while parked -1 | C72: DCM_011 | D72: 1 | E72: 주차 중 DCM 출력 -1 | F72: DCM output while parked -1 | G72: 주차 상시 녹화 중 DCM 출력(네트워크 Alive) | H72: DCM output during continuous parking recording (Network Alive) | I72: 12 V | J72: B+ | K72: ▪ Key Off 후 주차 녹화 진행 ▪ 네트워크 Alive 상태 | L72: ▪ Parking recording begins after Key Off ▪ Network Alive status | M72: ▪ DCM 정상적으로 출력할것(60FPS) ▪ BLTN_CAM_DCM_Status = 0x1 ( Built-in Cam Display DCM normally) | N72: ▪ Output DCM normally (60FPS) ▪ BLTN_CAM_DCM_Status = 0x1 ( Built-in Cam Display DCM normally) | U72: X | V72: DCM_연동
D73: 2 | G73: 주차 중 충격 이벤트 연속 인가 | H73: Authorization of consecutive impact events while parked | I73: 12 V | J73: B+ | K73: ↑ ▪ 충격 이벤트 연속 인가 | L73: ↑ ▪ Consecutive Shock Events | M73: ▪ DCM 끊김 없이 정상적으로 출력할것(60FPS) ▪ BLTN_CAM_DCM_Status = 0x1 ( Built-in Cam Display DCM normally) | N73: ▪ Output DCM normally without interruption (60FPS) ▪ BLTN_CAM_DCM_Status = 0x1 ( Built-in Cam Display DCM normally) | U73: X | V73: DCM_연동
D74: 3 | G74: 주차 녹화 Sleep 진입 시 | H74: When entering Parking Recording Sleep | I74: 12 V | J74: B+ | K74: ↑ ▪ 네트워크 Sleep 진입 | L74: ↑ ▪ Enter Network Sleep | M74: ▪ 네트워크 Sleep 이후 DCM 영상 미출력 (60FPS → 10FPS) ▪ FPS 변경 시점 녹화 중단후 다시 재개할것 (3s 공백) | N74: ▪ No DCM video output after Network Sleep (60FPS → 10FPS) ▪ Stop recording at the point of FPS change and resume (3s pause) | U74: X | V74: DCM_연동
A75: 주차 중 DCM 출력 -2 | B75: DCM output while parked -2 | C75: DCM_012 | D75: 1 | E75: 주차 중 DCM 출력 -2 | F75: DCM output while parked -2 | G75: Sleep 진입 이후 Key On | H75: Key On after entering Sleep | I75: 12 V | J75: B+ | K75: ▪ Key Off 후 주차 녹화 진행 ▪ 네트워크 Sleep 진입 ▪ Key On | L75: ▪ Parking recording begins after Key Off ▪ Network enters Sleep ▪ Key On | M75: ▪ 네트워크 Sleep 이후 DCM 영상 미출력 (60FPS → 10FPS) ▪ Key On 이후 DCM 끊김없이 정상 출력 (※ 출력 시간 사양 미존재) | N75: ▪ No DCM video output after Network Sleep (60FPS → 10FPS) ▪ Normal DCM output without interruption after Key On (※ Output time specification not available) | U75: X | V75: DCM_연동
