Workbook
Name 입력조건: #REF!
Name 입력조건: #REF!
Name 입력조건: #REF!
Name 입력조건: #REF!
Name 입력조건: #REF!
Name 입력조건: #REF!
Name 입력조건: #REF!
Name 입력조건: #REF!
Name 입력조건: #REF!
Name 입력조건: #REF!
Name 입력조건: #REF!
Name 입력조건: #REF!
Name 입력조건: #REF!
Name 입력조건: #REF!
Name 입력조건: #REF!
Name 입력조건: #REF!
Name 입력조건: #REF!
Name 입력조건: #REF!
Name 입력조건: #REF!
Name 입력조건: #REF!
Name 입력조건: #REF!
Name 입력조건: #REF!
Name 입력조건: #REF!
Name 입력조건: #REF!
Name 판정기준: #REF!
Name 판정기준: #REF!
Name 판정기준: #REF!
Name 판정기준: #REF!
Name 판정기준: #REF!
Name 판정기준: #REF!
Name 판정기준: #REF!
Name 판정기준: #REF!
Name 판정기준: #REF!
Name 판정기준: #REF!
Name 판정기준: #REF!
Name 판정기준: #REF!
Name 판정기준: #REF!
Name 판정기준: #REF!
Name 판정기준: #REF!
Name 판정기준: #REF!
Name 판정기준: #REF!
Name 판정기준: #REF!
Name 판정기준: #REF!
Name 판정기준: #REF!
Name 판정기준: #REF!
Name 판정기준: #REF!
Name 판정기준: #REF!
Name 판정기준: #REF!
Name 항목: #REF!
Name 항목: #REF!
Name 항목: #REF!
Name 항목: #REF!
Name 항목: #REF!
Name 항목: #REF!
Name 항목: #REF!
Name 항목: #REF!
Name 항목: #REF!
Name 항목: #REF!
Name 항목: #REF!
Name 항목: #REF!

Sheet HISTORY
A1: TestCase 변경 HISTORY | L1: 품명: BLTN_CAM
L2: 제정일자 2021- -
A3: Rev | B3: 구분 | C3: 탭 | D3: TC ID | E3: 항목 | F3: 내용 | G3: 사양구분 | H3: 사유 | I3: LCR No | J3: 적용 일자 | K3: 작성자 | L3: 자동화 동기화 여부
A4: 0 | B4: 최초작성 시작 | C4: - | E4: - | F4: - | G4: - | H4: - | I4: - | J4: 2021-10-13
A5: 0.01 | B5: 추가 | C5: 녹화 외 기본기능 | E5: [개발단계 과거이슈] | F5: 간헐적으로 실시간 영상 블랙 화면 출력 재현 시퀀스 추가 | G5: Added a sequence to intermittently reproduce real-time video black screen output. | H5: 과거이슈 추가 | I5: Add past issues | J5: 44601
A6: 0.02 | E6: [SD카드 영향성 확인] | F6: SD카드 탈거 상태로 KEY OFF | G6: Turn off the key with the SD card removed
A7: 1 | B7: - | C7: - | E7: 1차 제정완료 | F7: - | G7: - | J7: 44684
A8: 1.01 | B8: 추가 | C8: 주차 중 상시 녹화 | E8: [주차 중 이벤트 녹화] (8): 주차 중 충격 횟수에 따른 HU 표시 문구 | F8: 주차 중 충격 횟수에 따른 HU 표시 문구 확인 추가 (ccNC기능) | G8: Added confirmation of HU display text based on number of impacts while parked (ccNC function) | H8: 신규작성 | I8: New creation | J8: 44685
C9: 녹화 외 기본기능 | E9: [빌트인캠 S/W버전 시그널] | F9: BLTN_CAM_SWVerMinor3 추가 및 내용 수정 | G9: Added BLTN_CAM_SWVerMinor3 and modified content | H9: 신규작성 | I9: New creation
C10: 보조배터리 연동기능 | E10: [보조배터리 인식] : 시그널 확인 | F10: BLTN_CAM_AuxBat_Conn_State 시그널 값 확인 | G10: Check BLTN_CAM_AuxBat_Conn_State signal value | H10: 신규작성 | I10: New creation
A11: 1.02 | B11: 수정 | C11: Sleep&WakeUp | E11: [EthNM 메시지 동작 확인] | F11: 이더넷 Sleep 사양 CAN 상태 참조하는 사양변경되어 전체적으로 수정 | G11: The Ethernet Sleep specification has been modified entirely due to changes in the specification referencing CAN status. | H11: 내용보완 | I11: Content supplement | J11: 44691
A12: 1.03 | B12: 수정 | C12: 주차 중 상시 녹화 | E12: [SD카드 영향성 확인] | F12: 해당 사양 변경으로 내용 수정 | G12: Content modified due to the change in specifications. | H12: 사양변경 | I12: Change of specifications | J12: 44694
B13: 추가 | C13: 녹화 외 기본기능 | E13: [ccNC와 ccNC-Lite 구분] | F13: ccNC 및 ccNC-Lite 구분 사양 내용 추가 (ccNC기능) | G13: Added specifications distinguishing ccNC and ccNC-Lite (ccNC functions) | H13: 신규작성 | I13: New creation
C14: 통신 정합성 | E14: [LHD/RHD 구분 시그널 출력여부 확인] | F14: LHD/RHD 구분 사양 내용 추가 | G14: Added LHD/RHD distinction specifications | H14: 신규작성 | I14: New creation
B15: 추가 / 수정 | C15: 보조배터리 연동기능 | E15: [LIN] BMS_INFO_01(ID:0x12) | F15: 보조배터리 정보 시그널 내용 추가 및 수정 | G15: Adding and modifying power bank information signal content | H15: 내용보완 | I15: Content supplement
E16: [LIN] BMS_INFO_02(ID:0x13)
E17: [LIN] BMS_INFO_03(ID:0x14) : BAT_Status
B18: 추가 | E18: [BMS_OPERATION_CONTROL] : BAT_Discharging_Time | F18: 보조배터리 정보 시그널 내용 추가 | G18: Added auxiliary battery information signal content | H18: 신규작성 | I18: New creation
E19: [BMS_OPERATION_CONTROL] : Key_On_Off_Info
A20: 1.04 | B20: 추가 | C20: 진단서비스 (3) 수동검증 | E20: BLTN_CAM Internal Error (B16B0-00) (Watchdog 동작여부 확인) | F20: MCU 고장 시 | G20: When the MCU fails | H20: 신규작성 | I20: New creation | J20: 44697
F21: MCU 고장 해제 | G21: MCU failure unlocking | H21: 신규작성
F22: CPU 고장 시 | G22: When the CPU fails | H22: 신규작성
F23: CPU 고장 해제 | G23: CPU failure unlocking | H23: 신규작성
F24: G-Sensor 고장 시 | G24: When the G-Sensor fails | H24: 신규작성
F25: G-Sensor 고장 해제 | G25: G-Sensor Fault Removal | H25: 신규작성
E26: [A260] Eth RDBI CAR Info : Type, Project Name | F26: CAR Type, Project Name 정보 진단 [A260] | G26: CAR Type, Project Name Information Diagnosis [A260] | H26: 신규작성 | I26: New creation
E27: Communication Control 시동조건 적용 | F27: ENG_STAT Running 상태에서 Communication Control 요청 시 부정응답 확인 | G27: Checking for negative responses when requesting Communication Control in ENG_STAT Running state | H27: 신규작성 | I27: New creation
A28: 1.05 | B28: 추가 | C28: 녹화 외 기본기능 | E28: [녹화영상 편집기능] | F28: SD메모리 초기화 | G28: Initialize SD memory | H28: 신규작성 | I28: New creation | J28: 44705
A29: 1.06 | B29: 추가 | C29: 파일재생 및 편집 | E29: [녹화파일 프레임레이트 확인] : 주행 중 상시 녹화 | F29: 주행상시 | G29: Constant driving | H29: 신규작성 | I29: New creation | J29: 44715
F30: 주행 수동이벤트 녹화 이후 | G30: After recording the manual driving event | H30: 신규작성
F31: 주행 충격이벤트 녹화 이후 | G31: After recording the driving impact event | H31: 신규작성
F32: 타임랩스 녹화 이후 | G32: After the time-lapse recording | H32: 신규작성
F33: 주차 중 상시 녹화 이후 | G33: After continuous recording while parked | H33: 신규작성
E34: [녹화파일 프레임레이트 확인] : 주차 중 상시 녹화 | F34: 주차상시 | G34: Always parking | H34: 신규작성
F35: 주차 수동이벤트 녹화 이후 | G35: After recording the manual parking event | H35: 신규작성
F36: 주차 충격이벤트 녹화 이후 | G36: After recording the parking impact event | H36: 신규작성
B37: 추가 | C37: 주행 중 상시 녹화 | E37: [타임랩스 녹화] (7) : HU 요청 | F37: HU에서 타임랩스 시작 요청 | G37: Request to start time-lapse in HU | H37: 신규작성
F38: HU에서 타임랩스 종료 요청 | G38: Request to end time-lapse in HU | H38: 신규작성
F39: HU에서시작 후 롱키로 종료 시 | G39: When ending with a long press after starting in HU | H39: 신규작성
F40: 롱키로 시작 후 HU에서 종료 시 | G40: When starting with a long key and ending at HU | H40: 신규작성
B41: 추가 | C41: 주행 중 상시 녹화 | E41: [주행 중 이벤트 스위치 녹화] (2) : HU 요청 | F41: HU에서 이벤트 녹화 요청 | G41: Request event recording at HU | H41: 신규작성
B42: 추가 | C42: 녹화 외 기본기능 | E42: 빌트인 캠 작동 중 팝업/OSD 알림 | F42: SD카드 탈거 요청 | G42: Request to remove SD card | H42: 신규작성
B43: 수정 | C43: 전기적성능 | E43: [소비전력 측정] : 주차 중 상시 녹화 및 Power OFF 암전류 | F43: 주차 중 상시 녹화 중 보조배터리 소비전력 | G43: Auxiliary battery power consumption during continuous recording while parked | H43: 신규작성
F44: 주차 중 상시 녹화 중 보조배터리 소비전력(통신 Alive상태) | G44: Auxiliary battery power consumption during continuous recording while parked (communication alive status) | H44: 신규작성
A45: 1.07 | B45: 수정 | C45: 녹화 외 기본기능 | E45: 전체 | F45: 전체적으로 수정 | G45: Overall revision | H45: 신규작성 | I45: New creation | J45: 44722
B46: 수정 | C46: 진단서비스 (2) | E46: [F187], [F18B], [F193], [F1A0], [F1A1], [F1B0], [F1B1] DID 명칭 변경 | F46: 진단 DID 명칭 변경 | G46: Change of Diagnostic DID Name | H46: 내용보완 | I46: Content supplement | J46: 44725
B47: 추가 | E47: [F18C], [F197] 추가 | F47: [F18C] Serial Number, [F197] System Name 신규 DID 추가 | G47: [F18C] Serial Number, [F197] System Name Add New DID | H47: 사양추가 | I47: Add specifications
A48: 1.08 | B48: 추가 | C48: 주차 중 상시 녹화 | E48: [주차 중 이벤트 녹화] (5) | F48: Balarm_BglrAlrmCurrentSta 시그널 예외조건 추가 | G48: Added Balarm_BglrAlrmCurrentSta signal exception condition | H48: 신규작성 | I48: New creation | J48: 44733
B49: 수정 | C49: 주행정보 저장기능 | E49: 주행정보를 영상에 OSD 기록하던 사양이 삭제되고 ccNC에서 표출하게 바뀜 | F49: 관련해서 약간 수정 | G49: Slight corrections regarding this | H49: 신규작성 | I49: New creation | J49: 44739
B50: 추가 | C50: 전체 | E50: - | F50: 신규 차종 필터 추가 | G50: Added filters for new car models | H50: 신규작성 | I50: New creation | J50: 44750
A51: 1.09 | B51: 추가 | C51: 파일재생 및 편집 | E51: 보관함 용량 gui 확인 | F51: - | G51: - | H51: 신규작성 | I51: New creation | J51: 44763
C52: 녹화 외 기본기능 | E52: [ERT 테스트] | F52: - | G52: - | H52: 신규작성 | I52: New creation
A53: 1.09 | B53: 추가 | C53: 파일재생 및 편집 | E53: [기타 FPS 확인] : 실시간 영상, AR Nav | F53: 실시간 영상, AR Nav 프레임 누락 확인 | G53: Real-time video, AR Nav frame missing verification | H53: 신규작성 | I53: New creation | J53: 44782
A54: 1.1 | B54: 추가 | C54: 전기적성능 | E54: [주차 중 상시 녹화 동작 전압 확인] | F54: 저/과전압 상태에서 주차 중 상시 녹화 동작 확인 내용 추가 | G54: Added details confirming continuous recording operation during parking under low/overvoltage conditions. | H54: 신규작성 | I54: New creation | J54: 44795
E55: [이벤트 및 타임랩스 녹화 동작 전압 확인] | F55: 저/과전압 상태에서 이벤트 및 타임랩스 녹화 동작 확인 내용 추가 | G55: Added details verifying event and time-lapse recording operation under low/overvoltage conditions. | H55: 신규작성 | I55: New creation
A56: 1.11 | B56: 추가 | C56: 진단서비스 (3) 수동검증 | E56: RDBI 관련항목 추가 | F56: - | G56: - | H56: 신규작성 | I56: New creation | J56: 44798
A57: 1.12 | B57: 보완 | C57: 녹화 외 기본기능 | E57: [LVDS 출력모드 시그널] BLTN_CAM_LVDS_Mode_State | F57: 빌트인캠 모드 ↔ AR네비 영상출력 반복 | G57: Built-in Cam Mode ↔ AR Navigation Video Output Repeat | H57: 실차 발생 부적합 내용보완 | I57: Supplementing details regarding actual vehicle non-conformity | J57: 44803
B58: 추가 | C58: 저장 메모리 및 파일관리 | E58: SD카드 사양 변경건 | F58: SD카드 용량에 따른 녹화 진행 조건 | G58: Recording conditions based on SD card capacity | H58: 신규작성 | I58: New creation | J58: 44826
B59: 추가 | F59: SD카드 자동 초기화 안하는지 확인 | G59: Check if the SD card is not automatically initialized | H59: 신규작성 | I59: New creation
B60: 추가 | F60: SD카드 마운트 해제 | G60: Unmount SD card | H60: 신규작성 | I60: New creation
B61: 추가 | C61: 주차 중 상시 녹화 | E61: 문닫음 필터링 신호 차종에 따라 다른 신호 참조 | F61: SBCM 신호 미수신 시 | G61: When SBCM signal is not received | H61: 신규작성 | I61: New creation
B62: 추가 | F62: SBCM 신호 수신 시 | G62: When receiving SBCM signal | H62: 신규작성 | I62: New creation
A63: 1.13 | B63: 보완 | C63: 주행 중 상시 녹화 | E63: [주행 중 상시 녹화] (1) : 기본확인 | F63: AVN mode 에서 녹화동작 확인(IGN 전원) - 판정조건 추가(녹화시그널 지연시간 확인) | G63: Verify recording operation in AVN mode (IGN power) - Add judgment condition (check recording signal delay time) | H63: 실차 발생 부적합 내용보완 | I63: Supplementing details regarding actual vehicle non-conformity | J63: 44854
B64: 보완 | C64: 주차 중 상시 녹화 | E64: [주차 중 상시 녹화] (1) : 기본확인 | F64: [악의조건] ACC&IGN 빠르게 ON/OFF 20회 반복 후 OFF | G64: [Conditions of Evil] ACC&IGN Quickly turn ON/OFF 20 times, then OFF | H64: 실차 발생 부적합 내용보완 | I64: Supplementing details regarding actual vehicle non-conformity
B65: 보완 | C65: 주차 중 상시 녹화 | E65: [주차 중 이벤트 녹화] (4) : 이벤트 알림(문자알림) 1 | F65: 문자알림기능 설정 ON 상태, 이벤트 녹화시간 변경 주차 이벤트 연속 인가 | G65: Text notification setting ON, change event recording time, enable continuous weekly events | H65: 내용보완 | I65: Content supplement
A66: 1.14 | B66: 추가 | C66: 녹화 외 기본기능 | E66: [SD카드 잭 유닛] : 인디케이터 출력 | F66: SD카드 잭 유닛 인디케이터 출력 확인 | G66: Check SD card jack unit indicator output | H66: 신규작성 | I66: New creation | J66: 44859
E67: [사용자프로필 설정] : First Run Setup - 5 | F67: FRS 신규 사양 추가 | G67: New FRS specifications added | H67: 신규작성 | I67: New creation
C68: 주차 중 상시 녹화 | E68: [주차 중 상시 녹화] : 주차상시/스위치이벤트/충격이벤트 동시 발생 | F68: 주차 중 상시 녹화 중 동시에 다른 영상 녹화 시 영향성 확인 | G68: Checking the impact of simultaneous recording of other videos while continuous recording is in progress during parking | H68: 신규작성 | I68: New creation
C69: 녹화 외 기본기능 | E69: [HU 문구 표시 확인] | F69: HU 팝업 문구 확인 내용 추가 | G69: Added confirmation content to HU popup message | H69: 신규작성 | I69: New creation
C70: 저장 메모리 및 파일관리 | E70: [영상 저장 사양 확인] (1) ~ (5) | F70: 영상 별 저장 사양 확인 내용 추가 | G70: Added details on checking storage specifications per video | H70: 신규작성 | I70: New creation
C71: 녹화 외 기본기능 | E71: [메시지 별 시그널 출력여부 확인] : HU_BLTN_CAM_E_00 | F71: 시그널 동작 여부 확인 내용 추가 | G71: Added content to check signal operation status | H71: 신규작성 | I71: New creation
A72: 1.15 | B72: 추가 | C72: 보조배터리 연동기능 | E72: [보조배터리 전원 전환조건] | F72: 주행(ACC) | G72: Driving (ACC) | H72: 신규작성 | I72: New creation | J72: 44861
F73: 주행(IGN) | G73: Driving (IGN) | H73: 신규작성 | I73: New creation
F74: 주차(네트워크 슬립 이전) | G74: Parking (before network sleep) | H74: 신규작성 | I74: New creation
F75: 주차(네트워크 슬립 이후) | G75: Parking (after network sleep) | H75: 신규작성 | I75: New creation
F76: 주차(네트워크 슬립 상태에서 Wake up 시) | G76: Parking (when waking up from network sleep state) | H76: 신규작성 | I76: New creation
B77: 추가 | C77: 전기적성능 | E77: [이벤트스위치 및 인디케이터] : 스위치 전압 | F77: 이벤트 스위치 전압 확인 | G77: Check event switch voltage | H77: 신규작성 | I77: New creation
F78: 이벤트 스위치 인디케이터 출력전압 확인 | G78: Check event switch indicator output voltage | H78: 신규작성 | I78: New creation
B79: 추가 | C79: 주행 중 상시 녹화 | E79: [카메라 영상 미입력 시] | F79: 전방카메라 탈거, 주행 중 상시 녹화 + 타임랩스 + 수동/충격 이벤트 | G79: Front camera removed, continuous recording while driving + time-lapse + manual/impact events | H79: 신규작성 | I79: New creation
F80: 후방카메라 탈거, 주행 중 상시 녹화 + 타임랩스 + 수동/충격 이벤트 | G80: Rear camera removal, continuous recording while driving + time-lapse + manual/impact events | H80: 신규작성 | I80: New creation
F81: 전/후방카메라 탈거, 주행 중 상시 녹화 + 타임랩스 + 수동/충격 이벤트 | G81: Front/Rear Camera Removal, Continuous Recording While Driving + Time-lapse + Manual/Impact Events | H81: 신규작성 | I81: New creation
B82: 추가 | C82: 주차 중 상시 녹화 | E82: [카메라 영상 미입력 시] | F82: 전방카메라 탈거, 주차 중 상시 녹화 + 타임랩스 + 수동/충격 이벤트 | G82: Front camera removed, continuous recording while parked + time-lapse + manual/impact events | H82: 신규작성 | I82: New creation
F83: 후방카메라 탈거, 주차 중 상시 녹화 + 타임랩스 + 수동/충격 이벤트 | G83: Rearview camera removal, continuous recording while parked + time-lapse + manual/impact events | H83: 신규작성 | I83: New creation
F84: 전/후방카메라 탈거, 주차 중 상시 녹화 + 타임랩스 + 수동/충격 이벤트 | G84: Front/Rear Camera Removal, Continuous Recording While Parked + Time-lapse + Manual/Impact Events | H84: 신규작성 | I84: New creation
A85: 1.16 | B85: 보완 | C85: 주행 중 상시 녹화 | E85: [주행 중 상시 녹화] (1) | F85: FRS 기능 관련 테스트케이스 수정(녹화설정 초기 값) | G85: Modification of test cases related to FRS function (initial recording settings) | H85: 내용보완 | I85: Content supplement | J85: 44866
C86: 주차 중 상시 녹화 | E86: [주차 중 상시 녹화] (1) | H86: 내용보완 | I86: Content supplement
B87: 추가 | C87: 전기적성능 | E87: [IGN 전원입력] : IGN 인식전압(4V/6V) | F87: 엔진 러닝 상태로 IGN ON 인식(ICE) | G87: Recognize IGN ON in engine running state (ICE) | H87: 신규작성 | I87: New creation | J87: 44867
F88: 엔진 러닝 상태로 IGN ON 인식(EV) | G88: IGN ON recognition in engine running state (EV) | H88: 신규작성 | I88: New creation
F89: 엔진 러닝 상태로 IGN ON 인식(HEV) | G89: IGN ON recognition in engine running state (HEV) | H89: 신규작성 | I89: New creation
A90: 1.17 | B90: 추가 | C90: 녹화 외 기본기능 | E90: [LVDS 출력모드 시그널] BLTN_CAM_LVDS_Mode_State | F90: AR네비 영상출력 확인(KEY OFF 후 Sleep 이전) | G90: Check AR navigation video output (before Sleep after KEY OFF) | H90: 신규작성 | I90: New creation | J90: 44895
C91: 파일재생 및 편집 | E91: [DB 정보가 없을 경우] (SD카드 교체시) | F91: 파일 리스트 정보는 제공하나 메테데이터는 미제공됨 | G91: File list information is provided, but metadata is not. | H91: 신규작성 | I91: New creation
F92: 상시녹화 그룹은 2시간 단위로 그룹화 됨 | G92: Continuous recording groups are grouped into 2-hour units. | H92: 신규작성 | I92: New creation
A93: 1.18 | B93: 추가 | C93: 주행정보 저장기능 | E93: [주행시험] | F93: GPS 위치 - 네비표시 정합성 확인 | G93: GPS Location - Check Navigation Display Consistency | H93: 신규작성 | I93: New creation | J93: 44903
F94: GPS 위치 - 네비표시 정합성 확인(충격인가) | G94: GPS Location - Check navigation display consistency (Is it an impact?) | H94: 신규작성 | I94: New creation | J94: 44903
C95: 표지 | E95: - | F95: 표지 변경 | G95: Change cover | H95: 신규작성 | I95: New creation | J95: 44915
A96: 1.19 | B96: 추가 | C96: 녹화 외 기본기능 | E96: AR네비 와이퍼 동작 확인(Motion Detect ON/OFF) | F96: 관련 TC 신규로 추가 | G96: Newly added related TC | H96: 신규작성 | I96: New creation | J96: 44921
A97: 1.2 | B97: 추가 / 수정 | C97: 전체 | E97: - | F97: 전체적으로 수정 | G97: Overall revision | H97: 내용보완 | I97: Content supplement | J97: 44931
A98: 1.21 | B98: 수정 | C98: 전기적성능 | E98: [SD카드 슬롯 유닛 조명] : Type1(외부 비노출) | F98: (사양변경) 원격시동 상태에서 SD슬롯 LED On (TC_10078) | G98: (Specification Change) SD Slot LED On in Remote Start Mode (TC_10078) | H98: 내용보완 | I98: Content supplement | J98: 44932
B99: 추가 | C99: 주행 중 상시 녹화 | E99: [주행 중 상시 녹화] (2) : 상세사항 - 주행상시/스위치이벤트/충격이벤트/타임랩스 동시발생 - 입력전압 변화 | F99: ACC On 전원에서 주행 중 상시 녹화 중 IGN On | G99: IGN On while recording continuously while driving with ACC On power | H99: 신규작성 | I99: New creation
B100: 추가 | C100: 주행 중 상시 녹화 | F100: ACC On 전원에서 동시녹화 중 IGN On | G100: IGN On during simultaneous recording with ACC On power | H100: 신규작성 | I100: New creation
...

Sheet 표지
D1: 플랫폼 검증 보고서 기능 검증 보고서 | J1: 작 성 | L1: 검 토 | N1: 승 인
A4: 문서 번호 | C4: 빌트인캠 2.5세대_23.24.B0.10.02_플랫폼 검증 보고서 빌트인캠 2.5세대_US4 KV JAP_P2_23.24.B0.10.02_기능 검증 보고서 | H4: 검증 목적 | J4: 플랫폼 개정 사양에 대한 기능 정합성 및 동작 유효성 검증 기능 개정 사양에 대한 기능 정합성 및 동작 유효성 검증
A5: 품 명 | C5: 빌트인캠 2.5세대 | H5: 기 간 | J5: 2026.3.24 ~ 25
A6: 참조 스펙 | C6: 01_System_Spec_BLTN_CAM_v2_4(20260115).docx | H6: 담 당 | J6: 임동혁
A7: 플랫폼 Ver. | C7: 23.25.A0.11.03
A8: CAN DB Ver. | C8: 20230523_STD_DB_CAR_2021_HS_B2_v23.05.01.dbc | H8: LIN DB Ver. | J8: P-LBM_LIN_DB_A_01.ldf
B9: 차종 | C9: 이벤트 | D9: HU 타입 | E9: HU Ver. | G9: 주차 전원 | H9: H/W Ver. | J9: 진단/OTA | M9: 품번
A10: 1 | B10: JK1 PE RUS | C10: P2 | D10: ccIC | E10: JX1PE.KOR.ccNC.000.605.230831 | G10: MLBM | H10: 1.00 | J10: 1G / CCU OTA | M10: 95720-DO000
A11: 2
A15: No | B15: 항목 | G15: 총 TC 수 | H15: 실행 TC 수 | I15: 결과 | K15: 판정 | L15: 개선 검증 | M15: 비고
I16: 적합 | J16: 부적합
A17: 1 | B17: 녹화 제어 | C17: 주행 중 녹화 관련 기능 | G17: =COUNT('주행 중 녹화 기능'!G:G) -> 362 | H17: =SUM(I17:J17) -> 150 | I17: =COUNTIF('주행 중 녹화 기능'!J:J,"Pass") -> 150 | J17: =COUNTIF('주행 중 녹화 기능'!J:J,"Fail") -> 0 | K17: Fail | L17: Pass | M17: 23.25.A0.11.03 #2 개선확인
A18: 2 | C18: 주차 중 상시 녹화 관련 기능 | G18: =COUNT('주차 후 녹화 기능'!G:G) -> 312 | H18: =SUM(I18:J18) -> 120 | I18: =COUNTIF('주차 후 녹화 기능'!J:J,"Pass") -> 120 | J18: =COUNTIF('주차 후 녹화 기능'!J:J,"Fail") -> 0 | K18: Pass | L18: -
A19: 3 | B19: 연동 제어 | C19: 헤드 유닛 연동 기능 | G19: =COUNT('HU 연동기능'!G:G) -> 326 | H19: =SUM(I19:J19) -> 143 | I19: =COUNTIF('HU 연동기능'!J:J,"Pass") -> 143 | J19: =COUNTIF('HU 연동기능'!J:J,"Fail") -> 0 | K19: Pass | L19: -
A20: 4 | C20: 보조배터리 소모 전력 및 연동 기능 | G20: =COUNT('보조배터리 연동기능'!G:G) -> 520 | H20: =SUM(I20:J20) -> 53 | I20: =COUNTIF('보조배터리 연동기능'!J:J,"Pass") -> 53 | J20: =COUNTIF('보조배터리 연동기능'!J:J,"Fail") -> 0 | K20: Pass | L20: -
A21: 5 | C21: WiFi 연결 및 모바일 앱 연동 기능 | G21: =COUNT('모바일 앱 연동기능'!G:G) -> 109 | H21: =SUM(I21:J21) -> 0 | I21: =COUNTIF('모바일 앱 연동기능'!J:J,"Pass") -> 0 | J21: =COUNTIF('모바일 앱 연동기능'!J:J,"Fail") -> 0 | K21: Pass | L21: -
A22: 6 | C22: DCM 연동 기능 | G22: =COUNT('DCM 연동기능'!G:G) -> 727 | H22: =SUM(I22:J22) -> 215 | I22: =COUNTIF('DCM 연동기능'!J:J,"Pass") -> 215 | J22: =COUNTIF('DCM 연동기능'!J:J,"Fail") -> 0 | K22: Pass | L22: -
A23: 7 | B23: 서비스 제어 | C23: 빌트인캠 상태 정보 표시 관련 기능 | G23: =COUNT('표시 관련 서비스'!G:G) -> 105 | H23: =SUM(I23:J23) -> 56 | I23: =COUNTIF('표시 관련 서비스'!J:J,"Pass") -> 56 | J23: =COUNTIF('표시 관련 서비스'!J:J,"Fail") -> 0 | K23: Pass | L23: -
A24: 8 | C24: 커넥티드 관련 빌트인캠 상태 알림 관련 기능 | G24: =COUNT('커넥티드 관련 서비스'!G:G) -> 105 | H24: =SUM(I24:J24) -> 84 | I24: =COUNTIF('커넥티드 관련 서비스'!J:J,"Pass") -> 84 | J24: =COUNTIF('커넥티드 관련 서비스'!J:J,"Fail") -> 0 | K24: Pass | L24: -
A25: 9 | B25: 기타 제어 | C25: 주행 중 차량정보(메타데이터) 저장 기능 | G25: =COUNT('차량정보 저장기능'!G:G) -> 253 | H25: =SUM(I25:J25) -> 1 | I25: =COUNTIF('차량정보 저장기능'!J:J,"Pass") -> 1 | J25: =COUNTIF('차량정보 저장기능'!J:J,"Fail") -> 0 | K25: Pass | L25: -
A26: 10 | C26: 녹화 영상 및 소리 재생 및 편집 기능 | G26: =COUNT('파일 재생 및 편집'!H:H) -> 73 | H26: =SUM(I26:J26) -> 0 | I26: =COUNTIF('파일 재생 및 편집'!K:K,"Pass") -> 0 | J26: =COUNTIF('파일 재생 및 편집'!K:K,"Fail") -> 0 | K26: Pass | L26: -
A27: 11 | C27: 녹화 파일 정보 및 SD 카드 사양 확인 | G27: =COUNTIF('저장메모리 및 파일관리'!A:A,"MEM_*") -> 273 | H27: =SUM(I27:J27) -> 0 | I27: =COUNTIF('저장메모리 및 파일관리'!J:J,"Pass") -> 0 | J27: =COUNTIF('저장메모리 및 파일관리'!J:J,"Fail") -> 0 | K27: Pass | L27: -
A28: 12 | C28: 실시간 영상 출력, 차량 모드, 업데이트 외 | G28: =COUNT('저장메모리 및 파일관리'!G:G) -> 422 | H28: =SUM(I28:J28) -> 25 | I28: =COUNTIF('녹화 외 기본기능'!J:J,"Pass") -> 25 | J28: =COUNTIF('녹화 외 기본기능'!J:J,"Fail") -> 0 | K28: Pass | L28: -
A29: 13 | B29: 동작 성능 | C29: 동작 성능 | G29: =COUNT('동작 성능'!G:G) -> 370 | H29: =SUM(I29:J29) -> 192 | I29: =COUNTIF('동작 성능'!J:J,"Pass") -> 192 | J29: =COUNTIF('동작 성능'!J:J,"Fail") -> 0 | K29: Pass | L29: -
A30: 14 | C30: 전기적 성능, 네트워크 동작 사양, 통신 정합성 외 | G30: =COUNT('비기능 외'!G:G) -> 356 | H30: =SUM(I30:J30) -> 202 | I30: =COUNTIF('비기능 외'!J:J,"Pass") -> 202 | J30: =COUNTIF('비기능 외'!J:J,"Fail") -> 0 | K30: Pass | L30: -
A31: 15 | B31: 진단 서비스 | C31: 고장진단, I/O Control 및 ERT기능 | G31: =COUNT('진단서비스 (1)'!G:G) -> 412 | H31: =SUM(I31:J31) -> 209 | I31: =COUNTIF('진단서비스 (1)'!J:J,"Pass") -> 209 | J31: =COUNTIF('진단서비스 (1)'!J:J,"Fail") -> 0 | K31: Pass | L31: -
A32: 16 | C32: ECU Identification 외 | G32: =COUNT('진단서비스 (2)'!G:G) -> 902 | H32: =SUM(I32:J32) -> 878 | I32: =COUNTIF('진단서비스 (2)'!J:J,"Pass") -> 878 | J32: =COUNTIF('진단서비스 (2)'!J:J,"Fail") -> 0 | K32: Pass | L32: -
A33: 17 | C33: Session, Communication Control 외 | G33: =COUNT('진단서비스 (3)'!G:G) -> 1499 | H33: =SUM(I33:J33) -> 1499 | I33: =COUNTIF('진단서비스 (3)'!J:J,"Pass") -> 1499 | J33: =COUNTIF('진단서비스 (3)'!J:J,"Fail") -> 0 | K33: Pass | L33: -
A34: 18 | B34: Sleep & Wakeup | C34: 기능 동작 별 Sleep 진입 확인 | G34: =COUNT(Sleep!G:G) -> 1096 | H34: =SUM(I34:J34) -> 0 | I34: =COUNTIF(Sleep!J:J,"Pass") -> 0 | J34: =COUNTIF(Sleep!J:J,"Fail") -> 0 | K34: Pass | L34: -
A35: 19 | C35: 기능 동작 별 Wakeup 및 Sleep 재진입 확인 | G35: =COUNT(Wakeup!G:G) -> 714 | H35: =SUM(I35:J35) -> 0 | I35: =COUNTIF(Wakeup!J:J,"Pass") -> 0 | J35: =COUNTIF(Wakeup!J:J,"Fail") -> 0 | K35: Pass | L35: -
A36: Total | G36: =SUM(G17:G35) -> 8936 | H36: =SUM(H17:H35) -> 3827 | I36: =SUM(I17:I35) -> 3827 | J36: =SUM(J17:J35) -> 0 | K36: Pass
A37: ■ 부적합 개선 항목 1. 2. ■ 부적합 현황 1. 2. ■ 미검증 항목 1. 2. ※ 지역별 사양 1. 내수 - 2. 북미 - 3. 유럽 -
A50: =TODAY() -> 46227

Sheet 정리
D6: 항목 | E6: STEP | F6: 자동화중 | G6: 자동화완 | H6: 진행률 | I6: 자동화 X
C7: 주행 중 녹화 기능 | D7: {=COUNTIF(INDIRECT("'"&C7&"'!A:A"),"OWD_*")-1} -> 145 | E7: =COUNTA(INDIRECT("'"&C7&"'!G:G"))-1 -> 362 | F7: =COUNTIF(INDIRECT("'"&C7&"'!Q:Q"),"△") -> 24 | G7: {=COUNTIF(INDIRECT("'"&C7&"'!Q:Q"),"01_OWD_*")} -> 145 | H7: =G7/E7 -> 0.40055249 | I7: =E7-G7 -> 217
C8: 주차 후 녹화 기능 | D8: {=COUNTIF(INDIRECT("'"&C8&"'!A:A"),"OWP_*")-1} -> 176 | E8: =COUNTA(INDIRECT("'"&C8&"'!G:G"))-1 -> 312 | F8: =COUNTIF(INDIRECT("'"&C8&"'!Q:Q"),"△") -> 22 | G8: {=COUNTIF(INDIRECT("'"&C8&"'!Q:Q"),"02_OWP_*")} -> 122 | H8: =G8/E8 -> 0.39102564 | I8: =E8-G8 -> 190
C9: HU 연동기능 | D9: {=COUNTIF(INDIRECT("'"&C9&"'!A:A"),"HU_*")-1} -> 218 | E9: =COUNTA(INDIRECT("'"&C9&"'!G:G"))-1 -> 326 | F9: =COUNTIF(INDIRECT("'"&C9&"'!Q:Q"),"△") -> 0 | G9: {=COUNTIF(INDIRECT("'"&C9&"'!Q:Q"),"03_HU_*")} -> 141 | H9: =G9/E9 -> 0.43251534 | I9: =E9-G9 -> 185
C10: 보조배터리 연동기능 | D10: {=COUNTIF(INDIRECT("'"&C10&"'!A:A"),"BAT_*")-1} -> 256 | E10: =COUNTA(INDIRECT("'"&C10&"'!G:G"))-1 -> 520 | F10: =COUNTIF(INDIRECT("'"&C10&"'!Q:Q"),"△") -> 51 | G10: {=COUNTIF(INDIRECT("'"&C10&"'!Q:Q"),"04_BAT_*")} -> 397 | H10: =G10/E10 -> 0.76346154 | I10: =E10-G10 -> 123
C11: 모바일 앱 연동기능 | D11: {=COUNTIF(INDIRECT("'"&C11&"'!A:A"),"APP_*")-1} -> 72 | E11: =COUNTA(INDIRECT("'"&C11&"'!G:G"))-1 -> 109 | F11: =COUNTIF(INDIRECT("'"&C11&"'!Q:Q"),"△") -> 0 | G11: 0 | H11: =G11/E11 -> 0 | I11: =E11-G11 -> 109
C12: DCM 연동기능 | D12: {=COUNTIF(INDIRECT("'"&C12&"'!A:A"),"DCM_*")-1} -> 239 | E12: =COUNTA(INDIRECT("'"&C12&"'!G:G"))-1 -> 727 | F12: =COUNTIF(INDIRECT("'"&C12&"'!Q:Q"),"△") -> 0 | G12: {=COUNTIF(INDIRECT("'"&C12&"'!Q:Q"),"11_DCM_*")} -> 215 | H12: =G12/E12 -> 0.2957359 | I12: =E12-F12 -> 727
C13: 표시 관련 서비스 | D13: {=COUNTIF(INDIRECT("'"&C13&"'!A:A"),"IND_*")-1} -> 42 | E13: =COUNTA(INDIRECT("'"&C13&"'!G:G"))-1 -> 105 | F13: =COUNTIF(INDIRECT("'"&C13&"'!Q:Q"),"△") -> 2 | G13: {=COUNTIF(INDIRECT("'"&C13&"'!Q:Q"),"05_IND_*")} -> 57 | H13: =G13/E13 -> 0.54285714 | I13: =E13-G13 -> 48
C14: 커넥티드 관련 서비스 | D14: {=COUNTIF(INDIRECT("'"&C14&"'!A:A"),"CCS_*")-1} -> 84 | E14: =COUNTA(INDIRECT("'"&C14&"'!G:G"))-1 -> 105 | F14: =COUNTIF(INDIRECT("'"&C14&"'!Q:Q"),"△") -> 1 | G14: {=COUNTIF(INDIRECT("'"&C14&"'!Q:Q"),"06_CCS_*")} -> 84 | H14: =G14/E14 -> 0.8 | I14: =E14-G14 -> 21
C15: 차량정보 저장기능 | D15: {=COUNTIF(INDIRECT("'"&C15&"'!A:A"),"INF_*")-1} -> 129 | E15: =COUNTA(INDIRECT("'"&C15&"'!G:G"))-1 -> 253 | F15: =COUNTIF(INDIRECT("'"&C15&"'!Q:Q"),"△") -> 0 | G15: 0 | H15: =G15/E15 -> 0 | I15: =E15-G15 -> 253
C16: 파일 재생 및 편집 | D16: {=COUNTIF(INDIRECT("'"&C16&"'!A:A"),"FIL_*")-1} -> 57 | E16: =COUNTA(INDIRECT("'"&C16&"'!G:G"))-1 -> 59 | F16: =COUNTIF(INDIRECT("'"&C16&"'!Q:Q"),"△") -> 0 | G16: 0 | H16: =G16/E16 -> 0 | I16: =E16-G16 -> 59
C17: 저장메모리 및 파일관리 | D17: {=COUNTIF(INDIRECT("'"&C17&"'!A:A"),"MEM_*")-1} -> 272 | E17: =COUNTA(INDIRECT("'"&C17&"'!G:G"))-1 -> 422 | F17: =COUNTIF(INDIRECT("'"&C17&"'!Q:Q"),"△") -> 0 | G17: 0 | H17: =G17/E17 -> 0 | I17: =E17-G17 -> 422
C18: 녹화 외 기본기능 | D18: {=COUNTIF(INDIRECT("'"&C18&"'!A:A"),"BAS_*")-1} -> 32 | E18: =COUNTA(INDIRECT("'"&C18&"'!G:G"))-1 -> 59 | F18: =COUNTIF(INDIRECT("'"&C18&"'!Q:Q"),"△") -> 0 | G18: {=COUNTIF(INDIRECT("'"&C18&"'!Q:Q"),"07_BAS_*")} -> 25 | H18: =G18/E18 -> 0.42372881 | I18: =E18-G18 -> 34
C19: 동작 성능 | D19: {=COUNTIF(INDIRECT("'"&C19&"'!A:A"),"PER_*")-1} -> 173 | E19: =COUNTA(INDIRECT("'"&C19&"'!G:G"))-1 -> 370 | F19: =COUNTIF(INDIRECT("'"&C19&"'!Q:Q"),"△") -> 46 | G19: {=COUNTIF(INDIRECT("'"&C19&"'!Q:Q"),"08_PER_*")} -> 201 | H19: =G19/E19 -> 0.54324324 | I19: =E19-G19 -> 169
C20: 비기능 외 | D20: {=COUNTIF(INDIRECT("'"&C20&"'!A:A"),"ETC_*")-1} -> 84 | E20: =COUNTA(INDIRECT("'"&C20&"'!G:G"))-1 -> 356 | F20: =COUNTIF(INDIRECT("'"&C20&"'!Q:Q"),"△") -> 0 | G20: {=COUNTIF(INDIRECT("'"&C20&"'!Q:Q"),"09_ETC_*")} -> 300 | H20: =G20/E20 -> 0.84269663 | I20: =E20-G20 -> 56
C21: 진단서비스 (1) | D21: {=COUNTIF(INDIRECT("'"&C21&"'!A:A"),"DIA_*")-1} -> 199 | E21: =COUNTA(INDIRECT("'"&C21&"'!G:G"))-1 -> 412 | F21: =COUNTIF(INDIRECT("'"&C21&"'!Q:Q"),"△") -> 12 | G21: {=COUNTIF(INDIRECT("'"&C21&"'!Q:Q"),"10_DIA1_*")} -> 255 | H21: =G21/E21 -> 0.61893204 | I21: =E21-G21 -> 157
C22: 진단서비스 (2) | D22: {=COUNTIF(INDIRECT("'"&C22&"'!A:A"),"DIA2_*")-1} -> 226 | E22: =COUNTA(INDIRECT("'"&C22&"'!G:G"))-1 -> 902 | F22: =COUNTIF(INDIRECT("'"&C22&"'!Q:Q"),"△") -> 0 | G22: {=COUNTIF(INDIRECT("'"&C22&"'!Q:Q"),"10_DIA2_*")} -> 902 | H22: =G22/E22 -> 1 | I22: =E22-G22 -> 0
C23: 진단서비스 (3) | D23: {=COUNTIF(INDIRECT("'"&C23&"'!A:A"),"DIA3_*")-1} -> 426 | E23: =COUNTA(INDIRECT("'"&C23&"'!G:G"))-1 -> 1499 | F23: =COUNTIF(INDIRECT("'"&C23&"'!Q:Q"),"△") -> 0 | G23: {=COUNTIF(INDIRECT("'"&C23&"'!Q:Q"),"10_DIA3_*")} -> 1499 | H23: =G23/E23 -> 1 | I23: =E23-G23 -> 0
C24: Sleep | D24: {=COUNTIF(INDIRECT("'"&C24&"'!A:A"),"Sleep_*")-1} -> 105 | E24: =COUNTA(INDIRECT("'"&C24&"'!G:G"))-1 -> 1096 | F24: =COUNTIF(INDIRECT("'"&C24&"'!Q:Q"),"△") -> 0 | G24: {=COUNTIF(INDIRECT("'"&C24&"'!Q:Q"),"Sleep_*")} -> 1096 | H24: =G24/E24 -> 1 | I24: =E24-G24 -> 0
C25: Wakeup | D25: {=COUNTIF(INDIRECT("'"&C25&"'!A:A"),"Wakeup_*")-1} -> 64 | E25: =COUNTA(INDIRECT("'"&C25&"'!G:G"))-1 -> 714 | F25: =COUNTIF(INDIRECT("'"&C25&"'!Q:Q"),"△") -> 0 | G25: {=COUNTIF(INDIRECT("'"&C25&"'!Q:Q"),"Wakeup_*")} -> 714 | H25: =G25/E25 -> 1 | I25: =E25-G25 -> 0
C26: Total | D26: =SUM(D7:D25) -> 2999 | E26: =SUM(E7:E25) -> 8708 | F26: =SUM(F7:F25) -> 158 | G26: =SUM(G7:G25) -> 6153 | H26: =G26/E26 -> 0.70659164 | I26: =E26-G26 -> 2555
K28: 자동화 합계 | L28: 자동화율 (목표) | M28: 자동화율 (현재)
K29: =SUM(F26:G26) -> 6311 | L29: =K29/E26 -> 0.72473588 | M29: =G26/E26 -> 0.70659164

Sheet 매크로 실행
B2: 1. 자동화 검증 결과 | J2: 2. 사양 필터링 | M2: 3. 송부본 만들기
J11: 사양 선택
J12: DCM_연동 X
J16: 사양구분
J17: CAN사양_CAN
J18: CAN사양_CANFD
J19: 주차 중 동작 감지 지원
J20: OTA_HU기반
J21: OTA_CCU기반
J22: 주차 중 상시 녹화 전원_보조배터리
J23: 주차 중 상시 녹화 전원_eAGM
J24: 주차 중 상시 녹화 전원_LFP
J25: 주차 중 상시 녹화 전원_eAGM_PLBM
... J35: 공차보정_지원

Sheet 매크로 사용법
B2: 1. 매크로 기능 활성화
B45: 2. 매크로 기능 사용하기
B77: 3. 매크로 함수 수정
B78: 송부용으로 만들기 : 송부본 만들 시 사용되는 각 함수 포함
B79: 표지에있는매크로버튼 : 송부용_만들기 / 선택한사양_제외하기 / 자동화_풀검증 / 자동화_기본 검증
B80: ※ [송부용으로 만들기] 모듈에서 함수 추가 시에는 [표지에있는매크로버튼] 모듈에서 [송부용_만들기] 함수에서 Call 명령어로 함수 불러와야함

Sheet 테스트케이스 작성 주의사항
B4: 1. 엑셀 시트 이름/띄어쓰기 변경 하지 말것
B5: ※ 엑셀 시트 이름/띄어쓰기 OR 시트 추가 시에는 매크로 수정 필요
B8: 2. 열 삭제/추가 변경하지 말 것
B9: ※ 변경 시, 매크로 수정 필요
B12: 3. 2행에 있는 이름/띄어쓰기 변경 하지 말것
B13: ※ 변경 시, 매크로 수정필요
B16: <<신규 테스트 케이스 작성 주의 사항>>
B18: 1. 기존의 작성된 TC ID는 수정하지 말 것
B19: ※ 추적성 꺠짐 (ALM)
B21: 2. B1에 현재 작성된 TC ID 중 제일 큰 값 확인할 수 있으며, 해당 값 보다 증가하여 TC ID 부여할 것
B39: 3. Step 비어있는 값 없도록 확인할 것
B41: 4. 사양 구분 확인 할것
B42: ※ 신규 사양 구분 카테고리면 매크로 실행 탭에서 수정할 것

Sheet 주행 중 녹화 기능
A1: {="OWD_"&TEXT(MAX(IFERROR(--MID($A$2:$A$4981,5,3),0)),"000")} -> OWD_145 | D1: English Translation | E1: English Translation | F1: English Translation | H1: English Translation | I1: English Translation
A2: ID | B2: Test method | C2: TC design method | D2: Verification items | E2: detail | F2: Precondition | G2: Step | H2: Execution Procedure | I2: Expected value | J2: 결과 | K2: 측정값 | L2: 판정 | M2: 비고 | O2: 매뉴얼 기본 | P2: 자동화 기본 | Q2: 자동화 반영 | R2: 사양구분 | S2: 과거차문제
A3: [BLTN_CAM-기능-001] 주행 중 상시 녹화
A4: OWD_001 | B4: ▪ Requirement-based test | C4: ▪ Requirements Analysis | D4: [Continuous recording while driving] - (1) | E4: Check default values ​​for continuous recording settings while driving | F4: ▪ Built-in Cam Boot Complete ▪ BLTN_CAM_State = 0x0 (BLTN_CAM Valid) ▪ BLTN_CAM_SD_Card_State = 0x0 (Good) ▪ Associated Controller CAN/Ethernet Communication Enabled ▪ Power: Key On ▪ Voltage: 12V | G4: 1 | H4: ▪ ICU_PowerAutoCutModSta = 0x0(Factory mode) → 0x2(Customer mode) ※ Automatically deletes all videos and resets settings when changing from Factory Mode/Transport (Dealer) Mode to Customer Mode | I4: ▪ BLTN_CAM_RecSet_OWD = 0x1(Off) | J4: Pass | O4: O | P4: X | Q4: 01_OWD_001, 01_OWD_002
G5: 2 | H5: ▪ [ccNC Settings] - [General] - [Initialization] - [Full System Initialization] | I5: ▪ BLTN_CAM_RecSet_OWD = 0x1(Off) | J5: Pass | O5: O | P5: X | Q5: 01_OWD_001, 01_OWD_002
G6: 3 | H6: ▪ First Run Setup (FRS) completed in HU (BLTN_CAM_Rec_OWD_NvalueSet / BLTN_CAM_Rec_DEV_NvalueSet / BLTN_CAM_Rec_OWP_NvalueSet / BLTN_CAM_Rec_PEV_NvalueSet = 0x2 (On) transmitted) | I6: ▪ Domestic/Japan/North America/Russia/Middle East BLTN_CAM_RecSet_OWD = 0x2(On) : Apply FRS ▪ Europe BLTN_CAM_RecSet_OWD = 0x1(Off) : Initial value | J6: Pass | O6: O | P6: X | Q6: 01_OWD_001, 01_OWD_002
G7: 4 | H7: ▪ [ccNC Settings] - [General] - [Initialization] - [Full System Initialization] | I7: ▪ Domestic/Japan/North America/Russia/Middle East BLTN_CAM_RecSet_OWD = 0x2(On) : The default recording setting is On when initialized after FRS setup operation ▪ Europe BLTN_CAM_RecSet_OWD = 0x1(Off) : The default recording setting is Off when initialized after FRS setup operation | J7: Pass | O7: O | P7: X | Q7: 01_OWD_001, 01_OWD_002
A8: OWD_002 | B8: ▪ Requirement-based test | C8: ▪ Requirements Analysis | D8: [Continuous Recording While Driving] - (2) | E8: Confirmation that continuous recording while driving does not operate in BLTN_CAM mode | F8: ▪ Built-in Cam Boot Complete ▪ BLTN_CAM_State = 0x0 (BLTN_CAM Valid) ▪ BLTN_CAM_SD_Card_State = 0x0 (Good) ▪ Associated Controller CAN/Ethernet Communication Enabled ▪ Power: Key On ▪ Voltage: 12V ▪ Setting: Continuous Recording While Driving ON | G8: 1 | H8: ▪HU_BLTN_CAM_UI_Mode = 0x1 (BLTN_CAM mode) ▪ Check recording status signal | I8: ▪ BLTN_CAM_HU_UI_Mode = 0x1 (BLTN_CAM mode) ▪ BLTN_CAM_RecSta_OWD = 0x0(Off) | J8: Pass | O8: O | P8: 00_1CHK_215 | Q8: 01_OWD_003
G9: 2 | H9: ▪ Check front/rear camera indicator | I9: ▪Camera Indicator (Blink Cycle/Duty Ratio/Hold Time) - Off/-/Hold | O9: O | P9: △ | Q9: △
G10: 3 | H10: ▪ Check event switch indicator | I10: ▪Event Switch Indicator (Blink Cycle/Duty Ratio/Hold Time) - Off/-/Hold | J10: Pass | O10: O | P10: 00_1CHK_215 | Q10: 01_OWD_003
A11: OWD_052 | B11: ▪ Requirement-based test | C11: ▪ Requirements Analysis | D11: [Continuous Recording While Driving] - (2) | E11: Confirmation that continuous recording while driving does not work in Engineer mode | F11: ▪ Built-in Cam Boot Complete ▪ BLTN_CAM_State = 0x0 (BLTN_CAM Valid) ▪ BLTN_CAM_SD_Card_State = 0x0 (Good) ▪ Associated Controller CAN/Ethernet Communication Enabled ▪ Power: Key On ▪ Voltage: 12V ▪ Setting: Continuous Recording While Driving ON | G11: 1 | H11: ▪ BLTN_CAM_LVDS_Mode_Cmd = 0x2 (Engineer mode) ▪ Check recording status signal | I11: ▪ BLTN_CAM_LVDS_Mode_State = 0X2 (Engineer mode) ▪ BLTN_CAM_RecSta_OWD = 0x0(Off) | J11: Pass | O11: X | P11: 00_1CHK_216 | Q11: 01_OWD_004
G12: 2 | H12: ▪ Check front/rear camera indicator | I12: ▪Camera Indicator (Blink Cycle/Duty Ratio/Hold Time) - Off/-/Hold | O12: X | P12: △ | Q12: △
G13: 3 | H13: ▪ Check event switch indicator | I13: ▪Event Switch Indicator (Blink Cycle/Duty Ratio/Hold Time) - Off/-/Hold | J13: Pass | O13: X | P13: 00_1CHK_216 | Q13: 01_OWD_004
A14: OWD_053 | B14: ▪ Requirement-based test | C14: ▪ Requirements Analysis | D14: [Continuous Recording While Driving] - (2) | E14: Check recording operation in HU mode (IGN power) | F14: ▪ Built-in Cam Boot Complete ▪ BLTN_CAM_State = 0x0 (BLTN_CAM Valid) ▪ BLTN_CAM_SD_Card_State = 0x0 (Good) ▪ Associated Controller CAN/Ethernet Communication Enabled ▪ Power: ACC OFF, IGN ON ▪ Voltage: 12V ▪ Setting: Continuous Recording While Driving ON | G14: 1 | H14: ▪ Switch HU screen ▪ Check recording status signal | I14: ▪ BLTN_CAM_RecSta_OWD = 0x1(Recoreding) ※ The signal delay between the actual recording time and the actual recording time will be 1 second. | J14: Pass | O14: X | P14: 00_1CHK_217 | Q14: 01_OWD_005
G15: 2 | H15: ▪ Check the time taken to start recording (In Built-in Cam mode, the time is measured by the stopwatch as soon as the HOME button is pressed, and recorded as the time captured in the recording file) | I15: ▪ Recording starts within 4 seconds of exiting Built-in Cam mode | O15: X | P15: X | Q15: X
G16: 3 | H16: ▪ Check front/rear camera indicator | I16: ▪ Camera Indicator (Blink Cycle/Duty Ratio/Hold Time) - 0.5Hz/50%/Hold | O16: X | P16: △ | Q16: △
G17: 4 | H17: ▪ Check event switch indicator | I17: ▪Event Switch Indicator (Blink Cycle/Duty Ratio/Hold Time) - On/100%/Hold | J17: Pass | O17: X | P17: 00_1CHK_217 | Q17: 01_OWD_005
A18: OWD_054 | B18: ▪ Requirement-based test | C18: ▪ Requirements Analysis | D18: [Continuous Recording While Driving] - (2) | E18: Check recording operation in HU mode (ACC power) | F18: ▪ Built-in Cam Boot Complete ▪ BLTN_CAM_State = 0x0 (BLTN_CAM Valid) ▪ BLTN_CAM_SD_Card_State = 0x0 (Good) ▪ Associated Controller CAN/Ethernet Communication Enabled ▪ Power: ACC ON, IGN OFF ▪ Voltage: 12V ▪ Setting: Continuous Recording While Driving ON | G18: 1 | H18: ▪ Enter Built-in Cam Mode, stop recording, and exit. ▪ Check recording status signal. | I18: ▪ BLTN_CAM_RecSta_OWD = 0x1(Recoreding) | J18: Pass | O18: X | P18: 00_1CHK_218 | Q18: 01_OWD_006
G19: 2 | H19: ▪ Check the time taken to start recording (In Built-in Cam mode, the time is measured by the stopwatch as soon as the HOME button is pressed, and recorded as the time captured in the recording file) | I19: ▪ Recording starts within 4 seconds of exiting Built-in Cam mode | O19: X | P19: X | Q19: X
G20: 3 | H20: ▪ Check front/rear camera indicator | I20: ▪ Camera Indicator (Blink Cycle/Duty Ratio/Hold Time) - 0.5Hz/50%/Hold | O20: X | P20: △ | Q20: △
G21: 4 | H21: ▪ Check event switch indicator | I21: ▪Event Switch Indicator (Blink Cycle/Duty Ratio/Hold Time) - On/100%/Hold | J21: Pass | O21: X | P21: 00_1CHK_218 | Q21: 01_OWD_006
A22: OWD_034 | B22: ▪ Requirement-based test | C22: ▪ Requirements Analysis | D22: [Performance Recording] - (1) | E22: Check Performance Recording Signal Initial Value | F22: ▪ Built-in Cam Boot Complete ▪ BLTN_CAM_State = 0x0 (BLTN_CAM Valid) ▪ BLTN_CAM_SD_Card_State = 0x0 (Good) ▪ Associated Controller CAN/Ethernet Communication Enabled ▪ Power: Key On ▪ Voltage: 12V | G22: 1 | H22: ▪ ICUPowerAutoCutMode = 0x0(Factory mode) → 0x2(Customer mode) ▪ Built-in Cam Main Screen ▪ [ccNC Settings] - [General] - [Reset] - [Delete Guest Profile / Reset System] - Check Default Values | I22: ▪ BLTN_CAM_RecSta_BPR = 0x1(Off) | O22: X | P22: X | Q22: X | R22: 퍼포먼스_지원
A23: OWD_035 | B23: ▪ Requirement-based test | C23: ▪ Requirements Analysis | D23: [Performance Recording] - (2) | E23: Verify performance recording operation in N mode | F23: ▪ Built-in Cam Boot Complete ▪ BLTN_CAM_State = 0x0 (BLTN_CAM Valid) ▪ BLTN_CAM_SD_Card_State = 0x0 (Good) ▪ Associated Controller CAN/Ethernet Communication Enabled ▪ Power: Key On ▪ Voltage: 12V | G23: 1 | H23: ▪HU_BLTN_CAM_UI_Mode = 0x1 (BLTN_CAM mode) ▪ Enter N mode within HU ▪ Touch "REC" on N Race Cam to start recording ▪ Check performance recording status signal | I23: ▪ BLTN_CAM_HU_UI_Mode = 0x0 (HU UI mode) ▪ BLTN_CAM_RecSta_BPR = 0x1 (Recording) | O23: X | P23: X | Q23: X | R23: 퍼포먼스_지원
G24: 2 | H24: ▪ Check front/rear camera indicator | I24: ▪ Camera Indicator (Blink Cycle/Duty Ratio/Hold Time) - 0.5Hz/50%/Hold | O24: X | P24: X | Q24: X | R24: 퍼포먼스_지원
G25: 3 | H25: ▪ Check event switch indicator | I25: ▪ Event Switch Indicator (Blink Cycle/Duty Ratio/Hold Time) - On/-/Hold | O25: X | P25: X | Q25: X | R25: 퍼포먼스_지원
G26: 4 | H26: ▪ Enter Performance Options ▪ Check the recording status of the N Race Cam "REC" button among the items | I26: ▪ Performance recording proceeds without interruption (Recording count confirmed and recording indicator red confirmed) | O26: X | P26: X | Q26: X | R26: 퍼포먼스_지원
G27: 5 | H27: ▪ Touch the N Race Cam "File" button among the items | I27: ▪ BLTN_CAM_RecSta_BPR = 0x0 (Off) ▪ Move to Built-in Cam Video Save List | O27: X | P27: X | Q27: X | R27: 퍼포먼스_지원
G28: 6 | H28: ▪ Check front/rear camera indicator | I28: ▪ Camera Indicator (Flash Cycle/Duty Ratio/Hold Time) - Off/-/Hold | O28: X | P28: X | Q28: X | R28: 퍼포먼스_지원
G29: 7 | H29: ▪ Check event switch indicator | I29: ▪ Event Switch Indicator (Blink Cycle/Duty Ratio/Hold Time) - On/100%/Hold | O29: X | P29: X | Q29: X | R29: 퍼포먼스_지원
A30: OWD_055 | B30: ▪ Requirement-based test | C30: ▪ Requirements Analysis | D30: [Performance Recording] - (2) | E30: Verify recording operation in HU mode | F30: ▪ Built-in Cam Boot Complete ▪ BLTN_CAM_State = 0x0 (BLTN_CAM Valid) ▪ BLTN_CAM_SD_Card_State = 0x0 (Good) ▪ Associated Controller CAN/Ethernet Communication Enabled ▪ Power: Key On ▪ Voltage: 12V | G30: 1 | H30: ▪HU_BLTN_CAM_UI_Mode = 0x1 (BLTN_CAM mode) ▪ Enter N Mode within HU ▪ Touch "REC" on N Race Cam to start recording ▪ Switch from N Mode to HU screen ▪ Check recording status signal | I30: ▪BLTN_CAM_HU_UI_Mode = 0x0 (HU UI mode) ▪ BLTN_CAM_RecSta_BPR = 0x1 (Recording) | O30: X | P30: X | Q30: X | R30: 퍼포먼스_지원
G31: 2 | H31: ▪ Check front/rear camera indicator | I31: ▪ Camera Indicator (Blink Cycle/Duty Ratio/Hold Time) - 0.5Hz/50%/Hold | O31: X | P31: X | Q31: X | R31: 퍼포먼스_지원
G32: 3 | H32: ▪ Check event switch indicator | I32: ▪ Event Switch Indicator (Blink Cycle/Duty Ratio/Hold Time) - On/100%/Hold | O32: X | P32: X | Q32: X | R32: 퍼포먼스_지원
G33: 4 | H33: ▪ Check the indicator on the display | I33: ▪ Indicator displayed during recording | O33: X | P33: X | Q33: X | R33: 퍼포먼스_지원
A34: OWD_056 | B34: ▪ Requirement-based test | C34: ▪ Requirements Analysis | D34: [Performance Recording] - (2) | E34: Confirmation of non-operation of performance recording in BLTN_CAM mode | F34: ▪ Built-in Cam Boot Complete ▪ BLTN_CAM_State = 0x0 (BLTN_CAM Valid) ▪ BLTN_CAM_SD_Card_State = 0x0 (Good) ▪ Associated Controller CAN/Ethernet Communication Enabled ▪ Power: Key On ▪ Voltage: 12V | G34: 1 | H34: ▪HU_BLTN_CAM_UI_Mode = 0x1 (BLTN_CAM mode) ▪ Enter N mode within HU ▪ Touch "REC" to start recording on N Race Cam ▪ Enter Built-in Cam ▪ Check recording status signal | I34: ▪ BLTN_CAM_HU_UI_Mode = 0x0 (HU UI mode) ▪ BLTN_CAM_RecSta_BPR = 0x0 (Off) | O34: X | P34: X | Q34: X | R34: 퍼포먼스_지원
G35: 2 | H35: ▪ Check front/rear camera indicator | I35: ▪ Camera Indicator (Blink Cycle/Duty Ratio/Hold Time) - Off/-/Hold | O35: X | P35: X | Q35: X | R35: 퍼포먼스_지원
G36: 3 | H36: ▪ Check event switch indicator | I36: ▪ Event Switch Indicator (Blink Cycle/Duty Ratio/Hold Time) - Off/-/Hold | O36: X | P36: X | Q36: X | R36: 퍼포먼스_지원
G37: 4 | H37: ▪ Check the indicator on the display | I37: ▪ Indicator not showing recording | O37: X | P37: X | Q37: X | R37: 퍼포먼스_지원
A38: OWD_003 | B38: ▪ Requirement-based test | C38: ▪ Requirements Analysis | D38: [Continuous Recording While Driving] - (3) | E38: Verify that the continuous recording setting is ON while driving. | F38: ▪ Built-in Cam Boot Complete ▪ BLTN_CAM_State = 0x0 (BLTN_CAM Valid) ▪ BLTN_CAM_SD_Card_State = 0x0 (Good) ▪ Associated Controller CAN/Ethernet Communication Enabled ▪ Power: Key On ▪ Voltage: 12V ▪ Setting: Continuous Recording While Driving ON | G38: 1 | H38: ▪ 3-Minute Standby ▪ Built-in Cam Main Screen ▪ [Always On While Driving] Check Storage Box | I38: ▪ No black thumbnails in the video list ▪ Displayed in the video list by the start time of continuous recording while driving ▪ Three videos (Front + Rear 60 sec) combined and displayed as a single group in the HU | O38: X | P38: X | Q38: X
G39: 2 | H39: ▪ Playback of recording files generated in HU | I39: ▪ No video glitches, green screens, black screens, or noise | O39: X | P39: X | Q39: X
G40: 3 | H40: ▪ Check left and right sides of the generated recording file video | I40: ▪ No horizontal flip of the video | O40: X | P40: X | Q40: X
A41: OWD_057 | B41: ▪ Requirement-based test ▪Test derived from field experience | C41: ▪ Requirements Analysis ▪Field Experience-based Testing | D41: [Continuous Recording While Driving] - (3) | E41: Check for abnormalities while maintaining continuous recording for 5 minutes or more during driving | F41: ▪ Built-in Cam Boot Complete ▪ BLTN_CAM_State = 0x0 (BLTN_CAM Valid) ▪ BLTN_CAM_SD_Card_State = 0x0 (Good) ▪ Associated Controller CAN/Ethernet Communication Enabled ▪ Power: Key On ▪ Voltage: 12V ▪ Setting: Continuous Recording While Driving ON | G41: 1 | H41: ▪ Continuous recording while driving ▪ BLTN_CAM_RecSta_OWD signal monitoring for 5 minutes | I41: ▪ Maintain BLTN_CAM_RecSta_OWD = 0x1 (Recording) | J41: Pass | O41: X | P41: X | Q41: 01_OWD_072
A42: OWD_058 | B42: ▪ Requirements Analysis | C42: ▪ Requirements Analysis | D42: [Continuous Recording While Driving] - (3) | E42: Verify operation of the continuous recording setting OFF while driving | F42: ▪ Built-in Cam Boot Complete ▪ BLTN_CAM_State = 0x0 (BLTN_CAM Valid) ▪ BLTN_CAM_SD_Card_State = 0x0 (Good) ▪ Associated Controller CAN/Ethernet Communication Enabled ▪ Power: Key On ▪ Voltage: 12V | G42: 1 | H42: ▪ Built-in Cam Main Screen ▪ [Settings] - [Recording] - [Recording While Driving] - Continuous Recording Setting Off | I42: ▪ BLTN_CAM_RecSet_OWD = 0x1(Off) | J42: Pass | O42: X | P42: 00_1CHK_220 | Q42: 01_OWD_007
G43: 2 | H43: ▪ Switch HU screen ▪ Check recording status signal | I43: ▪ BLTN_CAM_RecSta_OWD = 0x0(Off) | J43: Pass | O43: X | P43: 00_1CHK_220 | Q43: 01_OWD_007
G44: 3 | H44: ▪ Check front/rear camera indicator | I44: ▪ Camera Indicator (Blink Cycle/Duty Ratio/Hold Time) - Off/-/Hold | O44: X | P44: △ | Q44: △
A45: OWD_059 | B45: ▪ Requirements Analysis | C45: ▪ Requirements Analysis | D45: [Continuous Recording While Driving] - (3) | E45: Separate group index when date changes during recording | F45: ▪ Built-in Cam Boot Complete ▪ BLTN_CAM_State = 0x0 (BLTN_CAM Valid) ▪ BLTN_CAM_SD_Card_State = 0x0 (Good) ▪ Associated Controller CAN/Ethernet Communication Enabled ▪ Power: Key On ▪ Voltage: 12V ▪ Setting: Continuous Recording While Driving ON | G45: 1 | H45: ▪ Continuous recording starts while driving at 23:58:30 ▪ After 3 minutes, 3 recording files are created, then check the list of videos from the continuous recording while driving. | I45: ▪ Created as 2 recording groups - 23:58:30 ~ 00:00:30 - 00:00:30 ~ 00:01:30 | O45: X | P45: X | Q45: X
A46: OWD_036 | B46: ▪ Requirement-based test | C46: ▪ Requirements Analysis | D46: [Performance Recording] - (3) | E46: Confirmation of recording file creation | F46: ▪ Built-in Cam Boot Complete ▪ BLTN_CAM_State = 0x0 (BLTN_CAM Valid) ▪ BLTN_CAM_SD_Card_State = 0x0 (Good) ▪ Associated Controller CAN/Ethernet Communication Enabled ▪ Power: Key On ▪ Voltage: 12V | G46: 1 | H46: ▪ Built-in Cam Main Screen ▪ Check Performance Video List | I46: ▪ No black thumbnails in the video list ▪ Displayed in the video list by the performance recording start time ▪ Front video will be displayed as a single group (rear video is not recorded) | O46: X | P46: X | Q46: X | R46: 퍼포먼스_지원
G47: 2 | H47: ▪ Playback of recording files generated in HU | I47: ▪ No video glitches, green screens, black screens, or noise | O47: X | P47: X | Q47: X | R47: 퍼포먼스_지원
G48: 3 | H48: ▪ Check left and right sides of the generated recording file video | I48: ▪ No horizontal flip of the video | O48: X | P48: X | Q48: X | R48: 퍼포먼스_지원
A49: OWD_060 | B49: ▪ Requirement-based test | C49: ▪ Requirements Analysis | D49: [Performance Recording] - (3) | E49: Check status to maintain performance recording for over 1 hour | F49: ▪ Built-in Cam Boot Complete ▪ BLTN_CAM_State = 0x0 (BLTN_CAM Valid) ▪ BLTN_CAM_SD_Card_State = 0x0 (Good) ▪ Associated Controller CAN/Ethernet Communication Enabled ▪ Power: Key On ▪ Voltage: 12V | G49: 1 | H49: ▪ Performance recording in progress for 1 hour ▪ Confirm end of performance recording | I49: ▪ BLTN_CAM_RecSta_BPR = 0x0 (Off) ▪ No continuous saving | O49: X | P49: X | Q49: X | R49: 퍼포먼스_지원
G50: 2 | H50: ▪ Check indicator | I50: ▪ Blinks yellow for 3 seconds, then turns gray | O50: X | P50: X | Q50: X | R50: 퍼포먼스_지원
G51: 3 | H51: ▪ Check front/rear camera indicator | I51: ▪ Camera Indicator (Blink Cycle/Duty Ratio/Hold Time) - Off/-/Hold | O51: X | P51: X | Q51: X | R51: 퍼포먼스_지원
G52: 4 | H52: ▪ Check the indicator on the display | I52: ▪ Indicator not showing recording | O52: X | P52: X | Q52: X | R52: 퍼포먼스_지원
A53: OWD_061 | B53: ▪ Requirement-based test | C53: ▪ Requirements Analysis | D53: [Performance Recording] - (3) | E53: If the date changes during recording | F53: ▪ Built-in Cam Boot Complete ▪ BLTN_CAM_State = 0x0 (BLTN_CAM Valid) ▪ BLTN_CAM_SD_Card_State = 0x0 (Good) ▪ Associated Controller CAN/Ethernet Communication Enabled ▪ Power: Key On ▪ Voltage: 12V | G53: 1 | H53: ▪ Performance recording starts at 23:58:30 ▪ Check performance video list in 3 minutes | I53: ▪ Will be saved as a single video - 23:58:30 ~ 00:01:30 | O53: X | P53: X | Q53: X | R53: 퍼포먼스_지원
A54: OWD_004 | B54: ▪ Requirement-based test | C54: ▪ Requirements Analysis | D54: [Continuous Recording While Driving] - (4) | E54: Check recording files after entering continuous recording while parked | F54: ▪ Built-in Cam Boot Complete ▪ BLTN_CAM_State = 0x0 (BLTN_CAM Valid) ▪ BLTN_CAM_SD_Card_State = 0x0 (Good) ▪ Associated Controller CAN/Ethernet Communication Enabled ▪ Power: Key On ▪ Voltage: 12V ▪ Settings: Continuous Recording While Driving, Continuous Recording While Parked ON | G54: 1 | H54: ▪ Turn KEY OFF to enter continuous recording while parked (Continuous recording while parked for 10 seconds) ▪ Turn KEY ON to start continuous recording while driving (Continuous recording while driving for 10 seconds) ▪ Repeat the above process 5 times, then check the [Continuous Recording While Driving] box. | I54: ▪ No black thumbnails in the video list ▪ Displayed in the video list by the start time of continuous recording while driving | O54: X | P54: X | Q54: X
G55: 2 | H55: ▪ Play generated recording file | I55: ▪ No video glitches, green screens, black screens, or noise | O55: X | P55: X | Q55: X
A56: OWD_062 | B56: ▪ Requirement-based test | C56: ▪ Requirements Analysis | D56: [Continuous Recording While Driving] - (4) | E56: Check whether recording is performed after repeatedly turning the KEY ON/OFF | F56: ▪ Built-in Cam Boot Complete ▪ BLTN_CAM_State = 0x0 (BLTN_CAM Valid) ▪ BLTN_CAM_SD_Card_State = 0x0 (Good) ▪ Associated Controller CAN/Ethernet Communication Enabled ▪ Power: Key On ▪ Voltage: 12V ▪ Settings: Continuous Recording While Driving, Continuous Recording While Parked ON | G56: 1 | H56: ▪ Quickly turn KEY On/Off 20 times ▪ Turn KEY On ▪ Check recording status signal | I56: ▪ BLTN_CAM_RecSta_OWD = 0x1 (Recording) | J56: Pass | O56: O | P56: X | Q56: 01_OWD_008
G57: 2 | H57: ▪ Check front/rear camera indicator | I57: ▪ Camera Indicator (Blink Cycle/Duty Ratio/Hold Time) - 0.5Hz/50%/Hold | O57: O | P57: X | Q57: △
G58: 3 | H58: ▪ Check event switch indicator | I58: ▪ Event Switch Indicator (Blink Cycle/Duty Ratio/Hold Time) - On/100%/Hold | J58: Pass | O58: O | P58: X | Q58: 01_OWD_008
A59: OWD_037 | B59: ▪ Requirement-based test | C59: ▪ Requirements Analysis | D59: [Performance Recording] - (4) | E59: Check recording files after entering continuous recording while parked | F59: ▪ Built-in Cam Boot Complete ▪ BLTN_CAM_State = 0x0 (BLTN_CAM Valid) ▪ BLTN_CAM_SD_Card_State = 0x0 (Good) ▪ Associated Controller CAN/Ethernet Communication Enabled ▪ Power: Key On ▪ Voltage: 12V ▪ Setting: Parking Continuous Recording ON | G59: 1 | H59: ▪ Turn KEY Off to enter continuous recording while parked (Continuous recording while parked for 10 seconds) ▪ Turn KEY On, enter N mode within HU to start recording (Performance recording for 10 seconds) ▪ Repeat the above process 5 times, then check the [Performance Recording] box | I59: ▪ No black thumbnails in the video list ▪ Displayed in the video list by the performance recording start time | O59: X | P59: X | Q59: X | R59: 퍼포먼스_지원
G60: 2 | H60: ▪ Play generated recording file | I60: ▪ There should be no issues with video tearing, black screens, noise, or video color. | O60: X | P60: X | Q60: X | R60: 퍼포먼스_지원
A61: OWD_063 | B61: ▪ Requirement-based test | C61: ▪ Requirements Analysis | D61: [Performance Recording] - (4) | E61: Check whether recording is performed after repeatedly turning the KEY ON/OFF | F61: ▪ Built-in Cam Boot Complete ▪ BLTN_CAM_State = 0x0 (BLTN_CAM Valid) ▪ BLTN_CAM_SD_Card_State = 0x0 (Good) ▪ Associated Controller CAN/Ethernet Communication Enabled ▪ Power: Key On ▪ Voltage: 12V ▪ Setting: Parking Continuous Recording ON | G61: 1 | H61: ▪ Quickly turn KEY On/Off 20 times ▪ Turn KEY On ▪ Enter N Mode and start Performance Recording ▪ Check recording status signal | I61: ▪ BLTN_CAM_RecSta_BPR = 0x2(Recording) | O61: X | P61: X | Q61: X | R61: 퍼포먼스_지원
G62: 2 | H62: ▪ Check front/rear camera indicator | I62: ▪ Camera Indicator (Blink Cycle/Duty Ratio/Hold Time) - 0.5Hz/50%/Hold | O62: X | P62: X | Q62: X | R62: 퍼포먼스_지원
G63: 3 | H63: ▪ Check event switch indicator | I63: ▪ Event Switch Indicator (Blink Cycle/Duty Ratio/Hold Time) - On/100%/Hold | O63: X | P63: X | Q63: X | R63: 퍼포먼스_지원
G64: 4 | H64: ▪ Check the indicator on the display | I64: ▪ Indicator recording displayed | O64: X | P64: X | Q64: X | R64: 퍼포먼스_지원
A65: OWD_033 | B65: ▪ Requirement-based test | C65: ▪ Requirements Analysis | D65: (European Version) One-time setting for continuous recording while driving | E65: Confirmation that continuous recording while driving was not performed after entering continuous recording while parked. | F65: ▪ Built-in Cam Boot Complete ▪ BLTN_CAM_State = 0x0 (BLTN_CAM Valid) ▪ BLTN_CAM_SD_Card_State = 0x0 (Good) ▪ Associated Controller CAN/Ethernet Communication Enabled ▪ Power: Key On ▪ Voltage: 12V ▪ Setting: Continuous Recording While Driving ON | G65: 1 | H65: ▪ Continuous recording while driving for 10 seconds with KEY ON ▪ Continuous recording enters while parked with KEY OFF (Continuous recording while parked for 10 seconds) ▪ Continuous recording does not proceed while driving when KEY ON | I65: ▪ BLTN_CAM_RecSet_OWD = 0x1(Off) ▪ BLTN_CAM_RecSta_OWD = 0x0(Off) | J65: Pass | O65: X | P65: X | Q65: 01_OWD_009
A66: OWD_064 | B66: ▪ Requirement-based test | C66: ▪ Requirements Analysis | D66: (European Version) One-time setting for continuous recording while driving | E66: Check whether recording is performed after repeatedly turning the KEY ON/OFF | F66: ▪ Built-in Cam Boot Complete ▪ BLTN_CAM_State = 0x0 (BLTN_CAM Valid) ▪ BLTN_CAM_SD_Card_State = 0x0 (Good) ▪ Associated Controller CAN/Ethernet Communication Enabled ▪ Power: Key On ▪ Voltage: 12V ▪ Setting: Continuous Recording While Driving ON | G66: 1 | H66: ▪ Repeat KEY On/Off quickly 20 times ▪ KEY On ▪ Check BLTN_CAM_RecSet_OWD | I66: ▪ BLTN_CAM_RecSet_OWD = 0x1(Off) | J66: Pass | O66: X | P66: X | Q66: 01_OWD_010
G67: 2 | H67: ▪ Check front/rear camera indicator | I67: ▪ Camera Indicator (Flash Cycle/Duty Ratio/Hold Time) - Off/-/Hold | O67: X | P67: X | Q67: △
G68: 3 | H68: ▪ Check event switch indicator | I68: ▪ Event Switch Indicator (Blink Cycle/Duty Ratio/Hold Time) - Off/-/Hold | J68: Pass | O68: X | P68: X | Q68: 01_OWD_010
A69: OWD_005 | B69: ▪ Requirement-based test | C69: ▪ Requirements Analysis | D69: [Impact of continuous recording while driving] - (1) | E69: Confirmation of the impact of simultaneous recording of other videos while continuous recording during driving | F69: ▪ Built-in Cam Boot Complete ▪ BLTN_CAM_State = 0x0 (BLTN_CAM Valid) ▪ BLTN_CAM_SD_Card_State = 0x0 (Good) ▪ Associated Controller CAN/Ethernet Communication Enabled ▪ Power: Key On ▪ Voltage: 12V | G69: 1 | H69: ▪ Turn on continuous recording while driving | I69: ▪ BLTN_CAM_RecSet_OWD = 0x2(On) | J69: Pass | O69: X | P69: X | Q69: 01_OWD_011
G70: 2 | H70: ▪ Switch to HU screen ▪ Start time-lapse recording (Long press Event Switch) | I70: ▪ BLTN_CAM_RecSta TML = 0x1(Recording) | J70: Pass | O70: X | P70: X | Q70: 01_OWD_011
G71: 3 | H71: ▪ Manual switch input | I71: ▪ BLTN_CAM_RecSta_MAR = 0x1(Recording) | J71: Pass | O71: X | P71: X | Q71: 01_OWD_011
G72: 4 | H72: ▪ Authorize Shock Event (Event Recording Setting On) | I72: ▪ BLTN_CAM_RecSta_DEV = 0x1(Recording) | J72: Pass | O72: X | P72: X | Q72: 01_OWD_011
G73: 5 | H73: ▪ 1-Minute Standby ▪ Built-in Cam Main Screen ▪ [Always On While Driving] Check Storage Box | I73: ▪ Confirm saving of continuous recording files while driving - Create 1 list of Front & Rear Video (60 sec) | O73: X | P73: X | Q73: X
G74: 6 | H74: ▪ Confirm repeated entry/exit motion of built-in cam 5 times | I74: ▪ Must be able to access/exit the built-in cam - Must not crash to the HU screen - Must not reboot | J74: Pass | O74: X | P74: X | Q74: 01_OWD_011
G75: 7 | H75: ▪ Check recorded video | I75: ▪ Confirm saving of continuous/impact/manual/time-lapse recording files while driving ▪ No video glitches, green screens, black screens, or noise | O75: X | P75: X | Q75: X
A76: OWD_065 | B76: ▪ Requirement-based test ▪Test derived from field experience | C76: ▪ Requirements Analysis ▪Field Experience-based Testing | D76: [Impact of continuous recording while driving] - (1) | E76: Verification of the impact of low voltage during continuous recording while driving | F76: ▪ Built-in Cam Boot Complete ▪ BLTN_CAM_State = 0x0 (BLTN_CAM Valid) ▪ BLTN_CAM_SD_Card_State = 0x0 (Good) ▪ Associated Controller CAN/Ethernet Communication Enabled ▪ Power: Key On ▪ Voltage: 12V | G76: 1 | H76: ▪ Proceed with the following while continuous recording is in progress on the HU screen: ▪ Verify as the input voltage changes from 12 V to 9 V | I76: ▪ BLTN_CAM_RecSta_OWD = 0x1(Recording) ▪ F/R-CAM_INDI blinking ▪ Event switch indicator On ▪ Confirm saving of continuous recording file while driving - Create 1 list of Front & Rear Video (60 sec) | J76: Pass | M76: 과거차문제 PASTI-322 주차 중 상시 녹화 상태에서 시동 ON시 전방 영상 블랙 녹화 발생 | O76: X | P76: X | Q76: 01_OWD_012 | S76: O
A77: OWD_066 | B77: ▪ Requirement-based test ▪Test derived from field experience | C77: ▪ Requirements Analysis ▪Field Experience-based Testing | D77: [Impact of continuous recording while driving] - (1) | E77: Verification of the impact of high voltage during continuous recording while driving | F77: ▪ Built-in Cam Boot Complete ▪ BLTN_CAM_State = 0x0 (BLTN_CAM Valid) ▪ BLTN_CAM_SD_Card_State = 0x0 (Good) ▪ Associated Controller CAN/Ethernet Communication Enabled ▪ Power: Key On ▪ Voltage: 12V | G77: 1 | H77: ▪ Proceed with the following while continuous recording is in progress on the HU screen: ▪ Verify as the input voltage changes from 12 to 16 V. | I77: ▪ BLTN_CAM_RecSta_OWD = 0x1(Recording) ▪ F/R-CAM_INDI blinking ▪ Event switch indicator On ▪ Confirm saving of continuous recording file while driving - Create 1 list of Front & Rear Video (60 sec) | J77: Pass | O77: X | P77: X | Q77: 01_OWD_013 | S77: O
A78: OWD_006 | B78: ▪ Requirement-based test | C78: ▪ Requirements Analysis | D78: [Impact of Continuous Recording While Driving] - (2) | E78: IGN On while recording continuously while driving with ACC On power | F78: ▪ Built-in Cam Boot Complete ▪ BLTN_CAM_State = 0x0 (BLTN_CAM Valid) ▪ BLTN_CAM_SD_Card_State = 0x0 (Good) ▪ Associated Controller CAN/Ethernet Communication Enabled ▪ Power: ACC ON, IGN OFF ▪ Voltage: 12V | G78: 1 | H78: ▪ IGN On during continuous recording while driving ▪ Check continuous recording status signal while driving | I78: ▪ BLTN_CAM_RecSta_OWD = 0x1(Recording) | J78: Pass | O78: X | P78: X | Q78: 01_OWD_014
G79: 2 | H79: ▪ Verify built-in cam entry/exit operation | I79: ▪ Must be able to access/exit the built-in cam - Must not crash to the HU screen - Must not reboot | J79: Pass | O79: X | P79: X | Q79: 01_OWD_014
G80: 3 | H80: ▪ [Always on while driving] Check storage box | I80: ▪ Verify that continuous recording files are saved while driving ▪ No video glitches, green screens, black screens, or noise | O80: X | P80: X | Q80: X
A81: OWD_067 | B81: ▪ Requirement-based test | C81: ▪ Requirements Analysis | D81: [Impact of Continuous Recording While Driving] - (2) | E81: IGN On during simultaneous multi-recording with ACC On power | F81: ▪ Built-in Cam Boot Complete ▪ BLTN_CAM_State = 0x0 (BLTN_CAM Valid) ▪ BLTN_CAM_SD_Card_State = 0x0 (Good) ▪ Associated Controller CAN/Ethernet Communication Enabled ▪ Power: ACC ON, IGN OFF ▪ Voltage: 12V | G81: 1 | H81: ▪ Recording starts in the following order: Normal Driving → Time-lapse → Impact → Manual Recording ▪ Turn on IGN after a 10-second wait ▪ Check recorded video signal | I81: ▪ BLTN_CAM_RecSta_OWD = 0x1(Recording) ▪ BLTN_CAM_RecSta_TML = 0x1(Recording) ▪ BLTN_CAM_RecSta_DEV = 0x1(Recording) ▪ BLTN_CAM_RecSta_MAR = 0x1(Recording) | J81: Pass | O81: X | P81: X | Q81: 01_OWD_015
G82: 2 | H82: ▪ Verify built-in cam entry/exit operation | I82: ▪ Must be able to access/exit the built-in cam - Must not crash to the HU screen - Must not reboot | J82: Pass | O82: X | P82: X | Q82: 01_OWD_015
G83: 3 | H83: ▪ Check recorded video | I83: ▪ Confirm saving of continuous/impact/manual/time-lapse recording files while driving ▪ No video glitches, green screens, black screens, or noise | O83: X | P83: X | Q83: X
A84: OWD_068 | B84: ▪ Requirement-based test | C84: ▪ Requirements Analysis | D84: [Impact of Continuous Recording While Driving] - (2) | E84: ACC On while recording continuously while driving with IGN On power | F84: ▪ Built-in Cam Boot Complete ▪ BLTN_CAM_State = 0x0 (BLTN_CAM Valid) ▪ BLTN_CAM_SD_Card_State = 0x0 (Good) ▪ Associated Controller CAN/Ethernet Communication Enabled ▪ Power: ACC OFF, IGN ON ▪ Voltage: 12V | G84: 1 | H84: ▪ ACC On while continuous recording is in operation during driving ▪ Check continuous recording status signal while driving | I84: ▪ BLTN_CAM_RecSet_OWD = 0x2(On) | J84: Pass | O84: X | P84: X | Q84: 01_OWD_016
G85: 2 | H85: ▪ Verify built-in cam entry/exit operation | I85: ▪ Must be able to access/exit the built-in cam - Must not crash to the HU screen - Must not reboot | J85: Pass | O85: X | P85: X | Q85: 01_OWD_016
G86: 3 | H86: ▪ [Always on while driving] Check storage box | I86: ▪ Verify that continuous recording files are saved while driving ▪ No video glitches, green screens, black screens, or noise | O86: X | P86: X | Q86: X
A87: OWD_069 | B87: ▪ Requirement-based test | C87: ▪ Requirements Analysis | D87: [Impact of Continuous Recording While Driving] - (2) | E87: ACC On while simultaneous recording on IGN On power | F87: ▪ Built-in Cam Boot Complete ▪ BLTN_CAM_State = 0x0 (BLTN_CAM Valid) ▪ BLTN_CAM_SD_Card_State = 0x0 (Good) ▪ Associated Controller CAN/Ethernet Communication Enabled ▪ Power: ACC OFF, IGN ON ▪ Voltage: 12V | G87: 1 | H87: ▪ Recording starts in the following order: Driving Continuous → Time-lapse → Impact → Manual Recording ▪ Turn on ACC after a 10-second wait ▪ Check recorded video signal | I87: ▪ BLTN_CAM_RecSta_OWD = 0x1(Recording) ▪ BLTN_CAM_RecSta_TML = 0x1(Recording) ▪ BLTN_CAM_RecSta_DEV = 0x1(Recording) ▪ BLTN_CAM_RecSta_MAR = 0x1(Recording) | J87: Pass | O87: X | P87: X | Q87: 01_OWD_017
G88: 2 | H88: ▪ Verify built-in cam entry/exit operation | I88: ▪ Must be able to access/exit the built-in cam - Must not crash to the HU screen - Must not reboot | J88: Pass | O88: X | P88: X | Q88: 01_OWD_017
G89: 3 | H89: ▪ Check recorded video | I89: ▪ Confirm saving of continuous/impact/manual/time-lapse recording files while driving ▪ No video glitches, green screens, black screens, or noise | O89: X | P89: X | Q89: X
A90: OWD_038 | B90: ▪ Requirement-based test | C90: ▪ Requirements Analysis | D90: [Impact during performance recording] - (1) | E90: Checking the impact of simultaneous video recording during performance recording | F90: ▪ Built-in Cam Boot Complete ▪ BLTN_CAM_State = 0x0 (BLTN_CAM Valid) ▪ BLTN_CAM_SD_Card_State = 0x0 (Good) ▪ Associated Controller CAN/Ethernet Communication Enabled ▪ Power: Key On ▪ Voltage: 12V ▪ Settings: Continuous Recording While Driving, Driving Event Recording ON | G90: 1 | H90: ▪ Start performance recording | I90: ▪ BLTN_CAM_RecSta_BPR = 0x1(Recording) | O90: X | P90: X | Q90: X | R90: 퍼포먼스_지원
G91: 2 | H91: ▪ Constant driving signal check during performance recording ▪ Impact detection during performance recording | I91: ▪ BLTN_CAM_RecSta OWD = 0x0(Off) ▪ BLTN_CAM_RecSta DEV = 0x0(Off) ▪ During performance recording, driving will be continuous, and impact recording will not be performed. | O91: X | P91: X | Q91: X | R91: 퍼포먼스_지원
G92: 3 | H92: ▪ Time-lapse, manual switch input | I92: ▪ BLTN_CAM_RecSta TML = 0x0(Off) ▪ BLTN_CAM_RecSta MAR = 0x0(Off) ▪ Time-lapse and manual events will not be recorded during performance recording | O92: X | P92: X | Q92: X | R92: 퍼포먼스_지원
G93: 4 | H93: ▪ 1-minute standby ▪ Enter Built-in Cam Mode ▪ Check [Performance Recording] Library | I93: ▪ Confirm performance recording file save - Create 1 list of front video (60 sec) | O93: X | P93: X | Q93: X | R93: 퍼포먼스_지원
G94: 5 | H94: ▪ Confirm repeating Performance Recording start and stop 5 times | I94: ▪ Recording must be enabled/disabled - Will not crash to the HU screen - Will not reboot | O94: X | P94: X | Q94: X | R94: 퍼포먼스_지원
G95: 6 | H95: ▪ Check recorded video | I95: ▪ Verify that performance recording files are saved ▪ Continuous/Impact/Manual/Time-lapse recording files will not be saved while driving ▪ There should be no issues such as video distortion, black screens, noise, or color distortion | O95: X | P95: X | Q95: X | R95: 퍼포먼스_지원
A96: OWD_070 | B96: ▪ Requirement-based test | C96: ▪ Requirements Analysis | D96: [Impact during performance recording] - (1) | E96: Check for SOME/IP disconnect detection during performance recording | F96: ▪ Built-in Cam Boot Complete ▪ BLTN_CAM_State = 0x0 (BLTN_CAM Valid) ▪ BLTN_CAM_SD_Card_State = 0x0 (Good) ▪ Associated Controller CAN/Ethernet Communication Enabled ▪ Power: Key On ▪ Voltage: 12V | G96: 1 | H96: ▪ Start performance recording ▪ Reboot HU only (SOME/IP discOnnect) | I96: ▪ Confirm stopping performance recording ▪ Confirm saving performance recording file | O96: X | P96: X | Q96: X | R96: 퍼포먼스_지원
A97: OWD_071 | B97: ▪ Requirement-based test | C97: ▪ Requirements Analysis | D97: [Impact during performance recording] - (1) | E97: Verification of Low Voltage Impact During Performance Recording | F97: ▪ Built-in Cam Boot Complete ▪ BLTN_CAM_State = 0x0 (BLTN_CAM Valid) ▪ BLTN_CAM_SD_Card_State = 0x0 (Good) ▪ Associated Controller CAN/Ethernet Communication Enabled ▪ Power: Key On ▪ Voltage: 12V | G97: 1 | H97: ▪ 1-minute performance recording ▪ Proceed with the following while performance recording is in progress on the HU screen ▪ Verify as input voltage changes from 12V to 9V | I97: ▪ BLTN_CAM_RecSta_BPR = 0x1(Recording) ▪ Camera Indicator (Blink Cycle/Duty Ratio/Hold Time) - 0.5Hz/50%/Hold ▪ Event Switch Indicator (Blink Cycle/Duty Ratio/Hold Time) - On/100%/Hold ▪ Confirm Performance Recording File Save - Create 1 Front Video (60 sec) List | O97: X | P97: X | Q97: X | R97: 퍼포먼스_지원
A98: OWD_072 | B98: ▪ Requirement-based test | C98: ▪ Requirements Analysis | D98: [Impact during performance recording] - (1) | E98: Verification of High Voltage Effects During Performance Recording | F98: ▪ Built-in Cam Boot Complete ▪ BLTN_CAM_State = 0x0 (BLTN_CAM Valid) ▪ BLTN_CAM_SD_Card_State = 0x0 (Good) ▪ Associated Controller CAN/Ethernet Communication Enabled ▪ Power: Key On ▪ Voltage: 12V | G98: 1 | H98: ▪ 1-minute performance recording ▪ Proceed with the following while performance recording is in progress on the HU screen ▪ Verify as input voltage changes from 12V to 16V | I98: ▪ BLTN_CAM_RecSta_BPR = 0x1(Recording) ▪ Camera Indicator (Blink Cycle/Duty Ratio/Hold Time) - 0.5Hz/50%/Hold ▪ Event Switch Indicator (Blink Cycle/Duty Ratio/Hold Time) - On/100%/Hold ▪ Confirm Performance Recording File Save - Create 1 Front Video (60 sec) List | O98: X | P98: X | Q98: X | R98: 퍼포먼스_지원
A99: OWD_007 | B99: ▪ Requirement-based test | C99: ▪ Requirements Analysis | D99: [When camera video is not input] | E99: Front camera removed, continuous recording while driving + time-lapse + manual recording while driving | F99: ▪ Built-in Cam Boot Complete ▪ BLTN_CAM_State = 0x0 (BLTN_CAM Valid) ▪ BLTN_CAM_SD_Card_State = 0x0 (Good) ▪ Associated Controller CAN/Ethernet Communication Enabled ▪ Power: Key On ▪ Voltage: 12V ▪ Setting: Continuous Recording While Driving ON | G99: 1 | H99: ▪ Recording in progress: Continuous recording while driving + Time-lapse + Manual recording while driving ▪ Remove front camera after 30 seconds ▪ Reinstall camera after 20 seconds ▪ Check generated recording files after 30 seconds | I99: ▪ Recorded video file created (Black screen recording if no video input) ▪ Camera restored within 2 seconds after installation (Recorded file driving data, capacity, playback time) | O99: X | P99: X | Q99: X
A100: OWD_073 | B100: ▪ Requirement-based test | C100: ▪ Requirements Analysis | D100: [When camera video is not input] | E100: Rear camera removal, continuous recording while driving + time-lapse + manual recording while driving | F100: ▪ Built-in Cam Boot Complete ▪ BLTN_CAM_State = 0x0 (BLTN_CAM Valid) ▪ BLTN_CAM_SD_Card_State = 0x0 (Good) ▪ Associated Controller CAN/Ethernet Communication Enabled ▪ Power: Key On ▪ Voltage: 12V ▪ Setting: Continuous Recording While Driving ON | G100: 1 | H100: ▪ Recording in progress: Continuous recording while driving + Time-lapse + Manual recording while driving ▪ Remove rear camera after 30 seconds ▪ Reinstall camera after 20 seconds ▪ Check generated recording files after 30 seconds | I100: ▪ Recorded video file created (Black screen recording if no video input) ▪ Camera restored within 2 seconds after installation (Recorded file driving data, capacity, playback time) | O100: X | P100: X | Q100: X
...

Sheet 주차 후 녹화 기능
A1: {="OWP_"&TEXT(MAX(IFERROR(--MID($A$2:$A$5024,5,3),0)),"000")} -> OWP_225 | D1: English Translation | E1: English Translation | F1: English Translation | H1: English Translation | I1: English Translation
A2: ID | B2: Test method | C2: TC design method | D2: Verification items | E2: detail | F2: Precondition | G2: Step | H2: Execution Procedure | I2: Expected value | J2: 결과 | K2: 측정값 | L2: 판정 | M2: 비고 | O2: 매뉴얼 기본 | P2: 자동화 기본 | Q2: 자동화 반영 | R2: 사양구분 | S2: 과거차문제
A3: [BLTN_CAM-기능-005] 주차 상시 녹화
A4: OWP_001 | B4: ▪ Requirement-based test | C4: ▪ Requirements Analysis | D4: [Continuous recording while parked] | E4: Check default values ​​for continuous recording settings while parked | F4: ▪ Built-in Cam Boot Complete ▪ BLTN_CAM_State = 0x0 (BLTN_CAM Valid) ▪ BLTN_CAM_SD_Card_State = 0x0 (Good) ▪ Associated Controller CAN/Ethernet Communication Enabled ▪ Power: Key ON ▪ Voltage: 12V | G4: 1 | H4: ▪ ICU_PowerAutoCutModSta = 0x0(Factory mode) → 0x2(Customer mode) ※ Automatically deletes all videos and resets settings when changing from Factory Mode/Dealer Mode to Customer Mode | I4: ▪ Check default settings after factory reset - Domestic/Japan: Always-on recording while parked OFF, Event recording while parked OFF, Event notification while parked ON - Europe: Always-on recording while parked Default, Event recording while parked OFF, Event notification while parked OFF - Middle East/North America/Russia: Always-on recording while parked OFF, Event recording while parked OFF, Event notification while parked Default ※ Exception: Always-on recording while parked / Event recording while parked applied to JG1 RUS | J4: Pass | O4: O | P4: X | Q4: 02_OWP_001, 02_OWP_002, 02_OWP_072 | R4: 주차 중 상시 녹화_지원
G5: 2 | H5: ▪ [ccNC Settings] - [General] - [Initialization] - [Full System Initialization] | I5: ▪ Domestic/Japan/North America: Continuous Recording while parked OFF, Event Recording while parked OFF, Event Notification while parked ON ▪ Europe: Continuous Recording while parked Default, Event Recording while parked OFF, Event Notification while parked OFF ▪ Russia/Middle East: Continuous Recording while parked OFF, Event Recording while parked OFF, Event Notification while parked Default ※ Continuous Recording while parked and Event Recording while parked are applied as an exception for JG1 RUS | J5: Pass | O5: O | P5: X | Q5: 02_OWP_001, 02_OWP_002, 02_OWP_072 | R5: 주차 중 상시 녹화_지원
G6: 3 | H6: ▪ First Run Setup (FRS) completed in HU (BLTN_CAM_Rec_OWD_NvalueSet / BLTN_CAM_Rec_DEV_NvalueSet / BLTN_CAM_Rec_OWP_NvalueSet / BLTN_CAM_Rec_PEV_NvalueSet = 0x2 (ON) transmitted) | I6: ▪ Domestic/Japan/North America BLTN_CAM_RecSet_OWP = 0x2(ON) ▪ Europe/Russia/Middle East BLTN_CAM_RecSet_OWP = 0x0(Default) ※ Continuous recording while parked/Event recording while parked applied as an exception for JG1 RUS | J6: Pass | O6: O | P6: X | Q6: 02_OWP_003, 02_OWP_004 | R6: 주차 중 상시 녹화_지원
G7: 4 | H7: ▪ [ccNC Settings] - [General] - [Initialization] - [Full System Initialization] | I7: ▪ Domestic/Japan/North America BLTN_CAM_RecSet_OWP = 0x2(ON) : The default recording setting is ON upon initialization after FRS setup operation. ▪ Europe/Russia/Middle East BLTN_CAM_RecSet_OWP = 0x0(Default) : The default recording setting is Default upon initialization after FRS setup operation. ※ Continuous recording while parked / Event recording while parked applied as an exception for JG1 RUS. | J7: Pass | O7: O | P7: X | Q7: 02_OWP_003, 02_OWP_004 | R7: 주차 중 상시 녹화_지원
G8: 5 | H8: ▪ [Settings] - [Event Detection Sensitivity] - Check Recording While Parked | I8: ▪ Domestic/Japan/North America/Europe BLTN_CAM_SenSet_PEV = 0x3(Lv.3) ▪ Russia/Middle East BLTN_CAM_SenSet_PEV = 0x0(Default) ※ Continuous recording while parked/Event recording while parked applied as an exception for JG1 RUS | J8: Pass | O8: O | P8: X | Q8: 02_OWP_005, 02_OWP_006 | R8: 주차 중 상시 녹화_지원
G9: 6 | H9: ▪ [Recording while parked] - [Recording time while parked] - Check initial value | I9: ▪ Domestic/Japan/North America/Europe BLTN_CAM_Set_PrkTime = 0x14(20Hr) ▪ Russia/Middle East BLTN_CAM_Set_PrkTime = 0x0(Default) ※ Continuous recording while parked/Event recording while parked applied as an exception for JG1 RUS | J9: Pass | O9: O | P9: X | Q9: 02_OWP_005, 02_OWP_006 | R9: 주차 중 상시 녹화_지원
A10: OWP_026 | B10: ▪ Requirement-based test | C10: ▪ Requirements Analysis | D10: [Continuous recording while parked] | E10: Confirmation of continuous recording operation while parked : Domestic/Japan/North America | F10: ▪ Built-in Cam Boot Complete ▪ BLTN_CAM_State = 0x0 (BLTN_CAM Valid) ▪ BLTN_CAM_SD_Card_State = 0x0 (Good) ▪ Associated Controller CAN/Ethernet Communication Enabled ▪ Power: Key ON ▪ Voltage: 12V ▪ Setting: Continuous Recording While Parked ON | G10: 1 | H10: ▪ Key Off ▪ Check recording status signal | I10: ▪ BLTN_CAM_RecSta_OWP = 0x1(Recording) : The difference between the actual recording start time (check recording file) and the signal ON must be within 2 seconds. ▪ BLTN_CAM_RecSta_OWD = 0x0(OFF) ▪ No recording start delay (recording starts within 5 seconds based on GN7) | J10: Pass | O10: O | P10: 00_1CHK_156 | Q10: 02_OWP_007 | R10: 주차 중 상시 녹화_지원
G11: 2 | H11: ▪ Check front/rear camera indicator | I11: ▪ Camera Indicator 0.5Hz/50%/Maintain | O11: O | P11: △ | Q11: △ | R11: 주차 중 상시 녹화_지원
G12: 3 | H12: ▪ Check event switch indicator | I12: ▪ Event switch indicator ON/100%/Hold | J12: Pass | O12: O | P12: 00_1CHK_156 | Q12: 02_OWP_007 | R12: 주차 중 상시 녹화_지원
A13: OWP_028 | B13: ▪ Requirement-based test | C13: ▪ Requirements Analysis | D13: [Continuous Recording While Parked] Setting ON/OFF | E13: Confirmation that continuous parking recording is not applied : Middle East/Europe/Russia | F13: ▪ Built-in Cam Boot Complete ▪ BLTN_CAM_State = 0x0 (BLTN_CAM Valid) ▪ BLTN_CAM_SD_Card_State = 0x0 (Good) ▪ Associated Controller CAN/Ethernet Communication Enabled ▪ Power: Key ON ▪ Voltage: 12V | G13: 1 | H13: ▪ Enter Built-in Cam Mode ▪ [Settings] - [Recording] - [Recording While Parked] - Confirm No UI for Continuous Recording While Parked ▪ Check Recording Settings Signal | I13: ▪ No UI for continuous recording settings while parked ▪ BLTN_CAM_RecSet_OWP = 0x0(Defualt) | O13: O | P13: 02_OWP_011 | Q13: 02_OWP_011 | R13: 주차 중 상시 녹화_미지원
A14: OWP_002 | B14: ▪ Requirement-based test | C14: ▪ Requirements Analysis | D14: [Continuous Recording While Parked] Setting ON/OFF | E14: Confirmation of non-operation of recording when continuous parking recording is OFF | F14: ▪ Built-in Cam Boot Complete ▪ BLTN_CAM_State = 0x0 (BLTN_CAM Valid) ▪ BLTN_CAM_SD_Card_State = 0x0 (Good) ▪ Associated Controller CAN/Ethernet Communication Enabled ▪ Power: Key ON ▪ Voltage: 12V | G14: 1 | H14: ▪ Enter Built-in Cam Mode ▪ [Settings] - [Recording] - [Recording While Parked] - Turn Off Continuous Recording While Parked, Turn Off Event Recording While Parked ▪ (Vehicles with Motion Detection While Parked) [Settings] - [Recording] - [Recording While Parked] - Turn Off Motion Detection Recording While Parked | I14: ▪ BLTN_CAM_RecSet_OWP = 0x1(OFF) ▪ BLTN_CAM_RecSet_PEV = 0x1(OFF) ▪ BLTN_CAM_RecSet_PMD = 0x1(OFF) or 0x0(Default) | J14: Pass | O14: X | P14: 00_1CHK_158 | Q14: 02_OWP_009 | R14: 주차 중 상시 녹화_지원
G15: 2 | H15: ▪ Enter HU Mode ▪ Turn Key Off to enable continuous recording while parked ▪ Check recording status signal | I15: ▪ BLTN_CAM_RecSta_OWP = 0x0(OFF) | J15: Pass | O15: X | P15: 00_1CHK_159 | Q15: 02_OWP_010 | R15: 주차 중 상시 녹화_지원
G16: 3 | H16: ▪ Check front/rear camera indicator | I16: ▪ Camera Indicator OFF/-/Keep | O16: X | P16: △ | Q16: △ | R16: 주차 중 상시 녹화_지원
G17: 4 | H17: ▪ Check event switch indicator | I17: ▪ Event switch indicator OFF/-/Hold | J17: Pass | O17: X | P17: 00_1CHK_159 | Q17: 02_OWP_010 | R17: 주차 중 상시 녹화_지원
A18: OWP_029 | B18: ▪ Requirement-based test | C18: ▪ Requirements Analysis | D18: [Continuous Recording While Parked] Setting ON/OFF | E18: Check BLTN_CAM_Prk_Oprable_Time : P-LBM | F18: ▪ Built-in Cam Boot Complete ▪ BLTN_CAM_State = 0x0 (BLTN_CAM Valid) ▪ BLTN_CAM_SD_Card_State = 0x0 (Good) ▪ Associated Controller CAN/Ethernet Communication Enabled ▪ Power: Key ON ▪ Voltage: 12V ▪ Setting: Parking Continuous Recording ON | G18: 1 | H18: ▪ Apply SOC abnormal status signal: P-LBM SoC: Transmit BAT_SOC_for_BLTN_CAM = 0xFF ▪ [Settings] - [Recording] - [Recording While Parked] - Turn on Continuous Recording ▪ Turn off the key to enter Continuous Recording While Parked | I18: ▪ BLTN_CAM_Prk_Oprable_Time = 0x00 | J18: Pass | O18: X | P18: X | Q18: 02_OWP_074 | R18: 주차 중 상시 녹화_지원
A19: OWP_030 | B19: ▪ Requirement-based test | C19: ▪ Requirements Analysis | D19: [Continuous Recording While Parked] Setting ON/OFF | E19: Check BLTN_CAM_Prk_Oprable_Time : eAGM | F19: ▪ Built-in Cam Boot Complete ▪ BLTN_CAM_State = 0x0 (BLTN_CAM Valid) ▪ BLTN_CAM_SD_Card_State = 0x0 (Good) ▪ Associated Controller CAN/Ethernet Communication Enabled ▪ Power: Key ON ▪ Voltage: 12V ▪ Setting: Parking Continuous Recording ON | G19: 1 | H19: ▪ Apply SOC abnormal status signal: Transmit ICU_BS2SoC = Invalid(0x65~0xFE) or Error (0xFF) ▪ [Settings] - [Recording] - [Recording While Parked] - Turn on Continuous Recording ▪ Turn off the key to enter Continuous Recording While Parked | I19: ▪ BLTN_CAM_Prk_Oprable_Time = 0x00 | J19: Pass | O19: X | P19: X | Q19: 02_OWP_074 | R19: 주차 중 상시 녹화_지원
A20: OWP_031 | B20: ▪ Requirement-based test | C20: ▪ Requirements Analysis | D20: [Continuous Recording While Parked] Setting ON/OFF | E20: Check BLTN_CAM_Prk_Oprable_Time : LFP | F20: ▪ Built-in Cam Boot Complete ▪ BLTN_CAM_State = 0x0 (BLTN_CAM Valid) ▪ BLTN_CAM_SD_Card_State = 0x0 (Good) ▪ Associated Controller CAN/Ethernet Communication Enabled ▪ Power: Key ON ▪ Voltage: 12V ▪ Setting: Parking Continuous Recording ON | G20: 1 | H20: ▪ Apply SOC abnormal status signal: Transmit BAT_SocVal = Error(0xFF) ▪ [Settings] - [Recording] - [Recording While Parked] - Turn on Continuous Recording ▪ Turn off the key to enter Continuous Recording While Parked | I20: ▪ BLTN_CAM_Prk_Oprable_Time = 0x00 | J20: Pass | O20: X | P20: X | Q20: 02_OWP_074 | R20: 주차 중 상시 녹화_지원
A21: OWP_032 | B21: ▪ Requirement-based test | C21: ▪ Requirements Analysis | D21: [Continuous Recording While Parked] Setting ON/OFF | E21: Check BLTN_CAM_Prk_Oprable_Time : M-LBM | F21: ▪ Built-in Cam Boot Complete ▪ BLTN_CAM_State = 0x0 (BLTN_CAM Valid) ▪ BLTN_CAM_SD_Card_State = 0x0 (Good) ▪ Associated Controller CAN/Ethernet Communication Enabled ▪ Power: Key ON ▪ Voltage: 12V | G21: 1 | H21: ▪ Apply SOC abnormal status signal: Transmit MainLBM_SocVal = Error(0xFF) ▪ [Settings] - [Recording] - [Recording While Parked] - Turn on Continuous Recording ▪ Turn off the key to enter Continuous Recording While Parked | I21: ▪ BLTN_CAM_Prk_Oprable_Time = 0x00 | J21: Pass | O21: X | P21: X | Q21: 02_OWP_074 | R21: 주차 중 상시 녹화_지원
A22: OWP_033 | B22: ▪ Requirement-based test ▪ Test derived from field experience | C22: ▪ Requirements Analysis ▪ Field Experience-based Testing | D22: [Continuous Recording While Parked] Setting ON/OFF | E22: Confirm recording file creation (3 minutes) - Create 1 3-minute recording file | F22: ▪ Built-in Cam Boot Complete ▪ BLTN_CAM_State = 0x0 (BLTN_CAM Valid) ▪ BLTN_CAM_SD_Card_State = 0x0 (Good) ▪ Associated Controller CAN/Ethernet Communication Enabled ▪ Power: Key ON ▪ Voltage: 12V | G22: 1 | H22: ▪ Enter Built-in Cam Mode ▪ [Settings] - [Recording] - [Recording While Parked] - Turn On Continuous Recording ▪ Turn Key Off to enter Continuous Recording While Parked ▪ Wait 3 minutes, then turn Key ON ▪ After entering Built-in Cam Mode, check the [Continuous Recording While Parked] box | I22: ▪ Confirmation of continuous recording file saving during parking: Verify creation of a list containing 1 file of front + rear video (3 min) ▪ No black thumbnails in the video list ▪ The recording start time should be displayed in the video list ▪ No video glitches, green screens, black screens, or noise ▪ The progress bar plays to the end during video playback | M22: 과거차문제 PASTI-340 주차 중 상시 녹화 진입 초기에 후방영상 블랙으로 저장 되며 간헐적으로 썸네일도 블랙 저장 | O22: O | P22: X | Q22: X | R22: 주차 중 상시 녹화_지원 | S22: O
A23: OWP_034 | B23: ▪ Requirement-based test ▪ Test derived from field experience | C23: ▪ Requirements Analysis ▪ Field Experience-based Testing | D23: [Continuous Recording While Parked] Setting ON/OFF | E23: [Conditions of Evil] Key ON/OFF Repeat quickly 20 times, then OFF | F23: ▪ Built-in Cam Boot Complete ▪ BLTN_CAM_State = 0x0 (BLTN_CAM Valid) ▪ BLTN_CAM_SD_Card_State = 0x0 (Good) ▪ Associated Controller CAN/Ethernet Communication Enabled ▪ Power: Key ON ▪ Voltage: 12V ▪ Setting: Parking Continuous Recording ON | G23: 1 | H23: ▪ Enter Built-in Cam Mode ▪ Quickly turn Key ON/OFF 20 times, then turn Key OFF to enter continuous recording while parked. (Real vehicle conditions: Quickly press the Engine Start button) ▪ Check recording status signal (Verify if continuous recording while parked has been entered) | I23: ▪ BLTN_CAM_RecSta_OWP = 0x1(Recording) | J23: Pass | O23: O | P23: X | Q23: 02_OWP_012 | R23: 주차 중 상시 녹화_지원 | S23: O
G24: 2 | H24: ▪ Check front/rear camera indicator | I24: ▪ Camera Indicator 0.5Hz/50%/Maintain | O24: O | P24: X | Q24: △ | R24: 주차 중 상시 녹화_지원 | S24: O
G25: 3 | H25: ▪ Check event switch indicator | I25: ▪ Event switch indicator ON/100%/Hold | O25: O | P25: X | Q25: △ | R25: 주차 중 상시 녹화_지원 | S25: O
G26: 4 | H26: ▪ Turn Key ON after waiting 1 minute ▪ After entering Built-in Cam mode, check the [Always On While Parked] box | I26: ▪ Verify that continuous recording files are saved while parked ▪ No black thumbnails in the video list ▪ Videos will be displayed in the list based on the recording start time ▪ No video glitches, green screens, black screens, or noise ▪ The progress bar plays to the end during video playback | O26: O | P26: X | Q26: X | R26: 주차 중 상시 녹화_지원 | S26: O
A27: OWP_035 | B27: ▪ Requirement-based test ▪ Test derived from field experience | C27: ▪ Requirements Analysis ▪ Field Experience-based Testing | D27: [Continuous Recording While Parked] Setting ON/OFF | E27: [Bad Conditions] Continuous Recording Setting Off While Parked Repeat Key ON/OFF quickly 20 times, then OFF | F27: ▪ Built-in Cam Boot Complete ▪ BLTN_CAM_State = 0x0 (BLTN_CAM Valid) ▪ BLTN_CAM_SD_Card_State = 0x0 (Good) ▪ Associated Controller CAN/Ethernet Communication Enabled ▪ Power: Key ON ▪ Voltage: 12V | G27: 1 | H27: ▪ Enter Built-in Cam Mode ▪ [Settings] - [Recording] - [Recording While Parked] - Turn Off Parking Continuous Recording, Turn Off Parking Event Recording ▪ (Vehicles with Motion Detection Recording while Parked) [Settings] - [Recording] - Turn Off Parking Motion Detection Recording Setting ▪ Quickly turn Key ON/OFF 20 times, then turn Key OFF (Real Vehicle Condition: Quickly press Engine Start button) ▪ Check Recording Status Signal (Verify that Continuous Recording while Parked has not been entered) | I27: ▪ BLTN_CAM_RecSta_OWP = 0x0(OFF) | J27: Pass | O27: X | P27: X | Q27: 02_OWP_013 | R27: 주차 중 상시 녹화_지원 | S27: O
G28: 2 | H28: ▪ Check front/rear camera indicator | I28: ▪ Camera Indicator OFF/-/Keep | O28: X | P28: X | Q28: △ | R28: 주차 중 상시 녹화_지원 | S28: O
G29: 3 | H29: ▪ Check event switch indicator | I29: ▪ Event switch indicator OFF/-/Hold | O29: X | P29: X | Q29: △ | R29: 주차 중 상시 녹화_지원 | S29: O
G30: 4 | H30: ▪ Check dark current | I30: ▪ Dark current must be 0.5mA or less | J30: Pass | O30: X | P30: X | Q30: 02_OWP_013 | R30: 주차 중 상시 녹화_지원 | S30: O
A31: OWP_003 | B31: ▪ Requirement-based test ▪ Test derived from field experience | C31: ▪ Requirements Analysis ▪ Field Experience-based Testing | D31: [Continuous Recording While Parked] : Full-time Recording | E31: Confirmation of recording file creation (20 hours) | F31: ▪ Built-in Cam Boot Complete ▪ BLTN_CAM_State = 0x0 (BLTN_CAM Valid) ▪ BLTN_CAM_SD_Card_State = 0x0 (Good) ▪ Associated Controller CAN/Ethernet Communication Enabled ▪ Power: Key ON ▪ Voltage: 12V ▪ Setting: Parking Continuous Recording ON | G31: 1 | H31: ▪ Enter Built-in Cam Mode ▪ [Advanced Settings] - [Continuous Recording Time While Parked] - Check signal after setting to 20 hours of recording | I31: ▪ BLTN_CAM_Set_PrkTime = 0x14(20h) | O31: X | P31: X | Q31: X | R31: 주차 중 상시 녹화_지원 | S31: O
G32: 2 | H32: ▪ Turn Key Off to enter continuous recording while parked ▪ 20-hour standby ▪ Turn Key ON, enter Built-in Cam mode, and check the parking continuous recording box | I32: ▪ Confirmation of continuous recording file saving while parked: Confirmation of creation of a list of 40 front & rear videos (30 minutes). | O32: X | P32: X | Q32: X | R32: 주차 중 상시 녹화_지원 | S32: O
A33: OWP_036 | B33: ▪ Requirement-based test ▪ Test derived from field experience | C33: ▪ Requirements Analysis ▪ Field Experience-based Testing | D33: [Continuous Recording While Parked] : Full-time Recording | E33: Check for interruption of related actions during continuous recording (20 hours) | F33: ▪ Built-in Cam Boot Complete ▪ BLTN_CAM_State = 0x0 (BLTN_CAM Valid) ▪ BLTN_CAM_SD_Card_State = 0x0 (Good) ▪ Associated Controller CAN/Ethernet Communication Enabled ▪ Power: Key ON ▪ Voltage: 12V ▪ Setting: Parking Continuous Recording ON | G33: 1 | H33: ▪ Enter Built-in Cam Mode ▪ [Advanced Settings] - [Continuous Recording Time While Parked] - Check signal after setting to 20 hours of recording | I33: ▪ BLTN_CAM_Set_PrkTime = 0x14(20h) | O33: X | P33: X | Q33: X | R33: 주차 중 상시 녹화_지원 | S33: O
G34: 2 | H34: ▪ Maintain CAN Alive status by sending NM_CGW_CCU message during 20-hour continuous parking recording ▪ Turn off the key to enter continuous parking recording ▪ Standby for 20 hours ▪ Check BLTN_CAM_RecSta_OWP signal in CAN LOG after continuous parking recording is complete | I34: ▪ The BLTN_CAM_RecSta_OWP signal will not be turned OFF at the time of individual file saving. | O34: X | P34: X | Q34: X | R34: 주차 중 상시 녹화_지원 | S34: O
A35: OWP_037 | B35: ▪ Requirement-based test ▪ Test derived from field experience | C35: ▪ Requirements Analysis ▪ Field Experience-based Testing | D35: [Continuous Recording While Parked] : Full-time Recording | E35: Confirmation of recording file creation (12 hours) | F35: ▪ Built-in Cam Boot Complete ▪ BLTN_CAM_State = 0x0 (BLTN_CAM Valid) ▪ BLTN_CAM_SD_Card_State = 0x0 (Good) ▪ Associated Controller CAN/Ethernet Communication Enabled ▪ Power: Key ON ▪ Voltage: 12V ▪ Setting: Parking Continuous Recording ON | G35: 1 | H35: ▪ Enter Built-in Cam Mode ▪ [Advanced Settings] - [Continuous Recording Time While Parked] - Check signal after setting to 12 hours of recording | I35: ▪ BLTN_CAM_Set_PrkTime = 0xC(12h) | O35: X | P35: X | Q35: X | R35: 주차 중 상시 녹화_지원 | S35: O
G36: 2 | H36: ▪ Turn Key Off to enter continuous recording while parked ▪ 12-hour standby ▪ Turn Key ON, enter Built-in Cam mode, and check the parking continuous recording box | I36: ▪ Confirmation of continuous recording file saving while parked: Confirmation of creation of a list of 24 front & rear videos (30 minutes). | O36: X | P36: X | Q36: X | R36: 주차 중 상시 녹화_지원 | S36: O
A37: OWP_038 | B37: ▪ Requirement-based test ▪ Test derived from field experience | C37: ▪ Requirements Analysis ▪ Field Experience-based Testing | D37: [Continuous Recording While Parked] : Full-time Recording | E37: Confirmation of recording file creation (6 hours) | F37: ▪ Built-in Cam Boot Complete ▪ BLTN_CAM_State = 0x0 (BLTN_CAM Valid) ▪ BLTN_CAM_SD_Card_State = 0x0 (Good) ▪ Associated Controller CAN/Ethernet Communication Enabled ▪ Power: Key ON ▪ Voltage: 12V ▪ Setting: Parking Continuous Recording ON | G37: 1 | H37: ▪ Enter Built-in Cam Mode ▪ [Advanced Settings] - [Continuous Recording Time While Parked] - Check signal after setting to 6 hours of recording | I37: ▪ BLTN_CAM_Set_PrkTime = 0x6(6h) | O37: X | P37: X | Q37: X | R37: 주차 중 상시 녹화_지원 | S37: O
G38: 2 | H38: ▪ Turn Key Off to enter continuous recording while parked ▪ Standby for 6 hours ▪ Turn Key ON, enter Built-in Cam mode, and check the parking continuous recording box | I38: ▪ Confirmation of continuous recording file saving while parked: Confirmation of creation of a list of 24 front & rear videos (30 minutes). | O38: X | P38: X | Q38: X | R38: 주차 중 상시 녹화_지원 | S38: O
A39: OWP_039 | B39: ▪ Requirement-based test ▪ Test derived from field experience | C39: ▪ Requirements Analysis ▪ Field Experience-based Testing | D39: [Continuous Recording While Parked] : Full-time Recording | E39: Confirmation of recording file creation (2 hours) | F39: ▪ Built-in Cam Boot Complete ▪ BLTN_CAM_State = 0x0 (BLTN_CAM Valid) ▪ BLTN_CAM_SD_Card_State = 0x0 (Good) ▪ Associated Controller CAN/Ethernet Communication Enabled ▪ Power: Key ON ▪ Voltage: 12V ▪ Setting: Parking Continuous Recording ON | G39: 1 | H39: ▪ Enter Built-in Cam Mode ▪ [Advanced Settings] - [Continuous Recording Time While Parked] - Set to 2 hours of recording and check the signal | I39: ▪ BLTN_CAM_Set_PrkTime = 0x2(2h) | O39: X | P39: X | Q39: X | R39: 주차 중 상시 녹화_지원 | S39: O
G40: 2 | H40: ▪ Enter Built-in Cam Mode ▪ Turn Key Off to enter continuous recording while parked ▪ Standby for 2 hours ▪ Turn Key ON, enter Built-in Cam Mode, and check the parking continuous recording box | I40: ▪ Confirmation of continuous recording file saving while parked: Confirmation of creation of 4 lists for front & rear video (30 minutes). | O40: X | P40: X | Q40: X | R40: 주차 중 상시 녹화_지원 | S40: O
A41: OWP_040 | B41: ▪ Requirement-based test ▪ Test derived from field experience | C41: ▪ Requirements Analysis ▪ Field Experience-based Testing | D41: [Continuous Recording While Parked] : Separate group index when date changes | E41: Separate group index when date changes during recording | F41: ▪ Built-in Cam Boot Complete ▪ BLTN_CAM_State = 0x0 (BLTN_CAM Valid) ▪ BLTN_CAM_SD_Card_State = 0x0 (Good) ▪ Associated Controller CAN/Ethernet Communication Enabled ▪ Power: Key ON ▪ Voltage: 12V ▪ Setting: Parking Continuous Recording ON | G41: 1 | H41: ▪ Enter Built-in Cam Mode ▪ [Settings] - [Recording] - [Recording While Parked] - Turn on Continuous Parking Recording ▪ Enter HU Mode ▪ [Vehicle Settings] - [General] - [Date & Time] - Set Time to 23:38 ▪ Turn Key Off at 23:40 to enter Continuous Parking Recording ▪ Wait for 1 hour ▪ Turn Key ON, enter Built-in Cam Mode, and check the Continuous Parking Recording Box | I41: ▪ Confirmed creation of 3 recording files for Front & Rear Video (30 min) ▪ Confirmed creation of 2 recording video groups - 23:40:00 ~ 00:10:00 - 00:10:00 ~ 00:40:00 | O41: X | P41: X | Q41: X | R41: 주차 중 상시 녹화_지원 | S41: O
A42: OWP_041 | B42: ▪ Requirement-based test ▪ Test derived from field experience | C42: ▪ Requirements Analysis ▪ Field Experience-based Testing | D42: [Continuous Recording While Parked] : Recording File Spec | E42: Check recording file specifications | F42: ▪ Built-in Cam Boot Complete ▪ BLTN_CAM_State = 0x0 (BLTN_CAM Valid) ▪ BLTN_CAM_SD_Card_State = 0x0 (Good) ▪ Associated Controller CAN/Ethernet Communication Enabled ▪ Power: Key ON ▪ Voltage: 12V ▪ Setting: Parking Continuous Recording ON | G42: 1 | H42: ▪ Enter HU Mode ▪ Turn off the key to enable continuous recording while parked, then check the recording status signal **Enter HU Mode** | I42: ▪ BLTN_CAM_RecSta_OWP = 0x1(Recording) | O42: X | P42: X | Q42: X | R42: 주차 중 상시 녹화_지원 | S42: O
G43: 2 | H43: ▪ Turn Key ON after a 1-minute wait to stop continuous recording while parked ▪ Check the frame rate of the generated recording file on a PC | I43: ▪ Video saving/playback frame rate 2 FPS | O43: X | P43: X | Q43: X | R43: 주차 중 상시 녹화_지원 | S43: O
G44: 3 | H44: ▪ Turn Key ON after a 1-minute wait to stop continuous recording while parked ▪ Check the frame rate of the generated recording file on a PC | I44: ▪ 2nd Generation: 2560*1440 (QHD), No audio recording ▪ 2.5th Generation: 2980*1440, No audio recording ▪ 3rd Generation: 3840 * 2160 (Front/Rear Camera), No audio recording 1280 * 1440 respectively (Side Camera), No audio recording | O44: X | P44: X | Q44: X | R44: 주차 중 상시 녹화_지원 | S44: O
G45: 4 | H45: ▪ Check on PC whether the generated recording file is horizontally flipped | I45: ▪ No horizontal flip of the video | O45: X | P45: X | Q45: X | R45: 주차 중 상시 녹화_지원 | S45: O
A46: OWP_004 | B46: ▪ Requirement-based test | C46: ▪ Requirements Analysis | D46: [Continuous Recording While Parked] : Combined Recording | E46: Verification of impact during combined recording during continuous parking recording | F46: ▪ Built-in Cam Boot Complete ▪ BLTN_CAM_State = 0x0 (BLTN_CAM Valid) ▪ BLTN_CAM_SD_Card_State = 0x0 (Good) ▪ Associated Controller CAN/Ethernet Communication Enabled ▪ Power: Key ON ▪ Voltage: 12V ▪ Settings: Always Recording While Parked ON, Event Recording While Parked ON | G46: 1 | H46: ▪ Turn off the key to enable continuous recording while parked ▪ Check recording status signal | I46: ▪ BLTN_CAM_RecSta_OWP = 0x1(Recording) ▪ BLTN_CAM_RecSta_PEV = 0x2(OFF) ▪ BLTN_CAM_RecSta_MAR = 0x2(OFF) | J46: Pass | O46: X | P46: X | Q46: 02_OWP_014 | R46: 주차 중 상시 녹화_지원
G47: 2 | H47: ▪ Check front/rear camera indicator | I47: ▪ Camera Indicator 0.5Hz/50%/Maintain | J47: Pass | O47: X | P47: X | Q47: 02_OWP_014 | R47: 주차 중 상시 녹화_지원
G48: 3 | H48: ▪ Check event switch indicator | I48: ▪ Event switch indicator ON/100%/Hold | J48: Pass | O48: X | P48: X | Q48: 02_OWP_014 | R48: 주차 중 상시 녹화_지원
G49: 4 | H49: ▪ Enable impact event immediately upon event switch activation ▪ Check recording status signal | I49: ▪ BLTN_CAM_RecSta_OWP = 0x1(Recording) ▪ BLTN_CAM_RecSta_PEV = 0x1(Recording) ▪ BLTN_CAM_RecSta_MAR = 0x1(Recording) | J49: Pass | O49: X | P49: X | Q49: 02_OWP_014 | R49: 주차 중 상시 녹화_지원
G50: 5 | H50: ▪ Check front/rear camera indicator | I50: ▪ Camera indicator 1Hz/50%/10 seconds | J50: Pass | O50: X | P50: X | Q50: 02_OWP_014 | R50: 주차 중 상시 녹화_지원
G51: 6 | H51: ▪ Check event switch indicator | I51: ▪ Event switch indicator 1Hz/50%/10 seconds | J51: Pass | O51: X | P51: X | Q51: 02_OWP_014 | R51: 주차 중 상시 녹화_지원
G52: 7 | H52: ▪ Turn Key ON after waiting 1 minute ▪ After entering Built-in Cam mode, check the [Always On While Parked] box | I52: ▪ Verify that continuous recording files are saved while parked ▪ No black thumbnails in the video list ▪ Videos will be displayed in the list based on the recording start time ▪ No video glitches, green screens, black screens, or noise ▪ The progress bar plays to the end during video playback | O52: X | P52: X | Q52: X | R52: 주차 중 상시 녹화_지원
A53: OWP_005 | B53: ▪ Requirement-based test | C53: ▪ Requirements Analysis | D53: [When camera video is not input] | E53: Front camera removal, continuous parking recording + manual/impact events | F53: ▪ Built-in Cam Boot Complete ▪ BLTN_CAM_State = 0x0 (BLTN_CAM Valid) ▪ BLTN_CAM_SD_Card_State = 0x0 (Good) ▪ Associated Controller CAN/Ethernet Communication Enabled ▪ Power: Key ON ▪ Voltage: 12V ▪ Settings: Always Recording While Parked ON, Event Recording While Parked ON | G53: 1 | H53: ▪ Turn Key Off to enter continuous recording while parked ▪ Wait 30 seconds, then remove front camera ▪ Wait 20 seconds, then reattach camera ▪ Turn Event Switch on for impact event ▪ Wait 30 seconds, then turn Key ON ▪ Enter Built-in Cam mode and check the generated recording file | I53: ▪ Video files are generated for continuous parking, manual recording, and impact recording. ▪ A black screen is recorded if no video input is received while the camera is removed. ▪ Recording resumes within 2 seconds of mounting the camera. | O53: X | P53: X | Q53: X | R53: 주차 중 상시 녹화_지원
A54: OWP_042 | B54: ▪ Requirement-based test | C54: ▪ Requirements Analysis | D54: [When camera video is not input] | E54: Rearview camera removal, continuous parking recording + manual/impact events | F54: ▪ Built-in Cam Boot Complete ▪ BLTN_CAM_State = 0x0 (BLTN_CAM Valid) ▪ BLTN_CAM_SD_Card_State = 0x0 (Good) ▪ Associated Controller CAN/Ethernet Communication Enabled ▪ Power: Key ON ▪ Voltage: 12V ▪ Settings: Always Recording While Parked ON, Event Recording While Parked ON | G54: 1 | H54: ▪ Turn Key Off to activate continuous recording while parked ▪ Wait 30 seconds, then remove rear camera ▪ Wait 20 seconds, then reattach camera ▪ Turn Event Switch on for impact event ▪ Wait 30 seconds, then turn Key ON ▪ Enter Built-in Cam mode and check the generated recording file | I54: ▪ Video files are generated for continuous parking, manual recording, and impact recording. ▪ A black screen is recorded if no video is input while the camera is removed. ▪ Recording resumes within 2 seconds after the camera is mounted. | O54: X | P54: X | Q54: X | R54: 주차 중 상시 녹화_지원
A55: OWP_043 | B55: ▪ Requirement-based test | C55: ▪ Requirements Analysis | D55: [When camera video is not input] | E55: Front/rear camera removal, constant parking + manual/impact events | F55: ▪ Built-in Cam Boot Complete ▪ BLTN_CAM_State = 0x0 (BLTN_CAM Valid) ▪ BLTN_CAM_SD_Card_State = 0x0 (Good) ▪ Associated Controller CAN/Ethernet Communication Enabled ▪ Power: Key ON ▪ Voltage: 12V ▪ Settings: Always Recording While Parked ON, Event Recording While Parked ON | G55: 1 | H55: ▪ Turn Key Off to activate continuous recording while parked ▪ Wait 30 seconds, then remove front and rear cameras ▪ Wait 20 seconds, then reattach the cameras ▪ Turn Event Switch on for impact events ▪ Wait 30 seconds, then turn Key ON ▪ Enter Built-in Cam mode and check the generated recording files | I55: ▪ Video files are generated for continuous parking, manual recording, and impact recording. ▪ A black screen is recorded if no video is input while the camera is removed. ▪ Recording resumes within 2 seconds after the camera is mounted. | O55: X | P55: X | Q55: X | R55: 주차 중 상시 녹화_지원
A56: OWP_044 | B56: ▪ Requirement-based test | C56: ▪ Requirements Analysis | D56: [When camera video is not input] | E56: When attaching or detaching the front camera during continuous parking recording | F56: ▪ Built-in Cam Boot Complete ▪ BLTN_CAM_State = 0x0 (BLTN_CAM Valid) ▪ BLTN_CAM_SD_Card_State = 0x0 (Good) ▪ Associated Controller CAN/Ethernet Communication Enabled ▪ Power: Key ON ▪ Voltage: 12V ▪ Settings: Always Recording While Parked ON, Event Recording While Parked ON | G56: 1 | H56: ▪ Turn Key Off to enter continuous recording while parked ▪ Wait 30 seconds, then remove the front camera (remove carefully to avoid impact) ▪ Wait 20 seconds, then reattach the camera (reattach carefully to avoid impact) ▪ Wait 30 seconds, then turn Key ON ▪ Enter Built-in Cam mode and check the generated recording files | I56: ▪ Continuous parking video file is generated ▪ Black screen is recorded if no video input is received while the camera is removed ▪ Recording resumes within 2 seconds after the camera is mounted ▪ Impact events are not recorded | O56: X | P56: X | Q56: X | R56: 주차 중 상시 녹화_지원
A57: OWP_045 | B57: ▪ Requirement-based test | C57: ▪ Requirements Analysis | D57: [When camera video is not input] | E57: Impact of CAN communication when removing the front camera during continuous recording while parked | F57: ▪ Built-in Cam Boot Complete ▪ BLTN_CAM_State = 0x0 (BLTN_CAM Valid) ▪ BLTN_CAM_SD_Card_State = 0x0 (Good) ▪ Associated Controller CAN/Ethernet Communication Enabled ▪ Power: Key ON ▪ Voltage: 12V ▪ Settings: Always Recording While Parked ON, Event Recording While Parked ON | G57: 1 | H57: ▪ Turn Key Off to activate continuous recording while parked ▪ Wait 30 seconds, then remove front camera ▪ Wait 20 seconds, then reattach camera ▪ Wait 30 seconds, then turn Key ON | I57: ▪ Maintain CAN communication | O57: X | P57: X | Q57: X | R57: 주차 중 상시 녹화_지원
A58: OWP_046 | B58: ▪ Requirement-based test | C58: ▪ Requirements Analysis | D58: [When camera video is not input] | E58: When attaching or detaching the rear camera while recording continuously in parking mode | F58: ▪ Built-in Cam Boot Complete ▪ BLTN_CAM_State = 0x0 (BLTN_CAM Valid) ▪ BLTN_CAM_SD_Card_State = 0x0 (Good) ▪ Associated Controller CAN/Ethernet Communication Enabled ▪ Power: Key ON ▪ Voltage: 12V ▪ Settings: Always Recording While Parked ON, Event Recording While Parked ON | G58: 1 | H58: ▪ Turn Key Off to enter continuous recording while parked ▪ Enter CAN and Ethernet Sleep ▪ Wait 30 seconds, then remove rear camera (remove firmly) ▪ Wait 20 seconds, then install camera (install firmly) ▪ Wait 30 seconds, then turn Key ON | I58: ▪ Continuous parking video files are generated ▪ Black screen is recorded if no video input is received while the camera is removed ▪ Recording resumes within 2 seconds after the camera is mounted ▪ Impact events are not recorded (Rear camera G-sensor not included) | O58: X | P58: X | Q58: X | R58: 주차 중 상시 녹화_지원
A59: OWP_047 | B59: ▪ Requirement-based test | C59: ▪ Requirements Analysis | D59: [When camera video is not input] | E59: When removing the camera during continuous recording while parked, and reinstalling it after turning the key ON. | F59: ▪ Built-in Cam Boot Complete ▪ BLTN_CAM_State = 0x0 (BLTN_CAM Valid) ▪ BLTN_CAM_SD_Card_State = 0x0 (Good) ▪ Associated Controller CAN/Ethernet Communication Enabled ▪ Power: Key ON ▪ Voltage: 12V ▪ Settings: Parking Continuous Recording ON, Parking Event Recording ON | G59: 1 | H59: ▪ Turn Key Off to enter continuous recording while parked ▪ Enter CAN and Ethernet Sleep ▪ Remove front/rear cameras ▪ Turn Key ON ▪ Enter built-in cam mode for real-time view ▪ Install front/rear cameras | I59: ▪ Real-time video output restored within 2 seconds of camera installation | O59: X | P59: X | Q59: X | R59: 주차 중 상시 녹화_지원
A60: OWP_048 | B60: ▪ Requirement-based test | C60: ▪ Requirements Analysis | D60: [When camera video is not input] | E60: When removing the camera during continuous recording while parked, and reinstalling it after turning the key ON. | F60: ▪ Built-in Cam Boot Complete ▪ BLTN_CAM_State = 0x0 (BLTN_CAM Valid) ▪ BLTN_CAM_SD_Card_State = 0x0 (Good) ▪ Associated Controller CAN/Ethernet Communication Enabled ▪ Power: Key ON ▪ Voltage: 12V ▪ Settings: Parking Continuous Recording ON, Parking Event Recording ON | G60: 1 | H60: ▪ Enter Built-in Cam Mode ▪ [Built-in Cam Settings] - [Display Settings] - Change Front Camera Angle Value = { -5, -4, -3, -2, 0, 1, 2, 3, 4, 5} ▪ Check Signal After Changing Front Camera Angle Value ▪ Check Real-time Video | I60: ▪ BLTN_CAM_Set_FR_Ver_Pos signal value changed = { 0x15, 0x14, 0x13, 0x12, 0x11, 0x0, 0x1, 0x2, 0x3, 0x4, 0x5} ▪ Front camera image angle adjusted | O60: X | P60: X | Q60: X | R60: 주차 중 상시 녹화_지원
A61: OWP_049 | B61: ▪ Requirement-based test | C61: ▪ Requirements Analysis | D61: [When camera video is not input] | E61: When removing the camera during continuous recording while parked, and reinstalling it after turning the key ON. | F61: ▪ Built-in Cam Boot Complete ▪ BLTN_CAM_State = 0x0 (BLTN_CAM Valid) ▪ BLTN_CAM_SD_Card_State = 0x0 (Good) ▪ Associated Controller CAN/Ethernet Communication Enabled ▪ Power: Key ON ▪ Voltage: 12V ▪ Settings: Parking Continuous Recording ON, Parking Event Recording ON | G61: 1 | H61: ▪ Enter Built-in Cam Mode ▪ [Built-in Cam Settings] - [Display Settings] - Change Rear Camera Angle Value = { -5, -4, -3, -2, 0, 1, 2, 3, 4, 5} ▪ Check Signal After Changing Rear Camera Angle Value ▪ Check Real-time Video | I61: ▪ BLTN_CAM_Set_RR_Ver_Pos signal value changed = { 0x15, 0x14, 0x13, 0x12, 0x11, 0x0, 0x1, 0x2, 0x3, 0x4, 0x5} ▪ Rear camera image angle adjusted | O61: X | P61: X | Q61: X | R61: 주차 중 상시 녹화_지원
A62: OWP_050 | B62: ▪ Requirement-based test | C62: ▪ Requirements Analysis | D62: [When camera video is not input] | E62: Impact of CAN communication when removing rear camera during continuous recording while parked | F62: ▪ Built-in Cam Boot Complete ▪ BLTN_CAM_State = 0x0 (BLTN_CAM Valid) ▪ BLTN_CAM_SD_Card_State = 0x0 (Good) ▪ Associated Controller CAN/Ethernet Communication Enabled ▪ Power: Key ON ▪ Voltage: 12V ▪ Settings: Parking Continuous Recording ON, Parking Event Recording ON | G62: 1 | H62: ▪ Turn Key Off to activate continuous recording while parked ▪ Wait 30 seconds, then remove rear camera ▪ Wait 20 seconds, then install camera ▪ Wait 30 seconds, then turn Key ON | I62: ▪ Maintain CAN communication | O62: X | P62: X | Q62: X | R62: 주차 중 상시 녹화_지원
A63: OWP_051 | B63: ▪ Requirement-based test | C63: ▪ Requirements Analysis | D63: [When camera video is not input] | E63: Check G-sensor operation status after attaching/detaching the camera during continuous recording while parked | F63: ▪ Built-in Cam Boot Complete ▪ BLTN_CAM_State = 0x0 (BLTN_CAM Valid) ▪ BLTN_CAM_SD_Card_State = 0x0 (Good) ▪ Associated Controller CAN/Ethernet Communication Enabled ▪ Power: Key ON ▪ Voltage: 12V ▪ Settings: Parking Continuous Recording ON, Parking Event Recording ON | G63: 1 | H63: ▪ Enter Built-in Cam Mode ▪ [Built-in Cam Settings] - Turn ON Event Notification while Parked ▪ Turn Key Off to Enter Continuous Recording While Parked | I63: ▪ BLTN_CAM_Set_PEV_AppNoti = 0x2(ON) | O63: X | P63: X | Q63: X | R63: 주차 중 상시 녹화_지원
G64: 2 | H64: ▪ Remove front camera after waiting 30 seconds ▪ Install camera after waiting 20 seconds ▪ Authorize impact event ▪ ↑ Repeat the above procedure 10 times | I64: ▪ Confirmation of Impact Event Notification Action: BLTN_CAM_PEV_Recorded = 0x2(Park Event Recorded) ▪ Impact Event Notification Action triggers a maximum of 5 times | O64: X | P64: X | Q64: X | R64: 주차 중 상시 녹화_지원
G65: 3 | H65: ▪ Key ON ▪ Check the continuous recording file generated while parked after entering Built-in Cam mode | I65: ▪ Continuous parking video file is generated ▪ Black screen is recorded if no video input is received while the camera is removed ▪ Recording resumes within 2 seconds after the camera is mounted | O65: X | P65: X | Q65: X | R65: 주차 중 상시 녹화_지원
G66: 4 | H66: ▪ Check the parking event recording file generated after entering Built-in Cam mode | I66: ▪ 10 event recording video files generated during parking | O66: X | P66: X | Q66: X | R66: 주차 중 상시 녹화_지원
A67: OWP_052 | B67: ▪ Requirement-based test | C67: ▪ Requirements Analysis | D67: [When camera video is not input] | E67: Front camera removal, motion detection while parked + impact event | F67: ▪ Built-in Cam Boot Complete ▪ BLTN_CAM_State = 0x0 (BLTN_CAM Valid) ▪ BLTN_CAM_SD_Card_State = 0x0 (Good) ▪ Associated Controller CAN/Ethernet Communication Enabled ▪ Power: Key ON ▪ Voltage: 12V ▪ Settings: Motion Detection While Parked ON, Event Recording While Parked ON | G67: 1 | H67: ▪ Turn off the key to activate continuous recording while parked ▪ Enter CAN and Ethernet Sleep ▪ Enable motion while parked + Enable impact event ▪ Wait 30 seconds, then remove front camera ▪ Wait 20 seconds, then reattach camera ▪ Wait 30 seconds, then check the generated recording file | I67: ▪ Motion detection recording while parked, event recording video file generated while parked (black screen recording if no video input) ▪ Camera restored after installation | O67: X | P67: X | Q67: X | R67: 주차 중 동작 감지 지원
A68: OWP_053 | B68: ▪ Requirement-based test | C68: ▪ Requirements Analysis | D68: [When camera video is not input] | E68: Rearview camera removal, motion detection while parked + impact event | F68: ▪ Built-in Cam Boot Complete ▪ BLTN_CAM_State = 0x0 (BLTN_CAM Valid) ▪ BLTN_CAM_SD_Card_State = 0x0 (Good) ▪ Associated Controller CAN/Ethernet Communication Enabled ▪ Power: Key ON ▪ Voltage: 12V ▪ Settings: Motion Detection While Parked ON, Event Recording While Parked ON | G68: 1 | H68: ▪ Turn off the key to activate continuous recording while parked ▪ Enter CAN and Ethernet Sleep ▪ Enable operation while parked + Enable impact event ▪ Wait 30 seconds, then remove rear camera ▪ Wait 20 seconds, then reattach camera ▪ Wait 30 seconds, then check the generated recording file | I68: ▪ Motion detection recording while parked, event recording video file generated while parked (black screen recording if no video input) ▪ Camera restored after installation | O68: X | P68: X | Q68: X | R68: 주차 중 동작 감지 지원
A69: OWP_054 | B69: ▪ Requirement-based test | C69: ▪ Requirements Analysis | D69: [When camera video is not input] | E69: Front/rear camera removal, motion detection while parked + impact event | F69: ▪ Built-in Cam Boot Complete ▪ BLTN_CAM_State = 0x0 (BLTN_CAM Valid) ▪ BLTN_CAM_SD_Card_State = 0x0 (Good) ▪ Associated Controller CAN/Ethernet Communication Enabled ▪ Power: Key ON ▪ Voltage: 12V ▪ Settings: Motion Detection While Parked ON, Event Recording While Parked ON | G69: 1 | H69: ▪ Turn off the key to activate continuous recording while parked ▪ Enter CAN and Ethernet Sleep ▪ Enable operation while parked + Enable impact event ▪ Wait 30 seconds, then remove front/rear cameras ▪ Wait 20 seconds, then reattach the cameras ▪ Wait 30 seconds, then check the generated recording files | I69: ▪ Motion detection recording while parked, event recording video file generated while parked (black screen recording if no video input) ▪ Camera restored after installation | O69: X | P69: X | Q69: X | R69: 주차 중 동작 감지 지원
A70: OWP_055 | B70: ▪ Requirement-based test | C70: ▪ Requirements Analysis | D70: [When camera video is not input] | E70: When attaching or detaching the front camera during motion detection recording while parked | F70: ▪ Built-in Cam Boot Complete ▪ BLTN_CAM_State = 0x0 (BLTN_CAM Valid) ▪ BLTN_CAM_SD_Card_State = 0x0 (Good) ▪ Associated Controller CAN/Ethernet Communication Enabled ▪ Power: Key ON ▪ Voltage: 12V ▪ Settings: Motion Detection While Parked ON, Event Recording While Parked ON | G70: 1 | H70: ▪ Turn Key Off to enter continuous recording while parked ▪ Enter CAN and Ethernet Sleep ▪ Authorize operation while parked to begin motion detection recording ▪ Detach front camera while recording is in progress ▪ Wait 30 seconds, then turn Key ON ▪ Enter Built-in Cam mode and check the generated recording file | I70: ▪ Motion detection recording while parked: A recorded video file is generated (Black screen if no video input is received) ▪ Camera restored after installation (Video will play in HU) ▪ Impact event recording does not occur; if it occurs, a recorded video file is generated (Black screen if no video input is received) | O70: X | P70: X | Q70: X | R70: 주차 중 동작 감지 지원
A71: OWP_056 | B71: ▪ Requirement-based test | C71: ▪ Requirements Analysis | D71: [When camera video is not input] | E71: Impact of Front Camera Removal on Motion Detection Recording While Parked on CAN Communication | F71: ▪ Built-in Cam Boot Complete ▪ BLTN_CAM_State = 0x0 (BLTN_CAM Valid) ▪ BLTN_CAM_SD_Card_State = 0x0 (Good) ▪ Associated Controller CAN/Ethernet Communication Enabled ▪ Power: Key ON ▪ Voltage: 12V ▪ Settings: Motion Detection While Parked ON, Event Recording While Parked ON | G71: 1 | H71: ▪ Turn Key Off to start continuous recording while parked ▪ Enter CAN and Ethernet Sleep ▪ Authorize operation while parked to begin motion detection recording ▪ Detach front camera while recording is in progress ▪ Turn Key ON after waiting 30 seconds | I71: ▪ Maintain CAN communication | O71: X | P71: X | Q71: X | R71: 주차 중 동작 감지 지원
A72: OWP_057 | B72: ▪ Requirement-based test | C72: ▪ Requirements Analysis | D72: [When camera video is not input] | E72: When attaching or detaching the rear camera while recording motion detection during parking | F72: ▪ Built-in Cam Boot Complete ▪ BLTN_CAM_State = 0x0 (BLTN_CAM Valid) ▪ BLTN_CAM_SD_Card_State = 0x0 (Good) ▪ Associated Controller CAN/Ethernet Communication Enabled ▪ Power: Key ON ▪ Voltage: 12V ▪ Settings: Motion Detection While Parked ON, Event Recording While Parked ON | G72: 1 | H72: ▪ Turn Key Off to enter continuous recording while parked ▪ Enter CAN and Ethernet Sleep ▪ Authorize operation while parked to begin motion detection recording ▪ Detach rear camera while recording is in progress ▪ Wait 30 seconds, then turn Key ON ▪ Enter Built-in Cam mode and check the generated recording file | I72: ▪ Motion detection recording while parked: A recorded video file is generated (Black screen if no video input is received) ▪ Camera restored after installation (Video will play in HU) ▪ Impact event recording does not occur; if it occurs, a recorded video file is generated (Black screen if no video input is received) | O72: X | P72: X | Q72: X | R72: 주차 중 동작 감지 지원
A73: OWP_058 | B73: ▪ Requirement-based test | C73: ▪ Requirements Analysis | D73: [When camera video is not input] | E73: Impact of CAN communication when removing the rear camera during motion detection recording while parked | F73: ▪ Built-in Cam Boot Complete ▪ BLTN_CAM_State = 0x0 (BLTN_CAM Valid) ▪ BLTN_CAM_SD_Card_State = 0x0 (Good) ▪ Associated Controller CAN/Ethernet Communication Enabled ▪ Power: Key ON ▪ Voltage: 12V ▪ Settings: Motion Detection While Parked ON, Event Recording While Parked ON | G73: 1 | H73: ▪ Turn Key Off to start continuous recording while parked ▪ Enter CAN and Ethernet Sleep ▪ Authorize operation while parked to begin motion detection recording ▪ Detach rear camera while recording is in progress ▪ Turn Key ON after waiting 30 seconds | I73: ▪ Maintain CAN communication | O73: X | P73: X | Q73: X | R73: 주차 중 동작 감지 지원
A74: OWP_059 | B74: ▪ Requirement-based test | C74: ▪ Requirements Analysis | D74: [When camera video is not input] | E74: When removing the camera during motion detection recording while parked, or installing it after turning the Key ON. | F74: ▪ Built-in Cam Boot Complete ▪ BLTN_CAM_State = 0x0 (BLTN_CAM Valid) ▪ BLTN_CAM_SD_Card_State = 0x0 (Good) ▪ Associated Controller CAN/Ethernet Communication Enabled ▪ Power: Key ON ▪ Voltage: 12V ▪ Settings: Motion Detection While Parked ON, Event Recording While Parked ON | G74: 1 | H74: ▪ Turn Key Off to enter continuous recording while parked ▪ Enter CAN and Ethernet Sleep mode ▪ Authorize operation while parked to begin motion detection recording ▪ Remove front/rear cameras ▪ Turn Key ON ▪ Enter Built-in Cam mode for real-time view ▪ Install front/rear cameras | I74: ▪ Camera restored after installation (real-time screen) | O74: X | P74: X | Q74: X | R74: 주차 중 동작 감지 지원
B75: ▪ Requirement-based test | C75: ▪ Requirements Analysis | D75: [When camera video is not input] | E75: When removing the camera during motion detection recording while parked, or installing it after turning the Key ON. | F75: ▪ Built-in Cam Boot Complete ▪ BLTN_CAM_State = 0x0 (BLTN_CAM Valid) ▪ BLTN_CAM_SD_Card_State = 0x0 (Good) ▪ Associated Controller CAN/Ethernet Communication Enabled ▪ Power: Key ON ▪ Voltage: 12V ▪ Settings: Motion Detection While Parked ON, Event Recording While Parked ON | G75: 1 | H75: ▪ Enter Built-in Cam Mode ▪ [Built-in Cam Settings] - [Display Settings] - Change Front Camera Angle Value = { -5, -4, -3, -2, 0, 1, 2, 3, 4, 5} ▪ Check Signal After Changing Front Camera Angle Value ▪ Check Real-time Video | I75: ▪ BLTN_CAM_Set_FR_Ver_Pos signal value changed = { 0x15, 0x14, 0x13, 0x12, 0x11, 0x0, 0x1, 0x2, 0x3, 0x4, 0x5} ▪ Front camera image angle adjusted | O75: X | P75: X | Q75: X | R75: 주차 중 동작 감지 지원
B76: ▪ Requirement-based test | C76: ▪ Requirements Analysis | D76: [When camera video is not input] | E76: When removing the camera during motion detection recording while parked, or installing it after turning the Key ON. | F76: ▪ Built-in Cam Boot Complete ▪ BLTN_CAM_State = 0x0 (BLTN_CAM Valid) ▪ BLTN_CAM_SD_Card_State = 0x0 (Good) ▪ Associated Controller CAN/Ethernet Communication Enabled ▪ Power: Key ON ▪ Voltage: 12V ▪ Settings: Motion Detection While Parked ON, Event Recording While Parked ON | G76: 1 | H76: ▪ Enter Built-in Cam Mode ▪ [Built-in Cam Settings] - [Display Settings] - Change Rear Camera Angle Value = { -5, -4, -3, -2, 0, 1, 2, 3, 4, 5} ▪ Check Signal After Changing Rear Camera Angle Value ▪ Check Real-time Video | I76: ▪ BLTN_CAM_Set_RR_Ver_Pos signal value changed = { 0x15, 0x14, 0x13, 0x12, 0x11, 0x0, 0x1, 0x2, 0x3, 0x4, 0x5} ▪ Rear camera image angle adjusted | O76: X | P76: X | Q76: X | R76: 주차 중 동작 감지 지원
A77: OWP_060 | B77: ▪ Requirement-based test | C77: ▪ Requirements Analysis | D77: [When camera video is not input] | E77: Check G-sensor operation status after detaching/attaching the camera during motion detection recording while parked | F77: ▪ Built-in Cam Boot Complete ▪ BLTN_CAM_State = 0x0 (BLTN_CAM Valid) ▪ BLTN_CAM_SD_Card_State = 0x0 (Good) ▪ Associated Controller CAN/Ethernet Communication Enabled ▪ Power: Key ON ▪ Voltage: 12V ▪ Settings: Motion Detection While Parked ON, Event Recording While Parked ON | G77: 1 | H77: ▪ Enter Built-in Cam Mode ▪ [Built-in Cam Settings] - Turn on Parking Event Notification ▪ Start recording with motion detection while parked ▪ Remove front camera after 30 seconds ▪ Reattach camera after 20 seconds ▪ Authorize impact event | I77: ▪ Motion detection during parking creates recorded video file (black screen recording if no video input) ▪ Camera restored within 2 seconds after installation (Recorded file driving data, capacity, playback time) ▪ Confirmation of saved park event recording ▪ Confirmation of park event notification operation : BLTN_CAM_PEV_Recorded = 0x2(Park Event Recorded) up to 5 times | O77: X | P77: X | Q77: X | R77: 주차 중 동작 감지 지원
G78: 2 | H78: ▪ ↑ Verify that the above procedure is repeated 10 times | I78: ▪ Event recording file generated while parked (Black screen recording if no video input) ▪ Camera restored within 2 seconds after installation (Recording file driving data, capacity, playback time) ▪ Confirmation of impact event recording saving | O78: X | P78: X | Q78: X | R78: 주차 중 동작 감지 지원
A79: OWP_061 | B79: ▪ Requirement-based test | C79: ▪ Requirements Analysis | D79: [When camera video is not input] | E79: Verification of motion detection recording while parked after removing front/rear cameras (#23029) : Past issues during development phase | F79: ▪ Built-in Cam Boot Complete ▪ BLTN_CAM_State = 0x0 (BLTN_CAM Valid) ▪ BLTN_CAM_SD_Card_State = 0x0 (Good) ▪ Associated Controller CAN/Ethernet Communication Enabled ▪ Power: Key ON ▪ Voltage: 12V | G79: 1 | H79: ▪ Enter Built-in Cam Mode ▪ [Built-in Cam Settings] - Always ON while driving, Motion Detection Recording ON while parked ▪ Remove Front/Rear Cameras while recording continuously while driving ▪ Immediately turn Key Off to enter recording continuously while parked ▪ Enter CAN and Ethernet Sleep | I79: Motion detection recording will not operate while parked | O79: X | P79: X | Q79: X | R79: 주차 중 동작 감지 지원
A80: OWP_062 | B80: ▪ Requirement-based test | C80: ▪ Requirements Analysis | D80: [When camera video is not input] | E80: Verify operation after reconnecting camera in SUSPEND state (#23446) : Past issues during development phase | F80: ▪ Built-in Cam Boot Complete ▪ BLTN_CAM_State = 0x0 (BLTN_CAM Valid) ▪ BLTN_CAM_SD_Card_State = 0x0 (Good) ▪ Associated Controller CAN/Ethernet Communication Enabled ▪ Power: Key ON ▪ Voltage: 12V ▪ Settings: Motion Detection While Parked ON, Event Recording While Parked ON | G80: 1 | H80: ▪ Turn Key Off to enter continuous recording while parked ▪ Enter CAN and Ethernet Sleep ▪ Enable motion while parked and remove front camera while motion detection recording is in progress ▪ Reattach front camera while in motion detection recording standby mode (SUSPEND mode) ▪ Enable motion while parked + Enable impact event ▪ Wait 30 seconds, then turn Key ON ▪ Enter Built-in Cam mode and check the generated recording file | I80: ▪ Motion detection recording while parked, video file generated for event recording while parked (Black screen recording if no video input) ▪ Camera restored after installation (Video will play in HU) | O80: X | P80: X | Q80: X | R80: 주차 중 동작 감지 지원
A81: OWP_063 | B81: ▪ Requirement-based test | C81: ▪ Requirements Analysis | D81: [When camera video is not input] | E81: Verify operation after reconnecting camera in SUSPEND state (#23446) : Past issues during development phase | F81: ▪ Built-in Cam Boot Complete ▪ BLTN_CAM_State = 0x0 (BLTN_CAM Valid) ▪ BLTN_CAM_SD_Card_State = 0x0 (Good) ▪ Associated Controller CAN/Ethernet Communication Enabled ▪ Power: Key ON ▪ Voltage: 12V ▪ Settings: Motion Detection While Parked ON, Event Recording While Parked ON | G81: 1 | H81: ▪ Turn Key Off to enter continuous recording while parked ▪ Enter CAN and Ethernet Sleep ▪ Remove rear camera while motion detection recording is in progress after enabling motion detection while parked ▪ Reattach rear camera while in motion detection recording standby mode (SUSPEND mode) ▪ Enable motion while parked + enable impact event ▪ Turn Key ON after waiting 30 seconds ▪ Enter Built-in Cam mode and check the generated recording file | I81: ▪ Motion detection recording while parked, video file generated for event recording while parked (Black screen recording if no video input) ▪ Camera restored after installation (Video will play in HU) | O81: X | P81: X | Q81: X | R81: 주차 중 동작 감지 지원
A82: OWP_064 | B82: ▪ Requirement-based test | C82: ▪ Requirements Analysis | D82: [When camera video is not input] | E82: Verify operation after reconnecting camera in SUSPEND state (#23446) : Past issues during development phase | F82: ▪ Built-in Cam Boot Complete ▪ BLTN_CAM_State = 0x0 (BLTN_CAM Valid) ▪ BLTN_CAM_SD_Card_State = 0x0 (Good) ▪ Associated Controller CAN/Ethernet Communication Enabled ▪ Power: Key ON ▪ Voltage: 12V ▪ Settings: Motion Detection While Parked ON, Event Recording While Parked ON | G82: 1 | H82: ▪ Turn Key Off to enter continuous recording while parked ▪ Enter CAN and Ethernet Sleep ▪ Enable motion while parked and remove front/rear cameras while motion detection recording is in progress ▪ Reattach front/rear cameras while in motion detection recording standby mode (SUSPEND mode) ▪ Enable motion while parked + enable impact event ▪ Turn Key ON after waiting 30 seconds ▪ Enter Built-in Cam mode and check the generated recording file | I82: ▪ Motion detection recording and event recording while parked do not work after camera installation (BICIM2-449) **Motion detection recording while parked, event recording while parked do not work** | O82: X | P82: X | Q82: X | R82: 주차 중 동작 감지 지원
A83: OWP_006 | B83: ▪ Requirement-based test ▪Performance test | C83: ▪ Requirements Analysis ▪Decision Table Testing | D83: [Power Fail Safety Operation] : Emergency Power (Super Cap) Performance (Continuous recording while parked / Motion detection recording while parked) | E83: Continuous recording while parked | F83: ▪ Built-in Cam Boot Complete ▪ BLTN_CAM_State = 0x0 (BLTN_CAM Valid) ▪ BLTN_CAM_SD_Card_State = 0x0 (Good) ▪ Associated Controller CAN/Ethernet Communication Enabled ▪ Power: Key ON ▪ Voltage: 12V ▪ Settings: Always Recording While Parked ON, Event Recording While Parked ON | G83: 1 | H83: ▪ Turn Key Off to enter continuous recording while parked ▪ Disconnect the main connector ▪ Wait 60 seconds, then turn Key ON ▪ Enter Built-in Cam mode and check the generated recording file | I83: ▪ The file being recorded just before power off is saved | O83: X | P83: X | Q83: X | R83: 주차 중 상시 녹화_지원
A84: OWP_065 | B84: ▪ Requirement-based test ▪Performance test | C84: ▪ Requirements Analysis ▪Decision Table Testing | D84: [Power Fail Safety Operation] : Emergency Power (Super Cap) Performance (Continuous recording while parked / Motion detection recording while parked) | E84: Recording event (impact) while parked | F84: ▪ Built-in Cam Boot Complete ▪ BLTN_CAM_State = 0x0 (BLTN_CAM Valid) ▪ BLTN_CAM_SD_Card_State = 0x0 (Good) ▪ Associated Controller CAN/Ethernet Communication Enabled ▪ Power: Key ON ▪ Voltage: 12V ▪ Settings: Always Recording While Parked ON, Event Recording While Parked ON | G84: 1 | H84: ▪ Turn Key Off to enter continuous recording while parked ▪ Trigger an impact event ▪ Immediately disconnect the main connector ▪ Wait 60 seconds, then turn Key ON ▪ Enter Built-in Cam mode and check the generated recording file | I84: ▪ The file being recorded just before power off is saved. ※ Based on settings, at least two files must be saved. - Save Priority: Always > Shock Detection Save (Event) > Manual Save | O84: X | P84: X | Q84: X | R84: 주차 중 상시 녹화_지원
A85: OWP_066 | B85: ▪ Requirement-based test ▪Performance test | C85: ▪ Requirements Analysis ▪Decision Table Testing | D85: [Power Fail Safety Operation] : Emergency Power (Super Cap) Performance (Continuous recording while parked / Motion detection recording while parked) | E85: Manual recording while parked | F85: ▪ Built-in Cam Boot Complete ▪ BLTN_CAM_State = 0x0 (BLTN_CAM Valid) ▪ BLTN_CAM_SD_Card_State = 0x0 (Good) ▪ Associated Controller CAN/Ethernet Communication Enabled ▪ Power: Key ON ▪ Voltage: 12V ▪ Settings: Always Recording While Parked ON, Event Recording While Parked ON | G85: 1 | H85: ▪ Turn Key Off to enter continuous recording while parked ▪ Enter manual switch ▪ Immediately disconnect main connector ▪ Wait 60 seconds, then turn Key ON ▪ Enter built-in cam mode and check the generated recording file | I85: ▪ The file being recorded right before power is turned off is saved. ※ Based on settings, at least two files must be saved. - Save Priority: Always > Impact Detection Save (Event) > Manual Save | O85: X | P85: X | Q85: X | R85: 주차 중 상시 녹화_지원
A86: OWP_067 | B86: ▪ Requirement-based test ▪Performance test | C86: ▪ Requirements Analysis ▪Decision Table Testing | D86: [Power Fail Safety Operation] : Emergency Power (Super Cap) Performance (Continuous recording while parked / Motion detection recording while parked) | E86: Simultaneous execution of continuous, impact, and manual events while parked | F86: ▪ Built-in Cam Boot Complete ▪ BLTN_CAM_State = 0x0 (BLTN_CAM Valid) ▪ BLTN_CAM_SD_Card_State = 0x0 (Good) ▪ Associated Controller CAN/Ethernet Communication Enabled ▪ Power: Key ON ▪ Voltage: 12V ▪ Settings: Always Recording While Parked ON, Event Recording While Parked ON | G86: 1 | H86: ▪ Turn Key Off to enter continuous recording while parked ▪ Enter manual switch and trigger impact event ▪ Immediately disconnect main connector ▪ Wait 60 seconds, then turn Key ON ▪ Enter built-in cam mode and check the generated recording file | I86: ▪ The file being recorded right before power is turned off is saved. ※ Based on settings, at least two files must be saved. - Save Priority: Always > Impact Detection Save (Event) > Manual Save | O86: O | P86: X | Q86: X | R86: 주차 중 상시 녹화_지원
A87: OWP_068 | B87: ▪ Requirement-based test ▪Performance test | C87: ▪ Requirements Analysis ▪Decision Table Testing | D87: [Power Fail Safety Operation] : Emergency Power (Super Cap) Performance (Continuous recording while parked / Motion detection recording while parked) | E87: B+ OFF during continuous recording while parked | F87: ▪ Built-in Cam Boot Complete ▪ BLTN_CAM_State = 0x0 (BLTN_CAM Valid) ▪ BLTN_CAM_SD_Card_State = 0x0 (Good) ▪ Associated Controller CAN/Ethernet Communication Enabled ▪ Power: Key ON ▪ Voltage: 12V ▪ Settings: Always Recording While Parked ON, Event Recording While Parked ON | G87: 1 | H87: ▪ Turn Key Off to enter continuous recording while parked ▪ Parking continuous video recording, rear camera not recognized ▪ Turn B+ power input OFF ▪ Wait 60 seconds, then turn B+ power ON and Key ON ▪ Enter Built-in Cam mode and check the generated recording file | I87: ▪ The file being recorded right before power is turned off is saved. ※ Based on settings, at least two files must be saved. - Save Priority: Always > Impact Detection Save (Event) > Manual Save | O87: X | P87: X | Q87: X | R87: 주차 중 상시 녹화_지원
A88: OWP_069 | B88: ▪ Requirement-based test ▪Performance test | C88: ▪ Requirements Analysis ▪Decision Table Testing | D88: [Power Fail Safety Operation] : Emergency Power (Super Cap) Performance (Continuous recording while parked / Motion detection recording while parked) | E88: Motion detection recording while parked | F88: ▪ Built-in Cam Boot Complete ▪ BLTN_CAM_State = 0x0 (BLTN_CAM Valid) ▪ BLTN_CAM_SD_Card_State = 0x0 (Good) ▪ Associated Controller CAN/Ethernet Communication Enabled ▪ Power: Key ON ▪ Voltage: 12V ▪ Settings: Motion Detection While Parked ON, Event Recording While Parked ON | G88: 1 | H88: ▪ Turn Key Off to enter continuous recording while parked ▪ Enter CAN and Ethernet Sleep ▪ Authorize operation while parked to begin motion detection recording ▪ Immediately disconnect the main connector ▪ Wait 60 seconds, then turn Key ON ▪ Enter Built-in Cam mode and check the generated recording files | I88: ▪ The file being recorded right before power is turned off is saved. ※ Based on settings, at least two files must be saved. - Save Priority: Always > Impact Detection Save (Event) > Manual Save | O88: X | P88: X | Q88: X | R88: 주차 중 동작 감지 지원
B89: ▪ Requirement-based test ▪Performance test | C89: ▪ Requirements Analysis ▪Decision Table Testing | D89: [Power Fail Safety Operation] : Emergency Power (Super Cap) Performance (Continuous recording while parked / Motion detection recording while parked) | E89: Simultaneous recording of motion detection and impact events while parked | F89: ▪ Built-in Cam Boot Complete ▪ BLTN_CAM_State = 0x0 (BLTN_CAM Valid) ▪ BLTN_CAM_SD_Card_State = 0x0 (Good) ▪ Associated Controller CAN/Ethernet Communication Enabled ▪ Power: Key ON ▪ Voltage: 12V ▪ Settings: Motion Detection While Parked ON, Event Recording While Parked ON | G89: 1 | H89: ▪ Turn Key Off to enter continuous recording while parked ▪ Enter CAN and Ethernet Sleep ▪ Authorize operation while parked to start motion detection recording, then authorize an impact event ▪ Immediately disconnect the main connector ▪ Wait 60 seconds, then turn Key ON ▪ Enter Built-in Cam mode and check the generated recording file | I89: ▪ The file being recorded right before power is turned off is saved. ※ Based on settings, at least two files must be saved. - Save Priority: Always > Impact Detection Save (Event) > Manual Save | O89: X | P89: X | Q89: X | R89: 주차 중 동작 감지 지원
A90: [BLTN_CAM-기능-006] 주차 이벤트 녹화
A91: OWP_007 | B91: ▪ Requirement-based test | C91: ▪ Requirements Analysis | D91: [Recording event while parked] | E91: Check initial value | F91: ▪ Built-in Cam Boot Complete ▪ BLTN_CAM_State = 0x0 (BLTN_CAM Valid) ▪ BLTN_CAM_SD_Card_State = 0x0 (Good) ▪ Associated Controller CAN/Ethernet Communication Enabled ▪ Power: Key ON ▪ Voltage: 12V | G91: 1 | H91: ▪ ICU_PowerAutoCutModSta = 0x0(Factory mode) → 0x2(Customer mode) ※ Automatically deletes all videos and resets settings when changing from Factory Mode/Dealer Mode to Customer Mode | I91: ▪ Check default settings after factory reset - Domestic/Japan: Always-on recording while parked OFF, Event recording while parked OFF, Event notification while parked ON - Europe: Always-on recording while parked Default, Event recording while parked OFF, Event notification while parked OFF - Middle East/North America/Russia: Always-on recording while parked OFF, Event recording while parked OFF, Event notification while parked Default ※ Exception: Always-on recording while parked / Event recording while parked applied to JG1 RUS | J91: Pass | O91: O | P91: X | Q91: 02_OWP_015, 02_OWP_016, 02_OWP_073 | R91: 주차 중 상시 녹화_지원
G92: 2 | H92: ▪ [HU Settings] - [General] - [Reset] - [Full System Reset] | I92: ▪ Check default values ​​after profile reset - Domestic/Japan/North America: Always Parking OFF, Parking Event OFF, Parking Event Notification ON - Europe: Always Parking Default, Parking Event OFF, Parking Event Notification OFF - Russia/Middle East: Always Parking OFF, Parking Event OFF, Parking Event Notification Default ※ Always Parking/Parking Event recording applied as an exception for JG1 RUS | J92: Pass | O92: O | P92: X | Q92: 02_OWP_015, 02_OWP_016, 02_OWP_073 | R92: 주차 중 상시 녹화_지원
G93: 3 | H93: ▪ First Run Setup (FRS) completed in HU (BLTN_CAM_Rec_OWD_NvalueSet / BLTN_CAM_Rec_DEV_NvalueSet / BLTN_CAM_Rec_OWP_NvalueSet / BLTN_CAM_Rec_PEV_NvalueSet = 0x2 (ON) transmitted) | I93: ▪ Domestic/Japan/North America BLTN_CAM_RecSet_PEV = 0x2(ON) : The default recording setting is ON upon initialization after FRS setup operation. ▪ Europe BLTN_CAM_RecSet_PEV = 0x1(OFF) : The default recording setting is OFF upon initialization after FRS setup operation. ▪ Russia/Middle East BLTN_CAM_RecSet_PEV = 0x0(Default) : The default recording setting is Default upon initialization after FRS setup operation. ※ Event recording during parking is applied as an exception for JG1 RUS. | J93: Pass | O93: O | P93: X | Q93: 02_OWP_015, 02_OWP_016, 02_OWP_073 | R93: 주차 중 상시 녹화_지원
G94: 4 | H94: ▪ [HU Settings] - [General] - [Reset] - [Full System Reset] | I94: ▪ Domestic/Japan/North America BLTN_CAM_RecSet_PEV = 0x2(ON) : The default recording setting is ON upon initialization after FRS setup operation. ▪ Europe BLTN_CAM_RecSet_PEV = 0x1(OFF) : The default recording setting is OFF upon initialization after FRS setup operation. ▪ Russia/Middle East BLTN_CAM_RecSet_PEV = 0x0(Default) : The default recording setting is Default upon initialization after FRS setup operation. ※ Event recording during parking is applied as an exception for JG1 RUS. | J94: Pass | O94: O | P94: X | Q94: 02_OWP_015, 02_OWP_016, 02_OWP_017, 02_OWP_018, 02_OWP_019, 02_OWP_073 | R94: 주차 중 상시 녹화_지원
A95: OWP_070 | B95: ▪ Requirement-based test | C95: ▪ Requirements Analysis | D95: [Recording event while parked] | E95: Confirm Parking Event (Impact) Recording Setting ON : Domestic/Japan/North America/Europe | F95: ▪ Built-in Cam Boot Complete ▪ BLTN_CAM_State = 0x0 (BLTN_CAM Valid) ▪ BLTN_CAM_SD_Card_State = 0x0 (Good) ▪ Associated Controller CAN/Ethernet Communication Enabled ▪ Power: Key ON ▪ Voltage: 12V ▪ Settings: Parking Continuous Recording, Parking Event Notification OFF | G95: 1 | H95: ▪ Enter Built-in Cam Mode ▪ [Settings] - [Recording] - [Record While Parked] - Turn on Event Recording ▪ Check Recording Settings Signal | I95: ▪ BLTN_CAM_RecSet_PEV = 0x2(On) : Domestic/Japan/North America/Europe | J95: Pass | O95: O | P95: X | Q95: 02_OWP_020 | R95: 주차 중 상시 녹화_지원
A96: OWP_071 | B96: ▪ Requirement-based test | C96: ▪ Requirements Analysis | D96: [Recording event while parked] | E96: Check Parking Event (Impact) Recording Settings OFF : Russia/Middle East | F96: ▪ Built-in Cam Boot Complete ▪ BLTN_CAM_State = 0x0 (BLTN_CAM Valid) ▪ BLTN_CAM_SD_Card_State = 0x0 (Good) ▪ Associated Controller CAN/Ethernet Communication Enabled ▪ Power: Key ON ▪ Voltage: 12V ▪ Settings: Parking Continuous Recording, Parking Event Notification OFF | G96: 1 | H96: ▪ Enter Built-in Cam Mode ▪ [Settings] - [Recording] - [Recording While Parked] - Confirm No UI for Parking Event Recording Settings ▪ Check Recording Settings Signal | I96: ▪ BLTN_CAM_RecSet_PEV = 0x00(Default) : Russia/Middle East | O96: O | P96: X | Q96: 02_OWP_021 | R96: 주차 중 상시 녹화_미지원
A97: OWP_072 | B97: ▪ Requirement-based test | C97: ▪ Requirements Analysis | D97: [Recording event while parked] | E97: Check if the event did not occur | F97: ▪ Built-in Cam Boot Complete ▪ BLTN_CAM_State = 0x0 (BLTN_CAM Valid) ▪ BLTN_CAM_SD_Card_State = 0x0 (Good) ▪ Associated Controller CAN/Ethernet Communication Enabled ▪ Power: Key ON ▪ Voltage: 12V ▪ Settings: Always Recording While Parked ON, Event Recording While Parked ON | G97: 1 | H97: ▪ Turn off the key to enable continuous recording while parked ▪ Check recording status signal | I97: ▪ BLTN_CAM_RecSta_PEV =0x0 (OFF) | J97: Pass | O97: X | P97: X | Q97: 02_OWP_022, 02_OWP_023 | R97: 주차 중 상시 녹화_지원
G98: 2 | H98: ▪ Check front/rear camera indicator | I98: ▪ Camera Indicator 0.5Hz/50%/Maintain | O98: X | P98: X | Q98: △ | R98: 주차 중 상시 녹화_지원
G99: 3 | H99: ▪ Check event switch indicator | I99: ▪ Event switch indicator ON/100%/Hold | J99: Pass | O99: X | P99: X | Q99: 02_OWP_022, 02_OWP_023 | R99: 주차 중 상시 녹화_지원
A100: OWP_073 | B100: ▪ Requirement-based test | C100: ▪ Requirements Analysis | D100: [Recording event while parked] | E100: Confirmation of parking event recording operation | F100: ▪ Built-in Cam Boot Complete ▪ BLTN_CAM_State = 0x0 (BLTN_CAM Valid) ▪ BLTN_CAM_SD_Card_State = 0x0 (Good) ▪ Associated Controller CAN/Ethernet Communication Enabled ▪ Power: Key ON ▪ Voltage: 12V ▪ Settings: Always Recording While Parked ON, Event Recording While Parked ON | G100: 1 | H100: ▪ Enter Built-in Cam Mode ▪ [Built-in Cam Settings] - Turn Off Parking Event Notifications ▪ Turn Key Off to Enter Continuous Recording While Parked ▪ Enable Impact Event ▪ Check Recording Status Signal | I100: ▪ BLTN_CAM_RecSta_PEV = 0x1(Recording) ▪ BLTN_CAM_PEV_Recorded = 0x0(Default) | J100: Pass | O100: X | P100: X | Q100: 02_OWP_022, 02_OWP_023 | R100: 주차 중 상시 녹화_지원
...

Sheet HU 연동기능
A1: {="HU_"&TEXT(MAX(IFERROR(--MID($A$2:$A$4423,4,3),0)),"000")} -> HU_227 | D1: English Translation | E1: English Translation | F1: English Translation | H1: English Translation | I1: English Translation
A2: ID | B2: Test method | C2: TC design method | D2: Verification items | E2: detail | F2: Precondition | G2: Step | H2: Execution Procedure | I2: Expected value | J2: 결과 | K2: 측정값 | L2: 판정 | M2: 비고 | O2: 매뉴얼 기본 | P2: 자동화 기본 | Q2: 자동화 반영 | R2: 사양구분 | S2: 과거차문제
A3: [BLTN_CAM-기능-008] 시스템 설정
A4: HU_001 | B4: ▪ Requirement-based test ▪Test of interaction/ communication | C4: ▪ Requirements Analysis ▪Interface Analysis ▪State Transition Testing | D4: [Built-in Cam Screen Mode] (1) | E4: Built-in Cam Mode Video Output Confirmation | F4: ▪ Built-in Cam Boot Complete ▪ BLTN_CAM_State = 0x0 (BLTN_CAM Valid) ▪ BLTN_CAM_SD_Card_State = 0x0 (Good) ▪ Associated Controller CAN/Ethernet Communication Enabled ▪ Power: KEY ON ▪ Voltage: 12V | G4: 1 | H4: ▪ Enter HU Mode ▪ Enter Built-in Cam Mode (BLTN_CAM_LVDS_Mode_Cmd = 0x0:Front and Rear Camera) ▪ Touch Real-time Screen ▪ Go Back ▪ Confirm Repeat 10 times | I4: ▪ BLTN_CAM_LVDS_Mode_State = 0x0: Front and Rear Camera : LVDS video output switching time within 2 seconds (Approximately +1 second can be expected since CCNC generates the GUI) ▪ No black thumbnails in the video list | O4: X | P4: X | Q4: X
A5: HU_050 | B5: ▪ Requirement-based test ▪Test of interaction/ communication | C5: ▪ Requirements Analysis ▪Interface Analysis ▪State Transition Testing | D5: [Built-in Cam Screen Mode] (1) | E5: Check BLTN_CAM mode entry signal | F5: ▪ Built-in Cam Boot Complete ▪ BLTN_CAM_State = 0x0 (BLTN_CAM Valid) ▪ BLTN_CAM_SD_Card_State = 0x0 (Good) ▪ Associated Controller CAN/Ethernet Communication Enabled ▪ Power: KEY ON ▪ Voltage: 12V | G5: 1 | H5: ▪ Enter Built-In Cam Mode (HU_BLTN_CAM_UI_Mode = 0x1 : Built-In Cam Mode) | I5: ▪ BLTN_CAM_HU_UI_Mode (0x0: HU UI mode) → invalid → (0x2: Preparing BLTN_CAM Mode) → invalid → (0x1:BLTN_CAM mode) | J5: Pass | O5: O | P5: X | Q5: 03_HU_001
A6: HU_051 | B6: ▪ Requirement-based test ▪Test of interaction/ communication | C6: ▪ Requirements Analysis ▪Interface Analysis ▪State Transition Testing | D6: [Built-in Cam Screen Mode] (1) | E6: Transition to HU mode by turning the KEY OFF while in BLTN_CAM mode | F6: ▪ Built-in Cam Boot Complete ▪ BLTN_CAM_State = 0x0 (BLTN_CAM Valid) ▪ BLTN_CAM_SD_Card_State = 0x0 (Good) ▪ Associated Controller CAN/Ethernet Communication Enabled ▪ Power: KEY ON ▪ Voltage: 12V | G6: 1 | H6: ▪ KEY OFF while in Built-in Cam mode - Confirmation that BLTN_CAM_UI_Mode_Tmt_Req signal is not transmitted | I6: ▪ BLTN_CAM_HU_UI_Mode (0x1:BLTN_CAM mode) → invalid → (0x0: HU UI mode) → invalid → (0x0: HU UI mode) | J6: Pass | O6: X | P6: X | Q6: 03_HU_002
A7: HU_052 | B7: ▪ Requirement-based test ▪Test of interaction/ communication | C7: ▪ Requirements Analysis ▪Interface Analysis ▪State Transition Testing | D7: [Built-in Cam Screen Mode] (1) | E7: HU mode transition via HU mode Signal | F7: ▪ Built-in Cam Boot Complete ▪ BLTN_CAM_State = 0x0 (BLTN_CAM Valid) ▪ BLTN_CAM_SD_Card_State = 0x0 (Good) ▪ Associated Controller CAN/Ethernet Communication Enabled ▪ Power: KEY ON ▪ Voltage: 12V | G7: 1 | H7: ▪ Enter Built-in Cam Mode ▪ Touch Home/Back/CCNC Physical Buttons (HU_BLTN_CAM_UI_Mode = 0x0 : HU UI Mode) | I7: ▪ BLTN_CAM_HU_UI_Mode (0x1:BLTN_CAM mode) → invalid → (0x0: HU UI mode) | J7: Pass | O7: X | P7: X | Q7: 03_HU_003
A8: HU_053 | B8: ▪ Requirement-based test ▪Test of interaction/ communication | C8: ▪ Requirements Analysis ▪Interface Analysis ▪State Transition Testing | D8: [Built-in Cam Screen Mode] (1) | E8: HU mode ↔ BLTN_CAM mode | F8: ▪ Built-in Cam Boot Complete ▪ BLTN_CAM_State = 0x0 (BLTN_CAM Valid) ▪ BLTN_CAM_SD_Card_State = 0x0 (Good) ▪ Associated Controller CAN/Ethernet Communication Enabled ▪ Power: KEY ON ▪ Voltage: 12V ▪ Setting: Continuous Recording While Driving ON | G8: 1 | H8: ▪ Enter Built-in Cam Mode ▪ Touch the Home button (repeat quickly 10 times to confirm) | I8: ▪ When in HU mode after repeatedly entering and exiting Built-in Cam mode - BLTN_CAM_RecSta_OWD = 0x1 (Recording) | O8: X | P8: X | Q8: X
G9: 2 | H9: ▪ Enter Built-in Cam Mode ▪ Touch the Home button (repeat quickly 10 times to confirm) | I9: ▪ In Built-in Cam Mode: Do not record continuously while driving - BLTN_CAM_RecSta_OWD = 0x0 (OFF) ▪ No video distortion, green screen, black screen, or noise during recorded video playback | O9: X | P9: X | Q9: X
A10: HU_054 | B10: ▪ Requirement-based test ▪Test of interaction/ communication | C10: ▪ Requirements Analysis ▪Interface Analysis ▪State Transition Testing | D10: [Built-in Cam Screen Mode] (1) | E10: Exiting BLTN_CAM mode midway | F10: ▪ Built-in Cam Boot Complete ▪ BLTN_CAM_State = 0x0 (BLTN_CAM Valid) ▪ BLTN_CAM_SD_Card_State = 0x0 (Good) ▪ Associated Controller CAN/Ethernet Communication Enabled ▪ Power: KEY ON ▪ Voltage: 12V ▪ Setting: Continuous Recording While Driving ON | G10: 1 | H10: ▪ Touch the Built-in Cam Mode entry button ▪ Touch the HU Home button on the screen transition loading screen (confirm by repeating 10 times) | I10: ▪ Start continuous recording while driving immediately when repetitive action stops - BLTN_CAM_RecSta_OWD = 0x1 (Recording) | J10: Pass | O10: X | P10: X | Q10: 03_HU_004
A11: HU_055 | B11: ▪ Requirement-based test ▪Test of interaction/ communication | C11: ▪ Requirements Analysis ▪Interface Analysis ▪State Transition Testing | D11: [Built-in Cam Screen Mode] (1) | E11: Attempting to quickly enter built-in cam mode during boot-up | F11: ▪ Built-in Cam Boot Complete ▪ BLTN_CAM_State = 0x0 (BLTN_CAM Valid) ▪ BLTN_CAM_SD_Card_State = 0x0 (Good) ▪ Associated Controller CAN/Ethernet Communication Enabled ▪ Power: KEY ON ▪ Voltage: 12V ▪ Setting: Continuous Recording While Driving ON | G11: 1 | H11: ▪ KEY ON ▪ Repeatedly touch the Built-in Cam Mode Entry Button | I11: ▪ Enter Built-in Cam mode after boot is complete (enter within 2 seconds after boot is complete) ▪ BLTN_CAM_HU_UI_Mode = 0x1(BLTN_CAM mode) | J11: Pass | O11: X | P11: X | Q11: 03_HU_005
G12: 2 | H12: ▪ KEY ON ▪ Repeatedly touch the Built-in Cam Mode Entry Button | I12: ▪ Proceed with continuous recording while driving upon touching Back (1 second after exiting Built-in Cam mode) - BLTN_CAM_RecSta_OWD = 0x1 (Recording) | J12: Pass | O12: X | P12: X | Q12: 03_HU_005
A13: HU_056 | B13: ▪ Requirement-based test ▪Test of interaction/ communication | C13: ▪ Requirements Analysis ▪Interface Analysis ▪State Transition Testing | D13: [Built-in Cam Screen Mode] (1) | E13: Condition preventing entry into Built-in Cam mode: During booting | F13: ▪ Built-in Cam Boot Complete ▪ BLTN_CAM_State = 0x0 (BLTN_CAM Valid) ▪ BLTN_CAM_SD_Card_State = 0x0 (Good) ▪ Associated Controller CAN/Ethernet Communication Enabled ▪ Power: KEY ON ▪ Voltage: 12V ▪ Setting: Continuous Recording While Driving ON | G13: 1 | H13: ▪ Built-in Cam B+ Reset ▪ Built-in Cam Boot Complete | I13: ▪ Outputs 0xD until Built-in Cam boot is complete, 0x0 after completion ▪ BLTN_CAM_HU_UI_Mode invalid → (0xD : Built-in CAM not Ready to be HU UI Mode) → invalid → (0x0: HU UI mode) | M13: 과거차문제 PASTI-357 AR 내비 뷰 녹색 화면 출력 | O13: X | P13: X | Q13: X | S13: O
G14: 2 | H14: ▪ Built-in Cam boot complete ▪ Enter Built-in Cam mode | I14: ▪ Output 0x2 until built-in cam entry is complete, output 0x1 after completion ▪ BLTN_CAM_HU_UI_Mode (0x0: HU UI mode) → invalid → (0x2 : Preparing BLTN_CAM Mode) → invalid → (0x1:BLTN_CAM mode) | O14: X | P14: X | Q14: X | S14: O
A15: HU_057 | B15: ▪ Requirement-based test ▪Test of interaction/ communication | C15: ▪ Requirements Analysis ▪Interface Analysis ▪State Transition Testing | D15: [Built-in Cam Screen Mode] (1) | E15: Conditions under which Built-in Cam mode cannot be entered (Continuous recording while parked) : Sleep → KEY ON | F15: ▪ Built-in Cam Boot Complete ▪ BLTN_CAM_State = 0x0 (BLTN_CAM Valid) ▪ BLTN_CAM_SD_Card_State = 0x0 (Good) ▪ Associated Controller CAN/Ethernet Communication Enabled ▪ Power: KEY ON ▪ Voltage: 12V ▪ Setting: Continuous Recording While Driving ON | G15: 1 | H15: ▪ Continuous recording while parked (Network Sleep state) ▪ Network wake up by applying NM signal | I15: ▪ BLTN_CAM_HU_UI_Mode = 0xD: Built-in CAM not Ready to be HU UI Mode | J15: Pass | O15: X | P15: X | Q15: 03_HU_006 | R15: 주차 중 상시 녹화_지원 | S15: O
G16: 2 | H16: ▪ KEY ON | I16: ▪ Outputs 0xD until Built-in Cam boot complete, 0x0 after completion ▪ BLTN_CAM_HU_UI_Mode (0xD: Built-in CAM not Ready to be HU UI Mode) → invalid → (0x0: HU UI mode) | J16: Pass | O16: X | P16: X | Q16: 03_HU_006 | R16: 주차 중 상시 녹화_지원 | S16: O
G17: 3 | H17: ▪ Enter Built-in Cam Mode | I17: ▪ Output 0x2 until built-in cam entry is complete, output 0x1 after completion ▪ BLTN_CAM_HU_UI_Mode (0x0: HU UI mode) → invalid → (0x2 : Preparing BLTN_CAM Mode) → invalid → (0x1: BLTN_CAM mode) | J17: Pass | O17: X | P17: X | Q17: 03_HU_006 | R17: 주차 중 상시 녹화_지원 | S17: O
A18: HU_058 | B18: ▪ Requirement-based test ▪Test of interaction/ communication | C18: ▪ Requirements Analysis ▪Interface Analysis ▪State Transition Testing | D18: [Built-in Cam Screen Mode] (1) | E18: Conditions under which Built-in Cam mode cannot be entered (Motion detection recording while parked) : Sleep → KEY ON | F18: ▪ Built-in Cam Boot Complete ▪ BLTN_CAM_State = 0x0 (BLTN_CAM Valid) ▪ BLTN_CAM_SD_Card_State = 0x0 (Good) ▪ Associated Controller CAN/Ethernet Communication Enabled ▪ Power: KEY ON ▪ Voltage: 12V ▪ Setting: Continuous Recording While Driving ON | G18: 1 | H18: ▪ Motion detection recording in progress while parked (Network Sleep state) ▪ Network wake up by injecting NM signal | I18: ▪ BLTN_CAM_HU_UI_Mode = 0xD: Built-in CAM not Ready to be HU UI Mode | J18: Pass | O18: X | P18: X | Q18: 03_HU_007 | R18: 주차 중 동작 감지 지원 | S18: O
G19: 2 | H19: ▪ KEY ON | I19: ▪ Outputs 0xD until Built-in Cam boot complete, 0x0 after completion ▪ BLTN_CAM_HU_UI_Mode (0xD: Built-in CAM not Ready to be HU UI Mode) → invalid → (0x0: HU UI mode) | J19: Pass | O19: X | P19: X | Q19: 03_HU_007 | R19: 주차 중 동작 감지 지원 | S19: O
G20: 3 | H20: ▪ Enter Built-in Cam Mode | I20: ▪ Output 0x2 until built-in cam entry is complete, output 0x1 after completion ▪ BLTN_CAM_HU_UI_Mode (0x0: HU UI mode) → invalid → (0x2 : Preparing BLTN_CAM Mode) → invalid → (0x1: BLTN_CAM mode) | J20: Pass | O20: X | P20: X | Q20: 03_HU_007 | R20: 주차 중 동작 감지 지원 | S20: O
A21: HU_059 | B21: ▪ Requirement-based test ▪Test of interaction/ communication | C21: ▪ Requirements Analysis ▪Interface Analysis ▪State Transition Testing | D21: [Built-in Cam Screen Mode] (1) | E21: Confirm text output when entering Built-in Cam mode | F21: ▪ Built-in Cam Boot Complete ▪ BLTN_CAM_State = 0x0 (BLTN_CAM Valid) ▪ BLTN_CAM_SD_Card_State = 0x0 (Good) ▪ Associated Controller CAN/Ethernet Communication Enabled ▪ Power: KEY ON ▪ Voltage: 12V ▪ Setting: Continuous Recording While Driving ON | G21: 1 | H21: ▪ Enter Built-in Cam Mode | I21: ▪ Legal notice text will be printed | O21: X | P21: X | Q21: X
A22: HU_029 | B22: ▪ Requirement-based test | C22: ▪ Requirements Analysis | D22: [Built-in Cam Screen Mode] - Performance Recording (1) | E22: Check Performance Options Built-in Cam Video | F22: ▪ Built-in Cam Boot Complete ▪ BLTN_CAM_State = 0x0 (BLTN_CAM Valid) ▪ BLTN_CAM_SD_Card_State = 0x0 (Good) ▪ Associated Controller CAN/Ethernet Communication Enabled ▪ Power: KEY ON ▪ Voltage: 12V ▪ Setting: Continuous Recording While Driving ON | G22: 1 | H22: ▪ Enter HU Mode ▪ Enter N Mode and tap Performance Options ▪ Tap N Race Cam in the items, then tap the "File" button to enter Built-in Cam (BLTN_CAM_LVDS_Mode_Cmd = 0x0:Front and Rear Camera) ▪ Tap Real-time Screen ▪ Go Back ▪ Confirm repeat 10 times | I22: ▪ BLTN_CAM_LVDS_Mode_State = 0x0: Front and Rear Camera : LVDS video output switching time within 2 seconds (A delay of about +1 second can be expected as CCNC generates the GUI) ▪ No black thumbnails in the video list ▪ Displayed in the video list by the recording start time | O22: X | P22: X | Q22: X | R22: 퍼포먼스_지원
A23: HU_060 | B23: ▪ Requirement-based test | C23: ▪ Requirements Analysis | D23: [Built-in Cam Screen Mode] - Performance Recording (1) | E23: Check BLTN_CAM mode entry signal | F23: ▪ Built-in Cam Boot Complete ▪ BLTN_CAM_State = 0x0 (BLTN_CAM Valid) ▪ BLTN_CAM_SD_Card_State = 0x0 (Good) ▪ Associated Controller CAN/Ethernet Communication Enabled ▪ Power: KEY ON ▪ Voltage: 12V ▪ Setting: Continuous Recording While Driving ON | G23: 1 | H23: ▪ Enter Built-In Cam by touching the N Race Cam file button in Performance Options (HU_BLTN_CAM_UI_Mode = 0x1 : Built-In Cam Mode) | I23: ▪ BLTN_CAM_HU_UI_Mode (0x0: HU UI mode) → invalid → (0x2: Preparing BLTN_CAM Mode) → invalid → (0x1:BLTN_CAM mode) | O23: X | P23: X | Q23: X | R23: 퍼포먼스_지원
A24: HU_061 | B24: ▪ Requirement-based test | C24: ▪ Requirements Analysis | D24: [Built-in Cam Screen Mode] - Performance Recording (1) | E24: Transition to HU mode by turning off the key while in BLTN_CAM mode | F24: ▪ Built-in Cam Boot Complete ▪ BLTN_CAM_State = 0x0 (BLTN_CAM Valid) ▪ BLTN_CAM_SD_Card_State = 0x0 (Good) ▪ Associated Controller CAN/Ethernet Communication Enabled ▪ Power: KEY ON ▪ Voltage: 12V ▪ Setting: Continuous Recording While Driving ON | G24: 1 | H24: ▪ Turn KEY OFF while in Built-in Cam mode -'BLTN_CAM_UI_Mode_Tmt_Req signal not transmitted confirmed | I24: ▪ BLTN_CAM_HU_UI_Mode (0x1:BLTN_CAM mode) → invalid → (0x0: HU UI mode) → invalid → (0x0: HU UI mode) | O24: X | P24: X | Q24: X | R24: 퍼포먼스_지원
A25: HU_062 | B25: ▪ Requirement-based test | C25: ▪ Requirements Analysis | D25: [Built-in Cam Screen Mode] - Performance Recording (1) | E25: HU mode transition via HU mode Signal | F25: ▪ Built-in Cam Boot Complete ▪ BLTN_CAM_State = 0x0 (BLTN_CAM Valid) ▪ BLTN_CAM_SD_Card_State = 0x0 (Good) ▪ Associated Controller CAN/Ethernet Communication Enabled ▪ Power: KEY ON ▪ Voltage: 12V ▪ Setting: Continuous Recording While Driving ON | G25: 1 | H25: ▪ Home/Back/ccNC Physical Button Button Touch (HU_BLTN_CAM_UI_Mode = 0x0 : HU UI Mode) | I25: ▪ BLTN_CAM_HU_UI_Mode (0x1:BLTN_CAM mode) → invalid → (0x0: HU UI mode) | O25: X | P25: X | Q25: X | R25: 퍼포먼스_지원
A26: HU_063 | B26: ▪ Requirement-based test | C26: ▪ Requirements Analysis | D26: [Built-in Cam Screen Mode] - Performance Recording (1) | E26: Performance Options ↔ BLTN_CAM mode | F26: ▪ Built-in Cam Boot Complete ▪ BLTN_CAM_State = 0x0 (BLTN_CAM Valid) ▪ BLTN_CAM_SD_Card_State = 0x0 (Good) ▪ Associated Controller CAN/Ethernet Communication Enabled ▪ Power: KEY ON ▪ Voltage: 12V ▪ Setting: Continuous Recording While Driving ON | G26: 1 | H26: ▪ Tap the N Race Cam file button in Performance Options to access the built-in cam. ▪ Tap the Back button (repeat quickly 10 times for confirmation). | I26: ▪ If the Performance Options screen appears after repeatedly entering and exiting Built-in Cam Mode: Proceed with continuous recording while driving - BLTN_CAM_RecSta_OWD = 0x1 (Recording) | O26: X | P26: X | Q26: X | R26: 퍼포먼스_지원
G27: 2 | H27: ▪ Tap the N Race Cam file button in Performance Options to access the built-in cam. ▪ Tap the Back button (repeat quickly 10 times for confirmation). | I27: ▪ In Built-in Cam Mode: Do not record continuously while driving - BLTN_CAM_RecSta_OWD = 0x0 (OFF) ▪ No video distortion, green screen, black screen, or noise during recorded video playback | O27: X | P27: X | Q27: X | R27: 퍼포먼스_지원
G28: 3 | H28: ▪ Tap the N Race Cam file button in Performance Options to access the built-in cam. ▪ Tap the Back button (repeat quickly 10 times for confirmation). | I28: ▪ The Performance Options screen will be displayed after touching Back. | O28: X | P28: X | Q28: X | R28: 퍼포먼스_지원
A29: HU_064 | B29: ▪ Requirement-based test | C29: ▪ Requirements Analysis | D29: [Built-in Cam Screen Mode] - Performance Recording (1) | E29: Exiting BLTN_CAM mode midway | F29: ▪ Built-in Cam Boot Complete ▪ BLTN_CAM_State = 0x0 (BLTN_CAM Valid) ▪ BLTN_CAM_SD_Card_State = 0x0 (Good) ▪ Associated Controller CAN/Ethernet Communication Enabled ▪ Power: KEY ON ▪ Voltage: 12V ▪ Setting: Continuous Recording While Driving ON | G29: 1 | H29: ▪ Touch the Built-in Cam Mode entry button ▪ Touch the HU Home button on the screen transition loading screen (confirm by repeating 10 times) | I29: ▪ Start continuous recording while driving immediately when repetitive action stops - BLTN_CAM_RecSta_OWD = 0x1 (Recording) | O29: X | P29: X | Q29: X | R29: 퍼포먼스_지원
A30: HU_065 | B30: ▪ Requirement-based test | C30: ▪ Requirements Analysis | D30: [Built-in Cam Screen Mode] - Performance Recording (1) | E30: Attempting to quickly enter built-in cam mode during boot-up | F30: ▪ Built-in Cam Boot Complete ▪ BLTN_CAM_State = 0x0 (BLTN_CAM Valid) ▪ BLTN_CAM_SD_Card_State = 0x0 (Good) ▪ Associated Controller CAN/Ethernet Communication Enabled ▪ Power: KEY ON ▪ Voltage: 12V ▪ Setting: Continuous Recording While Driving ON | G30: 1 | H30: ▪ KEY OFF/ON ▪ Quickly and repeatedly tap the Built-in Cam icon in Performance Options | I30: ▪ Enter Built-in Cam mode after boot is complete (enter within 2 seconds after boot is complete) ▪ BLTN_CAM_HU_UI_Mode = 0x1(BLTN_CAM mode) | O30: X | P30: X | Q30: X | R30: 퍼포먼스_지원
G31: 2 | H31: ▪ KEY OFF/ON ▪ Quickly and repeatedly tap the Built-in Cam icon in Performance Options | I31: ▪ Enable continuous recording while driving when Back is touched - BLTN_CAM_RecSta_OWD = 0x0 (OFF) | O31: X | P31: X | Q31: X | R31: 퍼포먼스_지원
A32: HU_066 | B32: ▪ Requirement-based test | C32: ▪ Requirements Analysis | D32: [Built-in Cam Screen Mode] - Performance Recording (1) | E32: Condition preventing entry into Built-in Cam mode: During booting | F32: ▪ Built-in Cam Boot Complete ▪ BLTN_CAM_State = 0x0 (BLTN_CAM Valid) ▪ BLTN_CAM_SD_Card_State = 0x0 (Good) ▪ Associated Controller CAN/Ethernet Communication Enabled ▪ Power: KEY ON ▪ Voltage: 12V ▪ Setting: Continuous Recording While Driving ON | G32: 1 | H32: ▪ Built-in Cam B+ Reset | I32: ▪ Outputs 0xD until Built-in Cam boot is complete, 0x0 after completion ▪ BLTN_CAM_HU_UI_Mode invalid → (0xD : Built-in CAM not Ready to be HU UI Mode) → invalid → (0x0: HU UI mode) | M32: 과거차문제 PASTI-357 AR 내비 뷰 녹색 화면 출력 | O32: X | P32: X | Q32: X | R32: 퍼포먼스_지원 | S32: O
G33: 2 | H33: ▪ After the Built-in Cam has finished booting, access the Built-in Cam from Performance Options. | I33: ▪ BLTN_CAM_HU_UI_Mode (0x0: HU UI mode) → invalid → (0x2: Preparing BLTN_CAM Mode) → invalid → (0x1:BLTN_CAM mode) | O33: X | P33: X | Q33: X | R33: 퍼포먼스_지원 | S33: O
A34: HU_067 | B34: ▪ Requirement-based test | C34: ▪ Requirements Analysis | D34: [Built-in Cam Screen Mode] - Performance Recording (1) | E34: Confirm text output when entering Built-in Cam mode | F34: ▪ Built-in Cam Boot Complete ▪ BLTN_CAM_State = 0x0 (BLTN_CAM Valid) ▪ BLTN_CAM_SD_Card_State = 0x0 (Good) ▪ Associated Controller CAN/Ethernet Communication Enabled ▪ Power: KEY ON ▪ Voltage: 12V ▪ Setting: Continuous Recording While Driving ON | G34: 1 | H34: ▪ Enter Built-in Cam Mode | I34: ▪ Print legal notice text | O34: X | P34: X | Q34: X | R34: 퍼포먼스_지원
A35: HU_068 | B35: ▪ Requirement-based test | C35: ▪ Requirements Analysis | D35: [Built-in Cam Screen Mode] - Performance Recording (1) | E35: N Mode N Race Cam Widget Continuous Touch | F35: ▪ Built-in Cam Boot Complete ▪ BLTN_CAM_State = 0x0 (BLTN_CAM Valid) ▪ BLTN_CAM_SD_Card_State = 0x0 (Good) ▪ Associated Controller CAN/Ethernet Communication Enabled ▪ Power: KEY ON ▪ Voltage: 12V ▪ Setting: Continuous Recording While Driving ON | G35: 1 | H35: ▪ Enter N Mode by touching it in HU ▪ In N Race Cam, repeatedly touch the top of the widget instead of the REC button | I35: ▪ Go to N Race Cam in Performance Options | O35: X | P35: X | Q35: X | R35: 퍼포먼스_지원
A36: HU_002 | B36: ▪ Requirement-based test | C36: ▪ Requirements Analysis | D36: [Built-in Cam Screen Mode] (2) Undefined value (1) | E36: HS-CAN: [HU_BLTN_CAM_PE_00_200ms] - HU_UI_Mode = Reserved B2-FD: [BLTN_CAM_FD_HU_01_200ms] - HU_UI_Mode = Reserved | F36: ▪ Built-in Cam Boot Complete ▪ BLTN_CAM_State = 0x0 (BLTN_CAM Valid) ▪ BLTN_CAM_SD_Card_State = 0x0 (Good) ▪ Associated Controller CAN/Ethernet Communication Enabled ▪ Power: KEY ON ▪ Voltage: 12V ▪ Setting: Continuous Recording While Driving ON | G36: 1 | H36: ▪ [HU_BLTN_CAM_PE_00_200ms] - HU_BLTN_CAM_UI_Mode = 0x3 (Reserved) | I36: ▪ BLTN_CAM_HU_UI_Mode maintains previous state | J36: Pass | O36: X | P36: X | Q36: 03_HU_008
G37: 2 | H37: ▪ [HU_BLTN_CAM_PE_00_200ms] - HU_BLTN_CAM_UI_Mode = 0x4 (Reserved) | I37: ▪ BLTN_CAM_HU_UI_Mode maintains previous state | J37: Pass | O37: X | P37: X | Q37: 03_HU_008
G38: 3 | H38: ▪ [HU_BLTN_CAM_PE_00_200ms] - HU_BLTN_CAM_UI_Mode = 0x5 (Reserved) | I38: ▪ BLTN_CAM_HU_UI_Mode maintains previous state | J38: Pass | O38: X | P38: X | Q38: 03_HU_008
G39: 4 | H39: ▪ [HU_BLTN_CAM_PE_00_200ms] - HU_BLTN_CAM_UI_Mode = 0x6 (Reserved) | I39: ▪ BLTN_CAM_HU_UI_Mode maintains previous state | J39: Pass | O39: X | P39: X | Q39: 03_HU_008
G40: 5 | H40: ▪ [HU_BLTN_CAM_PE_00_200ms] - HU_BLTN_CAM_UI_Mode = 0x7 (Reserved) | I40: ▪ BLTN_CAM_HU_UI_Mode maintains previous state | J40: Pass | O40: X | P40: X | Q40: 03_HU_008
G41: 6 | H41: ▪ [HU_BLTN_CAM_PE_00_200ms] - HU_BLTN_CAM_UI_Mode = 0x8 (Reserved) | I41: ▪ BLTN_CAM_HU_UI_Mode maintains previous state | J41: Pass | O41: X | P41: X | Q41: 03_HU_008
G42: 7 | H42: ▪ [HU_BLTN_CAM_PE_00_200ms] - HU_BLTN_CAM_UI_Mode = 0x9 (Reserved) | I42: ▪ BLTN_CAM_HU_UI_Mode maintains previous state | J42: Pass | O42: X | P42: X | Q42: 03_HU_008
G43: 8 | H43: ▪ [HU_BLTN_CAM_PE_00_200ms] - HU_BLTN_CAM_UI_Mode = 0xA (Reserved) | I43: ▪ BLTN_CAM_HU_UI_Mode maintains previous state | J43: Pass | O43: X | P43: X | Q43: 03_HU_008
G44: 9 | H44: ▪ [HU_BLTN_CAM_PE_00_200ms] - HU_BLTN_CAM_UI_Mode = 0xB (Reserved) | I44: ▪ BLTN_CAM_HU_UI_Mode maintains previous state | J44: Pass | O44: X | P44: X | Q44: 03_HU_008
G45: 10 | H45: ▪ [HU_BLTN_CAM_PE_00_200ms] - HU_BLTN_CAM_UI_Mode = 0xC (Reserved) | I45: ▪ BLTN_CAM_HU_UI_Mode maintains previous state | J45: Pass | O45: X | P45: X | Q45: 03_HU_008
G46: 11 | H46: ▪ [HU_BLTN_CAM_PE_00_200ms] - HU_BLTN_CAM_UI_Mode = 0xD (Reserved) | I46: ▪ BLTN_CAM_HU_UI_Mode maintains previous state | J46: Pass | O46: X | P46: X | Q46: 03_HU_008
G47: 12 | H47: ▪ [HU_BLTN_CAM_PE_00_200ms] - HU_BLTN_CAM_UI_Mode = 0xE (Reserved) | I47: ▪ BLTN_CAM_HU_UI_Mode maintains previous state | J47: Pass | O47: X | P47: X | Q47: 03_HU_008
E48: HS-CAN: [HU_BLTN_CAM_PE_00_200ms] - HU_UI_Mode = INVALID B2-FD: [BLTN_CAM_FD_HU_01_200ms] - HU_UI_Mode = INVALID | G48: 13 | H48: ▪ [HU_BLTN_CAM_PE_00_200ms] - HU_BLTN_CAM_UI_Mode = 0xF(Invalid) | I48: ▪ BLTN_CAM_HU_UI_Mode maintains previous state | J48: Pass | O48: X | P48: X | Q48: 03_HU_008
A49: HU_003 | B49: ▪Requirement-based test ▪Test of interaction/ communication | C49: ▪Requirements Analysis ▪Interface Analysis | D49: [Built-in Cam Screen Mode] (3) Power Conditions (1) | E49: ACC → Enter Built-in Cam Screen | F49: ▪ Built-in Cam Boot Complete ▪ BLTN_CAM_State = 0x0 (BLTN_CAM Valid) ▪ BLTN_CAM_SD_Card_State = 0x0 (Good) ▪ Associated Controller CAN/Ethernet Communication Enabled ▪ Power: B+ ON ▪ Voltage: 12V ▪ Setting: Continuous Recording While Driving ON | G49: 1 | H49: ▪ ACC ON ▪ Enter Built-in Cam Mode | I49: ▪ Enter Built-in Cam Mode ▪ BLTN_CAM_HU_UI_Mode (0x0: HU UI mode) → invalid → (0x2 : Preparing BLTN_CAM Mode) → invalid → (0x1:BLTN_CAM mode) | J49: Pass | O49: X | P49: 00_1CHK_100 | Q49: 03_HU_009
A50: HU_069 | B50: ▪Requirement-based test ▪Test of interaction/ communication | C50: ▪Requirements Analysis ▪Interface Analysis | D50: [Built-in Cam Screen Mode] (3) Power Conditions (1) | E50: IGN → Keep built-in cam screen | F50: ▪ Built-in Cam Boot Complete ▪ BLTN_CAM_State = 0x0 (BLTN_CAM Valid) ▪ BLTN_CAM_SD_Card_State = 0x0 (Good) ▪ Associated Controller CAN/Ethernet Communication Enabled ▪ Power: ACC ON, IGN OFF ▪ Voltage: 12V ▪ Setting: Continuous Recording While Driving ON ▪ Built-in Cam Mode Entered | G50: 1 | H50: ▪ IGN ON ▪ Verify that Built-in Cam mode is maintained | I50: ▪ Maintain Built-in Cam Mode ▪ BLTN_CAM_HU_UI_Mode = 0x1(BLTN_CAM mode) | J50: Pass | O50: X | P50: 00_1CHK_100 | Q50: 03_HU_009
A51: HU_070 | B51: ▪Requirement-based test ▪Test of interaction/ communication | C51: ▪Requirements Analysis ▪Interface Analysis | D51: [Built-in Cam Screen Mode] (3) Power Conditions (1) | E51: IGN → Enter built-in cam view | F51: ▪ Built-in Cam Boot Complete ▪ BLTN_CAM_State = 0x0 (BLTN_CAM Valid) ▪ BLTN_CAM_SD_Card_State = 0x0 (Good) ▪ Associated Controller CAN/Ethernet Communication Enabled ▪ Power: KEY ON ▪ Voltage: 12V ▪ Setting: Continuous Recording While Driving ON | G51: 1 | H51: ▪ KEY OFF/ON ▪ Enter Built-in Cam Mode | I51: ▪ Enter Built-in Cam Mode ▪ BLTN_CAM_HU_UI_Mode (0x0: HU UI mode) → invalid → (0x2 : Preparing BLTN_CAM Mode) → invalid → (0x1:BLTN_CAM mode) | J51: Pass | O51: X | P51: X | Q51: 03_HU_010
A52: HU_071 | B52: ▪Requirement-based test ▪Test of interaction/ communication | C52: ▪Requirements Analysis ▪Interface Analysis | D52: [Built-in Cam Screen Mode] (3) Power Conditions (1) | E52: Remote Start Status → Enter Built-in Cam Screen | F52: ▪ Built-in Cam Boot Complete ▪ BLTN_CAM_State = 0x0 (BLTN_CAM Valid) ▪ BLTN_CAM_SD_Card_State = 0x0 (Good) ▪ Associated Controller CAN/Ethernet Communication Enabled ▪ Power: KEY ON ▪ Voltage: 12V ▪ Setting: Continuous Recording While Driving ON | G52: 1 | H52: ▪ ACC OFF, IGN ON ▪ Enter Built-in Cam Mode | I52: ▪ BLTN_CAM_HU_UI_Mode (In the actual vehicle, the HU boots but the screen is OFF) (0x0: HU UI mode) → invalid → (0x2 : Preparing BLTN_CAM Mode) → invalid → (0x1: BLTN_CAM mode) | J52: Pass | O52: X | P52: X | Q52: 03_HU_110
A53: HU_072 | B53: ▪Requirement-based test ▪Test of interaction/ communication | C53: ▪Requirements Analysis ▪Interface Analysis | D53: [Built-in Cam Screen Mode] (3) Power Conditions (1) | E53: Remote Start → ACC ON → Enter Built-in Cam Screen | F53: ▪ Built-in Cam Boot Complete ▪ BLTN_CAM_State = 0x0 (BLTN_CAM Valid) ▪ BLTN_CAM_SD_Card_State = 0x0 (Good) ▪ Associated Controller CAN/Ethernet Communication Enabled ▪ Power: KEY ON ▪ Voltage: 12V ▪ Setting: Continuous Recording While Driving ON | G53: 1 | H53: ▪ ACC OFF, IGN ON ▪ Wait 10 seconds, then ACC ON ▪ Enter Built-in Cam Mode | I53: ▪ Enter Built-in Cam Mode ▪ BLTN_CAM_HU_UI_Mode (0x0: HU UI mode) → invalid → (0x2 : Preparing BLTN_CAM Mode) → invalid → (0x1:BLTN_CAM mode) | J53: Pass | O53: X | P53: X | Q53: 03_HU_011
A54: HU_073 | B54: ▪Requirement-based test ▪Test of interaction/ communication | C54: ▪Requirements Analysis ▪Interface Analysis | D54: [Built-in Cam Screen Mode] (3) Power Conditions (1) | E54: Repeat KEY ON/OFF 20 times | F54: ▪ Built-in Cam Boot Complete ▪ BLTN_CAM_State = 0x0 (BLTN_CAM Valid) ▪ BLTN_CAM_SD_Card_State = 0x0 (Good) ▪ Associated Controller CAN/Ethernet Communication Enabled ▪ Power: KEY ON ▪ Voltage: 12V ▪ Setting: Driving/Parking Continuous Recording ON | G54: 1 | H54: ▪ KEY ON ▪ Continuous recording while driving / Continuous recording while parked ON ▪ Enter HU mode ▪ Verify continuous recording while driving ▪ Repeat KEY ON/OFF 20 times, then return to the final state KEY ON ▪ Enter Built-in Cam mode | I54: ▪ Enter Built-in Cam Mode ▪ BLTN_CAM_HU_UI_Mode (0x0: HU UI mode) → invalid → (0x2 : Preparing BLTN_CAM Mode) → invalid → (0x1:BLTN_CAM mode) | J54: Pass | O54: X | P54: X | Q54: 03_HU_012
A55: HU_040 | B55: ▪ Requirement-based test | C55: ▪Requirements Analysis | D55: [Performance Recording] - Power Conditions | E55: Access Built-in Cam from ACC → N Mode Performance Option | F55: ▪ Built-in Cam Boot Complete ▪ BLTN_CAM_State = 0x0 (BLTN_CAM Valid) ▪ BLTN_CAM_SD_Card_State = 0x0 (Good) ▪ Associated Controller CAN/Ethernet Communication Enabled ▪ Power: KEY ON ▪ Voltage: 12V ▪ Setting: Continuous Recording While Driving ON | G55: 1 | H55: ▪ ACC ON ▪ Enter Built-in Cam Mode | I55: ▪ Enter Built-in Cam Mode ▪ BLTN_CAM_HU_UI_Mode (0x0: HU UI mode) → invalid → (0x2 : Preparing BLTN_CAM Mode) → invalid → (0x1:BLTN_CAM mode) | O55: X | P55: X | Q55: X | R55: 퍼포먼스_지원
A56: HU_074 | B56: ▪ Requirement-based test | C56: ▪Requirements Analysis | D56: [Performance Recording] - Power Conditions | E56: GN → Maintain Built-in Cam Screen | F56: ▪ Built-in Cam Boot Complete ▪ BLTN_CAM_State = 0x0 (BLTN_CAM Valid) ▪ BLTN_CAM_SD_Card_State = 0x0 (Good) ▪ Associated Controller CAN/Ethernet Communication Enabled ▪ Power: KEY ON ▪ Voltage: 12V ▪ Setting: Continuous Recording While Driving ON | G56: 1 | H56: ▪ ACC OFF, IGN ON ▪ Check built-in cam screen retention | I56: ▪ Maintain Built-in Cam Mode ▪ BLTN_CAM_HU_UI_Mode = 0x1(BLTN_CAM mode) | O56: X | P56: X | Q56: X | R56: 퍼포먼스_지원
A57: HU_075 | B57: ▪ Requirement-based test | C57: ▪Requirements Analysis | D57: [Performance Recording] - Power Conditions | E57: IGN → Enter built-in cam view | F57: ▪ Built-in Cam Boot Complete ▪ BLTN_CAM_State = 0x0 (BLTN_CAM Valid) ▪ BLTN_CAM_SD_Card_State = 0x0 (Good) ▪ Associated Controller CAN/Ethernet Communication Enabled ▪ Power: KEY ON ▪ Voltage: 12V ▪ Setting: Continuous Recording While Driving ON | G57: 1 | H57: ▪ ACC & IGN ON ▪ Enter Built-in Cam Mode | I57: ▪ Enter Built-in Cam Mode ▪ BLTN_CAM_HU_UI_Mode (0x0: HU UI mode) → invalid → (0x2 : Preparing BLTN_CAM Mode) → invalid → (0x1:BLTN_CAM mode) | O57: X | P57: X | Q57: X | R57: 퍼포먼스_지원
A58: HU_076 | B58: ▪ Requirement-based test | C58: ▪Requirements Analysis | D58: [Performance Recording] - Power Conditions | E58: Confirmed that performance options are not entered while KEY OFF. | F58: ▪ Built-in Cam Boot Complete ▪ BLTN_CAM_State = 0x0 (BLTN_CAM Valid) ▪ BLTN_CAM_SD_Card_State = 0x0 (Good) ▪ Associated Controller CAN/Ethernet Communication Enabled ▪ Power: KEY ON ▪ Voltage: 12V ▪ Setting: Continuous Recording While Driving ON | G58: 1 | H58: ▪ KEY OFF ▪ Enter N Mode and touch Performance Option | I58: ▪ Unable to access Performance Options | O58: X | P58: X | Q58: X | R58: 퍼포먼스_지원
A59: HU_077 | B59: ▪ Requirement-based test | C59: ▪Requirements Analysis | D59: [Performance Recording] - Power Conditions | E59: Remote Start Status → Enter Built-in Cam Screen | F59: ▪ Built-in Cam Boot Complete ▪ BLTN_CAM_State = 0x0 (BLTN_CAM Valid) ▪ BLTN_CAM_SD_Card_State = 0x0 (Good) ▪ Associated Controller CAN/Ethernet Communication Enabled ▪ Power: KEY ON ▪ Voltage: 12V ▪ Setting: Continuous Recording While Driving ON | G59: 1 | H59: ▪ ACC OFF, IGN ON ▪ Enter Built-in Cam Mode | I59: ▪ BLTN_CAM_HU_UI_Mode (In the actual vehicle, the HU boots but the screen is OFF) (0x0: HU UI mode) → invalid → (0x2 : Preparing BLTN_CAM Mode) → invalid → (0x1: BLTN_CAM mode) | O59: X | P59: X | Q59: X | R59: 퍼포먼스_지원
A60: HU_078 | B60: ▪ Requirement-based test | C60: ▪Requirements Analysis | D60: [Performance Recording] - Power Conditions | E60: Remote Start → ACC ON → Enter Built-in Cam Screen | F60: ▪ Built-in Cam Boot Complete ▪ BLTN_CAM_State = 0x0 (BLTN_CAM Valid) ▪ BLTN_CAM_SD_Card_State = 0x0 (Good) ▪ Associated Controller CAN/Ethernet Communication Enabled ▪ Power: KEY ON ▪ Voltage: 12V ▪ Setting: Continuous Recording While Driving ON | G60: 1 | H60: ▪ ACC OFF, IGN ON ▪ Wait 10 seconds, then ACC ON ▪ Enter Built-in Cam Mode | I60: ▪ Enter Built-in Cam Mode ▪ BLTN_CAM_HU_UI_Mode (0x0: HU UI mode) → invalid → (0x2 : Preparing BLTN_CAM Mode) → invalid → (0x1:BLTN_CAM mode) | O60: X | P60: X | Q60: X | R60: 퍼포먼스_지원
A61: HU_079 | B61: ▪ Requirement-based test | C61: ▪Requirements Analysis | D61: [Performance Recording] - Power Conditions | E61: Repeat KEY ON/OFF 20 times | F61: ▪ Built-in Cam Boot Complete ▪ BLTN_CAM_State = 0x0 (BLTN_CAM Valid) ▪ BLTN_CAM_SD_Card_State = 0x0 (Good) ▪ Associated Controller CAN/Ethernet Communication Enabled ▪ Power: KEY ON ▪ Voltage: 12V ▪ Setting: Continuous Recording While Driving ON | G61: 1 | H61: ▪ KEY ON ▪ Continuous recording while driving / Continuous recording while parked ON ▪ Enter HU Mode ▪ Enter N Mode ▪ Verify Continuous recording while driving ▪ Repeat KEY OFF/ON 20 times, final state: Key ON | I61: ▪ Enter Built-in Cam Mode ▪ BLTN_CAM_HU_UI_Mode (0x0: HU UI mode) → invalid → (0x2 : Preparing BLTN_CAM Mode) → invalid → (0x1:BLTN_CAM mode) | O61: X | P61: X | Q61: X | R61: 퍼포먼스_지원
A62: HU_004 | B62: ▪Requirement-based test ▪Test of interaction/ communication | C62: ▪Requirements Analysis ▪Interface Analysis | D62: [Built-in Cam Time Setting] (1) | E62: [HU_CLOCK_PE_02] Check RTC settings via message ▪ Verify if the current time is set (applied when the second value differs from the previous value) ▪ Verify if the time changes between 12-hour and 24-hour formats ※ In CAN specifications, if even one value is invalid, it is ignored. ※ In Ethernet specifications, refer only to the values ​​under the setting failure conditions below. ※ Signal preconditions by platform type HS-CAN : [HU_CLOCK_PE_02] B2-FD : [HU_CLOCK_01_1000ms] | F62: ▪ Built-in Cam Boot Complete ▪ BLTN_CAM_State = 0x0 (BLTN_CAM Valid) ▪ BLTN_CAM_SD_Card_State = 0x0 (Good) ▪ Associated Controller CAN/Ethernet Communication Enabled ▪ Power: KEY ON ▪ Voltage: 12V ▪ Setting: Continuous Recording While Driving ON | G62: 1 | H62: ▪ Driving Continuous Recording Setting ON, Recorded Video Time Information Display ON ▪ [HU_CLOCK_PE_02] - HU_TimeFormat = 0x2(24Hour) - HU_Status = 0x2(GPS receiving) - HU_TimeSetting = 0x1(User Time) - HU_DisplayHour = Set Current Time - HU_DisplayMinute = Set Current Time - HU_DisplaySecond = Set Current Time - HU_DisplayYear1 = Set Current Time - HU_DisplayMonth = Set Current Time - HU_DisplayYear2 = Set Current Time - HU_DisplayDay = Set Current Time - HU_ClockInfo = 0x1(ACLOCK Refresh) - HU_ComRefresh = 0x2(Internal Clock Exist) - HU_AM_PM_INFO = 0x0(Not Used) ▪ Enter Built-in Cam Mode ▪ Check the time on the clock at the top | I62: ▪ Check current time ▪ Match setting time: HH:MM ▪ 24-hour format display ▪ Check date: Month D (Day of the week) | M62: 과거차문제 PASTI-314 주차모드 진입 후 RTC 시간 비정상 설정 오류 | O62: X | P62: X | Q62: X | S62: O
G63: 2 | H63: ▪ Check export region time indication ※ Specifications verification required. | I63: ? | O63: X | P63: X | Q63: X | S63: O
G64: 3 | H64: ▪ Check the day of the week display on the clock at the top center. | I64: ▪ Exactly matches the position and shape of the top clock of the HU | O64: X | P64: X | Q64: X | S64: O
G65: 4 | H65: ▪ Check OSD time for continuous recording files while driving (Front/Rear) ▪ Check creation time for continuous recording files while driving | I65: ▪ OSD time matches continuous recording files while driving (Front/Rear) ▪ Creation time matches continuous recording files while driving | O65: X | P65: X | Q65: X | S65: O
A66: HU_080 | B66: ▪Requirement-based test ▪Test of interaction/ communication | C66: ▪Requirements Analysis ▪Interface Analysis | D66: [Built-in Cam Time Setting] (1) | E66: Check if it is set after 1, 2, and 5 years Verify retention after Power Reset | F66: ▪ Built-in Cam Boot Complete ▪ BLTN_CAM_State = 0x0 (BLTN_CAM Valid) ▪ BLTN_CAM_SD_Card_State = 0x0 (Good) ▪ Associated Controller CAN/Ethernet Communication Enabled ▪ Power: KEY ON ▪ Voltage: 12V ▪ Setting: Continuous Recording While Driving ON | G66: 1 | H66: ▪ [HU_CLOCK_PE_02] Setting up one year later | I66: ▪ Check if it is set to the time one year later | O66: X | P66: X | Q66: X | S66: O
G67: 2 | H67: ▪ KEY OFF → Enter Sleep mode ▪ KEY ON → Enter Built-in Cam mode, check generated continuous driving recording video | I67: ▪ Verify that setting values ​​are maintained | O67: X | P67: X | Q67: X | S67: O
G68: 3 | H68: ▪ [HU_CLOCK_PE_02] Setting up 2 years later | I68: ▪ Check if it is set to the time 2 years later | O68: X | P68: X | Q68: X | S68: O
G69: 4 | H69: ▪ KEY OFF → Enter Sleep mode ▪ KEY ON → Enter Built-in Cam mode, check generated continuous driving recording video | I69: ▪ Verify that setting values ​​are maintained | O69: X | P69: X | Q69: X | S69: O
G70: 5 | H70: ▪ [HU_CLOCK_PE_02] Setting up 5 years later | I70: ▪ Check if it is set to the time 5 years later | O70: X | P70: X | Q70: X | S70: O
G71: 6 | H71: ▪ KEY OFF → Enter Sleep mode ▪ KEY ON → Enter Built-in Cam mode, check generated continuous driving footage | I71: ▪ Verify that setting values ​​are maintained | O71: X | P71: X | Q71: X | S71: O
A72: HU_081 | B72: ▪Requirement-based test ▪Test of interaction/ communication | C72: ▪Requirements Analysis ▪Interface Analysis | D72: [Built-in Cam Time Setting] (1) | E72: Verify RTC time retention | F72: ▪ Built-in Cam Boot Complete ▪ BLTN_CAM_State = 0x0 (BLTN_CAM Valid) ▪ BLTN_CAM_SD_Card_State = 0x0 (Good) ▪ Associated Controller CAN/Ethernet Communication Enabled ▪ Power: KEY ON ▪ Voltage: 12V ▪ Setting: Continuous Recording While Driving ON | G72: 1 | H72: ▪ Check for any time discrepancies after leaving it for 1 to 1 week. | I72: ▪ Maintain RTC setting value | O72: X | P72: X | Q72: X | S72: O
A73: HU_082 | B73: ▪Requirement-based test ▪Test of interaction/ communication | C73: ▪Requirements Analysis ▪Interface Analysis | D73: [Built-in Cam Time Setting] (1) | E73: Operation verification when changing the date during continuous recording while driving | F73: ▪ Built-in Cam Boot Complete ▪ BLTN_CAM_State = 0x0 (BLTN_CAM Valid) ▪ BLTN_CAM_SD_Card_State = 0x0 (Good) ▪ Associated Controller CAN/Ethernet Communication Enabled ▪ Power: KEY ON ▪ Voltage: 12V ▪ Setting: Continuous Recording While Driving ON | G73: 1 | H73: ▪ Continuous recording in operation while driving in HU mode ▪ [HU_CLOCK_PE_02] Setting for 1 year later ▪ Check whether the continuous recording file was created and the creation time after 2 minutes | I73: ▪ [HU_CLOCK_PE_02] Verify that the file currently being recorded is created according to the previous timeline during setup. ▪ Verify that the next recorded file is created according to the set timeline one year from now. ▪ There should be no video glitches, green screens, black screens, or noise. | O73: X | P73: X | Q73: X | S73: O
A74: HU_005 | B74: ▪Requirement-based test ▪Test of interaction/ communication | C74: ▪Requirements Analysis ▪Interface Analysis | D74: [Built-in Cam Time Setting] (2): Cannot be set when receiving Inavlid value | E74: RTC setting impossible condition: HU_TimeFormat = Invalid | F74: ▪ Built-in Cam Boot Complete ▪ BLTN_CAM_State = 0x0 (BLTN_CAM Valid) ▪ BLTN_CAM_SD_Card_State = 0x0 (Good) ▪ Associated Controller CAN/Ethernet Communication Enabled ▪ Power: KEY ON ▪ Voltage: 12V ▪ Setting: Continuous Recording While Driving ON | G74: 1 | H74: ▪ [HU_CLOCK_PE_02] - HU_TimeSetting = 0x3(Invalid), Check if applied after setting valid values ​​for the remaining Signals ※ The HU_DisplaySecond value must be entered differently from the previous value for the time to be applied. | I74: ▪ Time can be set when the corresponding signal is invalid | O74: X | P74: X | Q74: X | S74: O
E75: RTC setting impossible condition: HU_DisplayHour = Invalid | G75: 2 | H75: ▪ [HU_CLOCK_PE_02] - HU_DisplayHour = 0xFF(Invalid) Check if applied after setting valid values ​​for the remaining signals ▪ Check if applied after entering valid values ​​into the corresponding signals | I75: ▪ Time cannot be set when the corresponding signal is invalid. ▪ Time is set when a valid value is entered. | O75: X | P75: X | Q75: X | S75: O
E76: RTC setting impossible condition: HU_Status = Invalid | G76: 3 | H76: ▪ [HU_CLOCK_PE_02] - HU_Status = 0xF(Invalid) Check if applied after setting valid values ​​for the remaining signals ▪ Check if applied after entering valid values ​​into the corresponding signals | I76: ▪ Time can be set when the corresponding signal is invalid | O76: X | P76: X | Q76: X | S76: O
E77: RTC setting impossible condition: HU_DisplayMinute = Invalid | G77: 4 | H77: ▪ [HU_CLOCK_PE_02] - HU_DisplayMinute = 0xFF(Invalid) Check if applied after setting valid values ​​for the remaining signals ▪ Check if applied after entering valid values ​​into the corresponding signals | I77: ▪ Time cannot be set when the corresponding signal is invalid. ▪ Time is set when a valid value is entered. | O77: X | P77: X | Q77: X | S77: O
E78: Condition for inability to set RTC: HU_DisplaySecond = Invalid | G78: 5 | H78: ▪ [HU_CLOCK_PE_02] - HU_DisplaySecond = 0xFF(Invalid) Check if applied after setting valid values ​​for the remaining signals ▪ Check if applied after entering valid values ​​into the corresponding signals | I78: ▪ Time cannot be set when the corresponding signal is invalid. ▪ Time is set when a valid value is entered. | O78: X | P78: X | Q78: X | S78: O
E79: RTC setting impossible condition: HU_DisplayYear1 = Invalid | G79: 6 | H79: ▪ [HU_CLOCK_PE_02] - HU_DisplayYear1 = 0x3(Invalid) Check if applied after setting valid values ​​for the remaining signals ▪ Check if applied after entering valid values ​​into the corresponding signals | I79: ▪ Time cannot be set when the corresponding signal is invalid. ▪ Time is set when a valid value is entered. | O79: X | P79: X | Q79: X | S79: O
E80: RTC setting impossible condition: HU_DisplayMonth = Invalid | G80: 7 | H80: ▪ [HU_CLOCK_PE_02] - HU_DisplayMonth = 0xF(Invalid) Check if applied after setting valid values ​​for the remaining Signals ▪ Check if applied after entering valid values ​​into the corresponding signals | I80: ▪ Time cannot be set when the corresponding signal is invalid. ▪ Time is set when a valid value is entered. | O80: X | P80: X | Q80: X | S80: O
E81: RTC setting impossible condition: HU_DisplayYear2 = Invalid | G81: 8 | H81: ▪ [HU_CLOCK_PE_02] - HU_DisplayYear2 = 0xFF(Invalid) Check if applied after setting valid values ​​for the remaining signals ▪ Check if applied after entering valid values ​​into the corresponding signals | I81: ▪ Time cannot be set when the corresponding signal is invalid. ▪ Time is set when a valid value is entered. | O81: X | P81: X | Q81: X | S81: O
E82: Condition for inability to set RTC: HU_DisplayDay = Invalid | G82: 9 | H82: ▪ [HU_CLOCK_PE_02] - HU_DisplayDay = 0xFF(Invalid) Check if applied after setting valid values ​​for the remaining signals ▪ Check if applied after entering valid values ​​into the corresponding signals | I82: ▪ Time cannot be set when the corresponding signal is invalid. ▪ Time is set when a valid value is entered. | O82: X | P82: X | Q82: X | S82: O
A83: HU_006 | B83: ▪Requirement-based test ▪Test of interaction/ communication | C83: ▪Requirements Analysis ▪Interface Analysis | D83: [Camera Angle Setting] Front Camera Real-time View (1) | E83: Vertical Angle: Check Initial Value | F83: ▪ Built-in Cam Boot Complete ▪ BLTN_CAM_State = 0x0 (BLTN_CAM Valid) ▪ BLTN_CAM_SD_Card_State = 0x0 (Good) ▪ Associated Controller CAN/Ethernet Communication Enabled ▪ Power: KEY ON ▪ Voltage: 12V ▪ Setting: Continuous Recording While Driving ON | G83: 1 | H83: ▪ Enter Built-in Cam Mode ▪ Built-in Cam Settings ▪ Display Settings ▪ Check Vertical Angle Default Value | I83: ▪ BLTN_CAM_Set_FR_Ver_Pos = 0x00: Mid | J83: Pass | M83: 과거차문제 PASTI-353 AR 내비 블랙 화면 표출 | O83: X | P83: 00_1CHK_089 | Q83: 03_HU_013 | S83: O
G84: 2 | H84: ▪ Check application status on real-time screen | I84: ▪ Applied to the screen in real-time (no issues such as image glitches, blackouts, etc.) | O84: X | P84: X | Q84: X | S84: O
A85: HU_083 | B85: ▪Requirement-based test ▪Test of interaction/ communication | C85: ▪Requirements Analysis ▪Interface Analysis | D85: [Camera Angle Setting] Front Camera Real-time View (1) | E85: Vertical Angle: Check Initial Value (Connect Specification) | F85: ▪ Built-in Cam Boot Complete ▪ BLTN_CAM_State = 0x0 (BLTN_CAM Valid) ▪ BLTN_CAM_SD_Card_State = 0x0 (Good) ▪ Associated Controller CAN/Ethernet Communication Enabled ▪ Power: KEY ON ▪ Voltage: 12V ▪ Setting: Continuous Recording While Driving ON | G85: 1 | H85: ▪ CS/CW Connect specification angle adjustment not reflected ▪ Check initial vertical angle value | I85: ▪ BLTN_CAM_Set_FR_Ver_Pos = Invalid | J85: Pass | O85: X | P85: 00_1CHK_257 | Q85: 03_HU_072 | S85: O
A86: HU_085 | B86: ▪Requirement-based test ▪Test of interaction/ communication | C86: ▪Requirements Analysis ▪Interface Analysis | D86: [Camera Angle Setting] Front Camera Real-time View (1) | E86: Vertical angle: Center(0) | F86: ▪ Built-in Cam Boot Complete ▪ BLTN_CAM_State = 0x0 (BLTN_CAM Valid) ▪ BLTN_CAM_SD_Card_State = 0x0 (Good) ▪ Associated Controller CAN/Ethernet Communication Enabled ▪ Power: KEY ON ▪ Voltage: 12V ▪ Setting: Continuous Recording While Driving ON | G86: 1 | H86: ▪ Enter Built-in Cam Mode ▪ Built-in Cam Settings ▪ Change Front Camera Vertical Angle in Display Settings - BLTN_CAM_FR_VerPos_NvalueSet = 0x00: Mid | I86: ▪ BLTN_CAM_Set_FR_Ver_Pos = 0x00: Mid | J86: Pass | O86: X | P86: 00_1CHK_089 | Q86: 03_HU_013 | S86: O
G87: 2 | H87: ▪ Check application status on real-time screen | I87: ▪ Applied to the screen in real-time (no issues such as image glitches, blackouts, etc.) | O87: X | P87: X | Q87: X | S87: O
A88: HU_086 | B88: ▪Requirement-based test ▪Test of interaction/ communication | C88: ▪Requirements Analysis ▪Interface Analysis | D88: [Camera Angle Setting] Front Camera Real-time View (1) | E88: Vertical Angle: Up(+5) | F88: ▪ Built-in Cam Boot Complete ▪ BLTN_CAM_State = 0x0 (BLTN_CAM Valid) ▪ BLTN_CAM_SD_Card_State = 0x0 (Good) ▪ Associated Controller CAN/Ethernet Communication Enabled ▪ Power: KEY ON ▪ Voltage: 12V ▪ Setting: Continuous Recording While Driving ON | G88: 1 | H88: ▪ Enter Built-in Cam Mode ▪ Built-in Cam Settings ▪ Change Front Camera Vertical Angle in Display Settings - BLTN_CAM_FR_VerPos_NvalueSet = 0x0A : Upper Level (10) | I88: ▪ BLTN_CAM_Set_FR_Ver_Pos = 0x0A : Upper Level (10) | J88: Pass | O88: O | P88: 00_1CHK_089 | Q88: 03_HU_013 | S88: O
G89: 2 | H89: ▪ Check real-time screen and AR navigation screen | I89: Applied to real-time screen (no issues such as image glitches or blackouts) ※ 6~10 are undefined values, don't care ▪ Will not be applied to AR navigation screens | O89: O | P89: X | Q89: X | S89: O
A90: HU_087 | B90: ▪Requirement-based test ▪Test of interaction/ communication | C90: ▪Requirements Analysis ▪Interface Analysis | D90: [Camera Angle Setting] Front Camera Real-time View (1) | E90: Vertical angle: Down(-5) | F90: ▪ Built-in Cam Boot Complete ▪ BLTN_CAM_State = 0x0 (BLTN_CAM Valid) ▪ BLTN_CAM_SD_Card_State = 0x0 (Good) ▪ Associated Controller CAN/Ethernet Communication Enabled ▪ Power: KEY ON ▪ Voltage: 12V ▪ Setting: Continuous Recording While Driving ON | G90: 1 | H90: ▪ Enter Built-in Cam Mode ▪ Built-in Cam Settings ▪ Change Front Camera Vertical Angle in Display Settings - BLTN_CAM_FR_VerPos_NvalueSet = 0x1A : Lower Level (-10) | I90: ▪ BLTN_CAM_Set_FR_Ver_Pos = 0x1A: Lower Level (-10) | J90: Pass | O90: O | P90: 00_1CHK_089 | Q90: 03_HU_013 | S90: O
G91: 2 | H91: ▪ Check real-time screen and AR navigation screen | I91: Applied to real-time screen (no issues such as image glitches or blackouts) ※ -6 to -10 are undefined values, so don't care ▪ Will not be applied to AR navigation screens | O91: O | P91: X | Q91: X | S91: O
A92: HU_088 | B92: ▪Requirement-based test ▪Test of interaction/ communication | C92: ▪Requirements Analysis ▪Interface Analysis | D92: [Camera Angle Setting] Front Camera Real-time View (1) | E92: Check for malfunctions with undefined values ​​(0x0B ~ 0x10: Reserved) | F92: ▪ Built-in Cam Boot Complete ▪ BLTN_CAM_State = 0x0 (BLTN_CAM Valid) ▪ BLTN_CAM_SD_Card_State = 0x0 (Good) ▪ Associated Controller CAN/Ethernet Communication Enabled ▪ Power: KEY ON ▪ Voltage: 12V ▪ Setting: Continuous Recording While Driving ON | G92: 1 | H92: ▪ BLTN_CAM_FR_VerPos_NvalueSet = 0x1B: Reserved | I92: ▪ Maintain previous value | J92: Pass | O92: X | P92: X | Q92: 03_HU_013 | S92: O
A93: HU_089 | B93: ▪Requirement-based test ▪Test of interaction/ communication | C93: ▪Requirements Analysis ▪Interface Analysis | D93: [Camera Angle Setting] Front Camera Real-time View (1) | E93: Check for malfunctions with undefined values ​​(0x1B ~ 0x1E: Reserved) | F93: ▪ Built-in Cam Boot Complete ▪ BLTN_CAM_State = 0x0 (BLTN_CAM Valid) ▪ BLTN_CAM_SD_Card_State = 0x0 (Good) ▪ Associated Controller CAN/Ethernet Communication Enabled ▪ Power: KEY ON ▪ Voltage: 12V ▪ Setting: Continuous Recording While Driving ON | G93: 1 | H93: ▪ BLTN_CAM_FR_VerPos_NvalueSet = 0x1B: Reserved | I93: ▪ Maintain previous value | J93: Pass | O93: X | P93: X | Q93: 03_HU_013 | S93: O
A94: HU_090 | B94: ▪Requirement-based test ▪Test of interaction/ communication | C94: ▪Requirements Analysis ▪Interface Analysis | D94: [Camera Angle Setting] Front Camera Real-time View (1) | E94: Check for undefined value malfunction (0x1F: invalid) | F94: ▪ Built-in Cam Boot Complete ▪ BLTN_CAM_State = 0x0 (BLTN_CAM Valid) ▪ BLTN_CAM_SD_Card_State = 0x0 (Good) ▪ Associated Controller CAN/Ethernet Communication Enabled ▪ Power: KEY ON ▪ Voltage: 12V ▪ Setting: Continuous Recording While Driving ON | G94: 1 | H94: ▪ BLTN_CAM_FR_VerPos_NvalueSet = 0x1F: invalid | I94: ▪ Maintain previous value | J94: Pass | O94: X | P94: X | Q94: 03_HU_013 | S94: O
A95: HU_091 | B95: ▪Requirement-based test ▪Test of interaction/ communication | C95: ▪Requirements Analysis ▪Interface Analysis | D95: [Camera Angle Setting] Front Camera Real-time View (1) | E95: CCNC Reset after angle adjustment | F95: ▪ Built-in Cam Boot Complete ▪ BLTN_CAM_State = 0x0 (BLTN_CAM Valid) ▪ BLTN_CAM_SD_Card_State = 0x0 (Good) ▪ Associated Controller CAN/Ethernet Communication Enabled ▪ Power: KEY ON ▪ Voltage: 12V ▪ Setting: Continuous Recording While Driving ON | G95: 1 | H95: ▪ Enter Built-in Cam Mode ▪ Built-in Cam Settings ▪ Change Front Camera Vertical Angle in Display Settings - BLTN_CAM_FR_VerPos_NvalueSet = 0x0A ▪ Reset Power for CCNC Only ▪ Enter Built-in Cam Mode ▪ Built-in Cam Settings ▪ Display Settings | I95: ▪ BLTN_CAM_Set_FR_Ver_Pos = 0x0A ▪ The visible field of view on the screen will be at position 0x0A | O95: X | P95: X | Q95: X | S95: O
A96: HU_092 | B96: ▪Requirement-based test ▪Test of interaction/ communication | C96: ▪Requirements Analysis ▪Interface Analysis | D96: [Camera Angle Setting] Front Camera Real-time View (1) | E96: Adjusting the field of view when the camera is unattached | F96: ▪ Built-in Cam Boot Complete ▪ BLTN_CAM_State = 0x0 (BLTN_CAM Valid) ▪ BLTN_CAM_SD_Card_State = 0x0 (Good) ▪ Associated Controller CAN/Ethernet Communication Enabled ▪ Power: KEY ON ▪ Voltage: 12V ▪ Setting: Continuous Recording While Driving ON | G96: 1 | H96: ▪ Remove Rear Camera ▪ Reset Built-in Cam B+ ▪ Enter Built-in Cam Mode ▪ Built-in Cam Settings ▪ Change Front Camera Vertical Angle in Display Settings - BLTN_CAM_FR_VerPos_NvalueSet = 0x0A : Upper Level (10) ▪ Check Real-time Screen and AR Navigation Screen | I96: ▪ Applied to real-time screens - No video glitches, green screens, black screens, or noise ▪ Not applied to AR navigation screens | O96: X | P96: X | Q96: X | S96: O
A97: HU_093 | B97: ▪Requirement-based test ▪Test of interaction/ communication | C97: ▪Requirements Analysis ▪Interface Analysis | D97: [Camera Angle Setting] Front Camera Real-time View (1) | E97: Check real-time video after detaching the camera | F97: ▪ Built-in Cam Boot Complete ▪ BLTN_CAM_State = 0x0 (BLTN_CAM Valid) ▪ BLTN_CAM_SD_Card_State = 0x0 (Good) ▪ Associated Controller CAN/Ethernet Communication Enabled ▪ Power: KEY ON ▪ Voltage: 12V ▪ Setting: Continuous Recording While Driving ON | G97: 1 | H97: ▪ Enter Built-in Cam Mode ▪ Built-in Cam Settings ▪ Change Front Camera Vertical Angle in Display Settings - BLTN_CAM_FR_VerPos_NvalueSet = 0x0A : Upper Level (10) ▪ Detach/Attach Front Camera While Real-time Video is Output ▪ Check Real-time Screen for 1 Minute or More | I97: ▪ Applied to real-time screen | O97: X | P97: X | Q97: X | S97: O
A98: HU_094 | B98: ▪Requirement-based test ▪Test of interaction/ communication | C98: ▪Requirements Analysis ▪Interface Analysis | D98: [Camera Angle Setting] Front Camera Real-time View (1) | E98: Check AR navigation after detaching the camera | F98: ▪ Built-in Cam Boot Complete ▪ BLTN_CAM_State = 0x0 (BLTN_CAM Valid) ▪ BLTN_CAM_SD_Card_State = 0x0 (Good) ▪ Associated Controller CAN/Ethernet Communication Enabled ▪ Power: KEY ON ▪ Voltage: 12V ▪ Setting: Continuous Recording While Driving ON | G98: 1 | H98: ▪ Enter Built-in Cam Mode ▪ Built-in Cam Settings ▪ Change Front Camera Vertical Angle in Display Settings - BLTN_CAM_FR_VerPos_NvalueSet = 0x0A : Upper Level (10) ▪ Transition from BLTN CAM Mode to HU mode ▪ Detach/Attach Front Camera while AR Navigation is displayed ▪ Verify AR Navigation display for at least 1 minute | I98: ▪ Field of view adjustment will not be applied to the AR navigation screen ▪ The camera will be restored after detaching the front camera ▪ There will be no video glitches, green screens, black screens, or noise | O98: X | P98: X | Q98: X | S98: O
A99: HU_095 | B99: ▪Requirement-based test ▪Test of interaction/ communication | C99: ▪Requirements Analysis ▪Interface Analysis | D99: [Camera Angle Setting] Front Camera Real-time View (1) | E99: Factory Mode → Customer Mode Real-time Video Verification (BICIM2-2301) | F99: ▪ Built-in Cam Boot Complete ▪ BLTN_CAM_State = 0x0 (BLTN_CAM Valid) ▪ BLTN_CAM_SD_Card_State = 0x0 (Good) ▪ Associated Controller CAN/Ethernet Communication Enabled ▪ Power: KEY ON ▪ Voltage: 12V ▪ Setting: Continuous Recording While Driving ON | G99: 1 | H99: ▪ Enter Built-in Cam Mode ▪ Built-in Cam Settings ▪ Display Settings ▪ ICU_PowerAutoCutModSta = 0x00 : Factory Mode ▪ Change Front Camera Vertical Angle - BLTN_CAM_FR_VerPos_NvalueSet = 0x1A : Lower Level (-10) ▪ Real-time Screen ▪ ICU_PowerAutoCutModSta = 0x02 : Customer Mode | I99: ▪ Applied to the center of the screen angle in real-time - BLTN_CAM_Set_FR_Ver_Pos = 0x00: Mid | O99: X | P99: X | Q99: X | S99: O
A100: HU_096 | B100: ▪Requirement-based test ▪Test of interaction/ communication | C100: ▪Requirements Analysis ▪Interface Analysis | D100: [Camera Angle Setting] Front Camera Real-time View (1) | E100: Driver assistance settings after angle adjustment | F100: ▪ Built-in Cam Boot Complete ▪ BLTN_CAM_State = 0x0 (BLTN_CAM Valid) ▪ BLTN_CAM_SD_Card_State = 0x0 (Good) ▪ Associated Controller CAN/Ethernet Communication Enabled ▪ Power: KEY ON ▪ Voltage: 12V ▪ Setting: Continuous Recording While Driving ON | G100: 1 | H100: ▪ Enter Built-in Cam Mode ▪ Built-in Cam Settings ▪ Display Settings ▪ Change Front Camera Vertical Angle - BLTN_CAM_FR_VerPos_NvalueSet = 0x1A : Lower Level (-10) ▪ Enter AR Navigation | I100: ▪ AR navigation screen output | O100: X | P100: X | Q100: X | S100: O
...

Sheet 보조배터리 연동기능
A1: {="BAT_"&TEXT(MAX(IFERROR(--MID($A$2:$A$5031,5,3),0)),"000")} -> BAT_257 | D1: English Translation | E1: English Translation | F1: English Translation | H1: English Translation | I1: English Translation
A2: ID | B2: Test method | C2: TC design method | D2: Verification items | E2: detail | F2: Precondition | G2: Step | H2: Execution Procedure | I2: Expected value | J2: 결과 | K2: 측정값 | L2: 판정 | M2: 비고 | O2: 매뉴얼 기본 | P2: 자동화 기본 | Q2: 자동화 반영 | R2: 사양구분 | S2: 과거차 문제
A3: [BLTN_CAM-기능-010] 보조배터리 연동기능
A4: BAT_001 | B4: ▪Requirement-based test | C4: ▪ Requirements Analysis ▪ Eqivalence Class Partitioning | D4: [Power Bank Recognition]: GUI Check (2.0 Gen) | E4: Disconnect/Insert Auxiliary Battery Cable - Verify access to the Parking Recording settings menu when inserting the auxiliary battery - Check the instruction page when removing the auxiliary battery - Check by AVN/Built-in Cam mode | F4: ▪ Built-in Cam Boot Complete ▪ BLTN_CAM_State = 0x0 (BLTN_CAM Valid) ▪ BLTN_CAM_SD_Card_State = 0x0 (Good) ▪ Associated Controller CAN/Ethernet Communication Enabled ▪ Power: KEY ON ▪ Voltage: 12V | G4: 1 | H4: ▪ Connect auxiliary battery cable ▪ Check the settings for continuous recording while parked and the available recording time on the built-in cam main screen ▪ Check the Recording ON/OFF setting menu in Recording Settings ▪ Check the Continuous Parking Recording Time menu in Recording Time Settings ▪ Check the Parking Event Sensitivity menu in Event Detection Sensitivity Settings | I4: ▪ Activate Parking Recording Settings Menu | O4: O | P4: X | Q4: X | R4: 주차 중 상시 녹화 전원_보조배터리
G5: 2 | H5: ▪ Remove auxiliary battery ▪ Check the "Continuous Parking Recording" setting on the built-in cam main screen and verify the available recording time while parked. ▪ Check the Recording ON/OFF setting menu in the Recording Settings. ▪ Check the "Continuous Parking Recording Time" menu in the Recording Time Settings. ▪ Check the "Parking Event Sensitivity" menu in the Event Detection Sensitivity Settings. | I5: ▪ Disable Parking Recording Settings Menu ※ 2.5th Generation Vehicles Keep Parking Recording Settings Menu Enabled | O5: X | P5: X | Q5: X | R5: 주차 중 상시 녹화 전원_보조배터리
G6: 3 | H6: ▪ Enter Built-in Cam Mode ▪ Built-in Cam Settings - Enter Menu ▪ Connect Auxiliary Battery | I6: ▪ Activate Parking Recording Settings Menu | O6: X | P6: X | Q6: X | R6: 주차 중 상시 녹화 전원_보조배터리
G7: 4 | H7: ▪ Transition to HU Mode ▪ Disconnect auxiliary battery cable ▪ Enter Parking Recording menu after entering Built-in Cam Mode | I7: ▪ Activate Parking Recording Settings Menu | O7: X | P7: X | Q7: X | R7: 주차 중 상시 녹화 전원_보조배터리
A8: BAT_060 | B8: ▪Requirement-based test | C8: ▪ Requirements Analysis ▪ Eqivalence Class Partitioning | D8: [Power Bank Recognition]: Check GUI | E8: Setting continuous recording time while parked | F8: ▪ Built-in Cam Boot Complete ▪ BLTN_CAM_State = 0x0 (BLTN_CAM Valid) ▪ BLTN_CAM_SD_Card_State = 0x0 (Good) ▪ Associated Controller CAN/Ethernet Communication Enabled ▪ Power: KEY ON ▪ Voltage: 12V | G8: 1 | H8: ▪ Built-in Cam Mode - Settings Menu - Record While Parked ▪ Quickly change settings from 2 to 20 hours | I8: ▪ No operational issues when changing settings quickly | O8: O | P8: X | Q8: X | R8: 주차 중 상시 녹화 전원_보조배터리
A9: BAT_061 | B9: ▪Requirement-based test | C9: ▪ Requirements Analysis ▪ Eqivalence Class Partitioning | D9: [Power Bank Recognition]: GUI Check (2.5 Gen) | E9: Disconnect/Insert Auxiliary Battery Cable - Verify access to the Parking Recording settings menu when inserting the auxiliary battery - Check the instruction page when removing the auxiliary battery - Check by AVN/Built-in Cam mode | F9: ▪ Built-in Cam Boot Complete ▪ BLTN_CAM_State = 0x0 (BLTN_CAM Valid) ▪ BLTN_CAM_SD_Card_State = 0x0 (Good) ▪ Associated Controller CAN/Ethernet Communication Enabled ▪ Power: KEY ON ▪ Voltage: 12V | G9: 1 | H9: ▪ Connect auxiliary battery cable ▪ Check the settings for continuous recording while parked and the available recording time on the built-in cam main screen ▪ Check the Recording ON/OFF setting menu in Recording Settings ▪ Check the Continuous Parking Recording Time menu in Recording Time Settings ▪ Check the Parking Event Sensitivity menu in Event Detection Sensitivity Settings | I9: ▪ Activate Parking Recording Settings Menu | O9: O | P9: X | Q9: X | R9: 주차 중 상시 녹화 전원_보조배터리
G10: 2 | H10: ▪ Remove auxiliary battery ▪ Check the "Continuous Parking Recording" setting on the built-in cam main screen and verify the available recording time while parked. ▪ Check the Recording ON/OFF setting menu in the Recording Settings. ▪ Check the "Continuous Parking Recording Time" menu in the Recording Time Settings. ▪ Check the "Parking Event Sensitivity" menu in the Event Detection Sensitivity Settings. | I10: ▪Keep the parking recording settings menu enabled | O10: X | P10: X | Q10: X | R10: 주차 중 상시 녹화 전원_보조배터리
G11: 3 | H11: ▪ Enter Built-in Cam Mode ▪ Built-in Cam Settings - Enter Menu ▪ Connect Auxiliary Battery | I11: ▪Keep the parking recording settings menu enabled | O11: X | P11: X | Q11: X | R11: 주차 중 상시 녹화 전원_보조배터리
G12: 4 | H12: ▪ Transition to HU Mode ▪ Disconnect auxiliary battery cable ▪ Enter Parking Recording menu after entering Built-in Cam Mode | I12: ▪Keep the parking recording settings menu enabled | O12: X | P12: X | Q12: X | R12: 주차 중 상시 녹화 전원_보조배터리
O13: O | P13: X | Q13: X | R13: 주차 중 상시 녹화 전원_보조배터리
A14: BAT_002 | B14: ▪Requirement-based test | C14: ▪Requirements Analysis | D14: [Power Bank Recognition] : Check Signal | E14: Remove/Insert auxiliary battery cable (P-LBM specification or eAGM specification) - Check signal | F14: ▪ Built-in Cam Boot Complete ▪ BLTN_CAM_State = 0x0 (BLTN_CAM Valid) ▪ BLTN_CAM_SD_Card_State = 0x0 (Good) ▪ Associated Controller CAN/Ethernet Communication Enabled ▪ Power: KEY ON ▪ Voltage: 12V | G14: 1 | H14: ▪ Install Auxiliary Battery ▪ Check BLTN_CAM_AuxBat_Conn_State Signal | I14: ▪ BLTN_CAM_AuxBat_Conn_State = 0x1: Park Mode Operation Available (Aux. Bat. is connected(P-LBM or B-LBM) or Low Voltage battery Use.) | O14: O | P14: X | Q14: 04_BAT_001 | R14: 주차 중 상시 녹화 전원_보조배터리
G15: 2 | H15: ▪ Remove auxiliary battery ▪ Check BLTN_CAM_AuxBat_Conn_State signal | I15: ▪ BLTN_CAM_AuxBat_Conn_State = 0x2:Auxiliary Battery is not connected. - Auxiliary Battery applicable on this vehicle model | O15: X | P15: X | Q15: 04_BAT_002, 04_BAT_214 | R15: 주차 중 상시 녹화 전원_eAGM
A16: BAT_062 | B16: ▪Requirement-based test | C16: ▪Requirements Analysis | D16: [Power Bank Recognition] : Check Signal | E16: Remove/Insert Auxiliary Battery Cable (P-LBM + eAGM Specification) - Check Signal | F16: ▪ Built-in Cam Boot Complete ▪ BLTN_CAM_State = 0x0 (BLTN_CAM Valid) ▪ BLTN_CAM_SD_Card_State = 0x0 (Good) ▪ Associated Controller CAN/Ethernet Communication Enabled ▪ Power: KEY ON ▪ Voltage: 12V | G16: 1 | H16: ▪ Install Auxiliary Battery ▪ Check BLTN_CAM_AuxBat_Conn_State Signal | I16: ▪ BLTN_CAM_AuxBat_Conn_State = 0x1: Park Mode Operation Available (Aux. Bat. is connected(P-LBM or B-LBM) or Low Voltage battery Use.) | O16: O | P16: X | Q16: 04_BAT_001 | R16: 주차 중 상시 녹화 전원_eAGM_PLBM
G17: 2 | H17: ▪ Remove auxiliary battery ▪ Check BLTN_CAM_AuxBat_Conn_State signal | I17: ▪ BLTN_CAM_AuxBat_Conn_State = 0x1: Park Mode Operation Available (Aux. Bat. is connected(P-LBM or B-LBM) or Low Voltage battery Use.) | O17: X | P17: X | Q17: 04_BAT_002, 04_BAT_214 | R17: 주차 중 상시 녹화 전원_eAGM_PLBM
A18: BAT_063 | B18: ▪Requirement-based test | C18: ▪Requirements Analysis | D18: [Power Bank Recognition] : Check Signal | E18: Remove/Insert auxiliary battery cable (Auxiliary battery not supported specifications) - Check signal | F18: ▪ Built-in Cam Boot Complete ▪ BLTN_CAM_State = 0x0 (BLTN_CAM Valid) ▪ BLTN_CAM_SD_Card_State = 0x0 (Good) ▪ Associated Controller CAN/Ethernet Communication Enabled ▪ Power: KEY ON ▪ Voltage: 12V | G18: 1 | H18: ▪ Vehicle models not supporting continuous recording while parked ▪ Auxiliary battery not installed ▪ Check BLTN_CAM_AuxBat_Conn_State signal | I18: ▪ BLTN_CAM_AuxBat_Conn_State = 0x3:Auxiliary Battery is not connected. – Auxiliary Battery not applicable on this vehicle model | O18: O | P18: X | Q18: 04_BAT_003 | R18: 주차 중 상시 녹화_미지원
A19: BAT_003 | B19: ▪Requirement-based test | C19: ▪Requirements Analysis | D19: [Auxiliary Battery Power Switching Conditions] | E19: Driving (ACC) | F19: ▪ Built-in Cam Boot Complete ▪ BLTN_CAM_State = 0x0 (BLTN_CAM Valid) ▪ BLTN_CAM_SD_Card_State = 0x0 (Good) ▪ Associated Controller CAN/Ethernet Communication Enabled ▪ Power: ACC ON ▪ Voltage: 12V | G19: 1 | H19: ▪ Check power supplied to the built-in cam (measure current) : B+(pin. 1), Sub Bat Power(pin. 11) ▪ IGN ON | I19: ▪ Power supplied to the built-in cam : Vehicle power, B+(pin. 1) | O19: X | P19: X | Q19: X | R19: 주차 중 상시 녹화 전원_보조배터리
A20: BAT_064 | B20: ▪Requirement-based test | C20: ▪Requirements Analysis | D20: [Auxiliary Battery Power Switching Conditions] | E20: Driving (IGN) | F20: ▪ Built-in Cam Boot Complete ▪ BLTN_CAM_State = 0x0 (BLTN_CAM Valid) ▪ BLTN_CAM_SD_Card_State = 0x0 (Good) ▪ Associated Controller CAN/Ethernet Communication Enabled ▪ Power: KEY ON ▪ Voltage: 12V | G20: 1 | H20: ▪ Check power supplied to the built-in cam (measure current) : B+(pin. 1), Sub Bat Power(pin. 11) | I20: ▪ Power supplied to the built-in cam : Vehicle power, B+(pin. 1) | O20: X | P20: X | Q20: X | R20: 주차 중 상시 녹화 전원_보조배터리
